ts,open,high,low,close,volume
1515628800000,13356.7,14284.0,12910.1,13288.5,5239.87067453
1515715200000,13288.1,14062.9,12767.9,13739.5,9267.21640021
1515801600000,13739.5,14800.0,13727.0,14187.2,10772.50440038
1515888000000,14187.2,14347.9,12504.0,13446.2,12718.20352082
1515974400000,13446.2,14198.3,13218.5,13546.8,10077.81056708
1516060800000,13546.8,13577.2,10000.0,10973.5,20165.76151035
1516147200000,10973.5,11460.1,9150.0,11000.2,20312.02916011
1516233600000,11000.4,11808.9,10500.5,11047.2,15779.0197566
1516320000000,11036.5,11800.0,10561.0,11440.3,9094.53563831
1516406400000,11440.3,12990.0,11440.3,12727.8,7278.89626505
1516492800000,12727.8,12735.6,11058.6,11528.4,10241.89319037
1516579200000,11528.4,11855.9,10030.0,10798.4,11319.63295436
1516665600000,10803.6,11356.5,9970.0,10813.9,13878.3932544
1516752000000,10813.9,11490.1,10483.8,11361.4,7987.09800889
1516838400000,11361.4,11720.3,10970.0,11204.2,9044.94912137
1516924800000,11204.2,11668.6,10333.0,11130.0,10931.16625972
1517011200000,11130.0,11626.5,10882.0,11462.0,7931.66726709
1517097600000,11462.0,13891.0,10600.0,11839.4,7218.68052367
1517184000000,11839.4,11944.0,11111.0,11265.0,6043.13654646
1517270400000,11265.0,11287.7,9900.0,10211.9,11139.67513768
1517356800000,10211.9,10402.8,9712.0,10289.9,10116.78278526
1517443200000,10289.8,10300.0,8863.0,9224.9,15862.14619726
1517529600000,9222.3,9247.3,8050.0,8881.7,22365.96423478
1517616000000,8881.7,9473.1,8260.0,9234.1,12128.46454956
1517702400000,9234.1,9367.1,7938.1,8188.0,11301.13813981
1517788800000,8188.0,8367.3,6680.0,6959.4,29016.89189936
1517875200000,6959.4,7858.8,6032.3,7677.6,46839.15164576
1517961600000,7677.6,8499.9,7182.3,7596.4,16909.15774499
1518048000000,7568.7,8700.8,7400.0,8271.0,4443.99913791
1518134400000,8287.2,8750.0,7760.0,8694.9,6551.51198328
1518220800000,8685.2,9036.7,8153.1,8532.4,7792.1122651
1518307200000,8532.4,8535.0,7820.2,8060.0,9850.38686727
1518393600000,8063.0,8976.8,8063.0,8901.9,10781.75476645
1518480000000,8901.9,8920.0,8360.0,8532.2,8843.74756717
1518566400000,8544.9,9509.9,8520.0,9457.0,9648.98885633
1518652800000,9464.4,10200.0,9321.6,10025.8,9768.32831886
1518739200000,10019.5,10274.9,9663.3,10172.0,9003.85536642
1518825600000,10172.1,11091.3,10045.7,11060.0,9162.56332114
1518912000000,11062.5,11249.0,10112.0,10383.4,9888.0396609
1518998400000,10400.0,11235.9,10302.0,11153.7,9083.26690869
1519084800000,11167.1,11774.0,11111.0,11206.7,9775.42067358
1519171200000,11198.7,11270.0,10235.0,10450.0,9960.68371827
1519257600000,10440.0,10919.2,9710.6,9825.2,8967.88800618
1519344000000,9825.4,10400.0,9560.0,10157.4,9508.14765976
1519430400000,10140.1,10495.0,9350.0,9684.7,9268.80196065
1519516800000,9684.7,9839.7,9285.0,9585.9,9090.72710702
1519603200000,9585.9,10475.0,9320.1,10301.6,9831.4025503
1519689600000,10301.6,10874.3,10130.0,10584.7,10121.44782815
1519776000000,10578.1,11070.0,10288.0,10325.0,9869.01931815
1519862400000,10325.0,11072.0,10233.0,10925.6,9725.1616145
1519948800000,10913.7,11188.1,10778.9,11019.3,9573.99009005
1520035200000,11019.3,11520.0,11018.7,11450.0,9750.51599271
1520121600000,11450.0,11550.3,11067.5,11515.0,9400.37575453
1520208000000,11515.0,11684.6,11400.0,11452.0,9035.11690555
1520294400000,11452.0,11452.0,10580.0,10721.2,9467.86693306
1520380800000,10717.0,10899.3,9411.6,9903.3,10778.38177083
1520467200000,9905.0,10099.0,9090.0,9301.7,10837.2301208
1520553600000,9286.0,9400.0,8350.0,9221.6,12575.62113948
1520640000000,9221.6,9487.9,8700.0,8771.3,10237.34515496
1520726400000,8771.7,9709.4,8446.3,9525.0,9960.58018529
1520812800000,9525.0,9890.0,8763.8,9125.0,8443.5669533
1520899200000,9122.5,9489.0,8850.0,9134.9,7553.60152642
1520985600000,9137.9,9344.0,7929.7,8188.2,7152.98060917
1521072000000,8177.0,8421.8,7670.0,8248.9,8829.89937453
1521158400000,8247.9,8600.0,7906.5,8255.3,7078.10634707
1521244800000,8255.5,8345.6,7732.2,7860.0,6531.59842998
1521331200000,7842.8,8288.0,7319.0,8170.0,8957.20919635
1521417600000,8167.0,8683.0,8070.0,8615.2,9557.50656789
1521504000000,8615.2,9024.6,8300.6,8893.0,7681.1506029
1521590400000,8895.9,9178.9,8760.0,8890.4,6905.92770307
1521676800000,8898.7,9100.0,8483.6,8713.9,7305.84685973
1521763200000,8713.9,8919.9,8300.0,8908.0,7043.93636268
1521849600000,8905.0,8998.9,8500.7,8535.0,4819.94199067
1521936000000,8535.1,8664.0,8364.9,8450.8,4152.14647351
1522022400000,8453.0,8495.6,7850.1,8137.4,6615.21171365
1522108800000,8140.1,8208.5,7738.0,7797.9,7595.07499888
1522195200000,7789.9,8095.0,7740.0,7941.9,6082.32017215
1522281600000,7928.2,7975.8,6978.0,7238.3,10809.92239174
1522368000000,7251.5,7400.0,6570.3,6844.9,12147.6214881
1522454400000,6844.9,7208.0,6790.0,6931.4,8112.16155853
1522540800000,6921.5,7043.9,6432.8,6813.4,8373.15372856
1522627200000,6811.1,7117.1,6774.4,7053.5,7177.20361629
1522713600000,7059.8,7504.5,7015.0,7409.4,7240.370991
1522800000000,7405.0,7419.0,6706.0,6797.4,7610.56372397
1522886400000,6795.7,6899.8,6571.5,6770.2,7443.41970229
1522972800000,6766.8,6853.8,6501.0,6609.3,6777.55142388
1523059200000,6600.2,7170.9,6595.0,6889.1,6902.67289105
1523145600000,6894.9,7110.0,6887.7,7024.4,5500.75709056
1523232000000,7010.0,7180.0,6620.0,6772.9,7413.82745572
1523318400000,6773.6,6879.9,6656.3,6833.0,4785.3041946
1523404800000,6828.4,6980.0,6791.1,6956.7,5055.81191829
1523491200000,6946.0,8000.0,6765.0,7920.0,12987.74165121
1523577600000,7920.0,8221.9,7736.3,7874.2,9171.10002712
1523664000000,7886.8,8180.0,7826.0,7999.9,5962.75189558
1523750400000,7987.1,8400.0,7987.1,8350.0,5224.02183209
1523836800000,8357.3,8400.0,7888.6,8054.0,6020.55205829
1523923200000,8054.0,8166.1,7826.0,7889.8,5244.11452855
1524009600000,7886.0,8224.9,7870.1,8170.5,5839.89181872
1524096000000,8174.0,8294.9,8103.6,8287.7,5593.78467756
1524182400000,8287.7,8920.0,8200.0,8858.6,7249.85167227
1524268800000,8858.2,9034.9,8601.0,8907.4,6198.25813348
1524355200000,8903.5,9019.9,8743.3,8797.2,5689.76338426
1524441600000,8790.0,8995.1,8763.0,8946.0,5890.05287738
1524528000000,8946.0,9745.0,8917.4,9623.0,7931.26338707
1524614400000,9637.7,9758.3,8771.9,8867.5,10884.52767636
1524700800000,8858.5,9317.9,8652.9,9276.1,8732.27641593
1524787200000,9267.3,9386.8,8905.0,8935.3,7481.23971571
1524873600000,8934.8,9433.7,8866.2,9352.6,7400.86938824
1524960000000,9342.0,9566.0,9157.3,9418.7,8362.29683667
1525046400000,9418.7,9502.6,9111.0,9253.3,6698.45564121
1525132800000,9237.6,9237.7,8827.4,9070.3,5923.45503529
1525219200000,9070.4,9277.0,8980.0,9236.3,7550.84508221
1525305600000,9248.0,9836.5,9149.7,9758.8,12562.88252208
1525392000000,9759.0,9822.0,9530.1,9714.7,11598.10420367
1525478400000,9699.1,9997.0,9684.2,9878.9,12251.37773891
1525564800000,9888.3,9988.8,9445.0,9664.2,12406.42022554
1525651200000,9667.2,9690.0,9200.0,9365.9,11557.08387044
1525737600000,9365.9,9469.9,9066.6,9180.0,10606.0981576
1525824000000,9183.4,9385.0,8975.6,9320.8,10593.67069387
1525910400000,9320.8,9396.5,9001.0,9033.1,11712.28451929
1525996800000,9010.0,9032.4,8333.4,8414.2,15682.36647765
1526083200000,8414.2,8631.0,8123.9,8468.3,14510.71518396
1526169600000,8475.7,8749.9,8260.0,8676.2,11719.42535422
1526256000000,8665.2,8877.1,8280.0,8665.9,13025.74964785
1526342400000,8652.1,8850.0,8412.0,8460.6,14069.77203359
1526428800000,8467.4,8484.8,8075.0,8339.9,12238.68420064
1526515200000,8339.9,8466.0,8000.0,8048.4,10444.65658326
1526601600000,8049.3,8275.9,7918.0,8231.7,11615.2274098
1526688000000,8231.8,8388.2,8134.2,8236.7,9742.22196998
1526774400000,8236.6,8604.7,8170.0,8530.0,8812.58288778
1526860800000,8528.1,8583.0,8305.0,8376.9,8620.6791336
1526947200000,8376.9,8399.0,6002.0,7978.8,9758.20600577
1527033600000,7970.9,8035.7,7432.0,7491.2,12103.98227655
1527120000000,7501.7,7720.0,7250.0,7572.1,12703.55073159
1527206400000,7575.7,7645.8,7312.5,7457.0,9724.55597018
1527292800000,7464.8,7654.9,7303.0,7339.9,7161.65928715
1527379200000,7339.8,7399.0,7140.0,7349.6,7776.00344034
1527465600000,7355.0,7441.4,7058.0,7106.8,9486.35177436
1527552000000,7106.7,7532.0,7006.7,7463.3,11589.79945106
1527638400000,7464.1,7561.9,7265.4,7378.7,8944.13259226
1527724800000,7378.9,7608.6,7328.9,7489.5,8801.52748814
1527811200000,7489.4,7618.2,7355.0,7518.5,8827.16220747
1527897600000,7517.6,7695.3,7450.0,7640.0,8382.21319924
1527984000000,7642.9,7774.0,7594.7,7717.7,7856.61962969
1528070400000,7714.1,7764.7,7441.1,7487.0,8471.47433873
1528156800000,7487.0,7672.8,7359.1,7621.5,8750.35134083
1528243200000,7623.7,7699.6,7478.2,7653.2,7879.32492129
1528329600000,7661.3,7755.0,7649.3,7687.5,8997.2801858
1528416000000,7691.4,7715.4,7541.0,7613.2,7884.7259482
1528502400000,7613.2,7688.8,7460.0,7496.0,7246.06198598
1528588800000,7494.7,7496.0,6626.2,6761.0,15868.08116783
1528675200000,6762.3,6908.8,6625.5,6870.4,12373.61308819
1528761600000,6872.9,6873.3,6450.0,6541.1,11846.56014653
1528848000000,6541.0,6615.0,6098.1,6297.1,13170.3205535
1528934400000,6294.1,6700.0,6265.0,6638.9,11029.10352989
1529020800000,6635.7,6656.3,6363.6,6388.2,10018.0546215
1529107200000,6388.2,6554.4,6331.8,6483.4,6762.53571066
1529193600000,6483.1,6588.3,6425.0,6445.0,6149.35889005
1529280000000,6442.8,6788.8,6382.3,6704.8,7261.09999382
1529366400000,6705.3,6834.9,6660.6,6738.1,8607.0117764
1529452800000,6739.3,6806.1,6558.0,6758.1,7975.67168583
1529539200000,6756.2,6797.1,6678.8,6718.6,6541.46607885
1529625600000,6718.9,6732.5,5926.0,6048.2,14346.55436575
1529712000000,6044.4,6256.6,5997.5,6151.0,8914.35030127
1529798400000,6152.4,6246.1,5750.8,6141.0,13584.31449775
1529884800000,6141.0,6334.5,6078.8,6247.5,9416.60447627
1529971200000,6247.2,6270.8,6014.2,6065.1,8433.01689125
1530057600000,6065.1,6181.9,5995.4,6137.1,8345.22951241
1530144000000,6137.1,6171.6,5829.3,5850.6,7941.33385889
1530230400000,5850.6,6300.0,5794.3,6199.4,9459.87641906
1530316800000,6195.9,6516.6,6188.8,6394.7,9334.71840455
1530403200000,6394.7,6441.6,6260.0,6360.2,6782.96009093
1530489600000,6355.2,6679.6,6272.4,6610.4,8869.88564623
1530576000000,6610.7,6679.9,6464.3,6514.8,8206.57043842
1530662400000,6514.6,6799.9,6418.0,6588.4,8619.82704588
1530748800000,6584.7,6698.6,6460.0,6538.6,9320.41911011
1530835200000,6537.7,6642.4,6442.3,6608.8,7679.1401998
1530921600000,6611.7,6829.9,6511.0,6757.8,7310.8671124
1531008000000,6757.8,6780.4,6678.6,6705.3,6163.41285257
1531094400000,6705.6,6801.0,6618.0,6655.6,6900.35300456
1531180800000,6660.9,6674.4,6268.4,6296.2,9518.27966564
1531267200000,6300.4,6403.5,6280.0,6377.7,9119.12825084
1531353600000,6376.0,6376.2,6075.4,6250.8,9486.46858684
1531440000000,6253.0,6338.5,6123.9,6218.2,7919.80668374
1531526400000,6219.4,6327.5,6180.9,6250.5,5153.2178667
1531612800000,6249.9,6396.9,6225.3,6349.6,6217.80556271
1531699200000,6350.4,6747.9,6331.8,6722.0,8349.44575471
1531785600000,6720.4,7460.0,6656.0,7313.0,10307.636079
1531872000000,7313.4,7584.7,7240.0,7378.6,11176.18572398
1531958400000,7379.2,7563.3,7273.8,7475.9,9149.75512012
1532044800000,7471.5,7696.3,7280.0,7339.9,10299.27211997
1532131200000,7339.9,7461.6,7217.1,7392.6,7689.63135214
1532217600000,7398.0,7576.7,7335.0,7395.7,7869.2547565
1532304000000,7398.8,7812.0,7371.4,7717.9,12960.53210239
1532390400000,7717.9,8486.0,7690.4,8395.0,14790.9826178
1532476800000,8405.9,8488.8,8060.6,8169.1,10232.53976548
1532563200000,8172.0,8310.3,7857.4,7928.7,9445.50458676
1532649600000,7927.6,8279.1,7800.0,8188.5,11007.75764307
1532736000000,8186.8,8243.7,7500.0,8228.7,7790.43033732
1532822400000,8228.6,8294.4,8120.0,8211.9,7726.62120807
1532908800000,8214.8,8275.4,7868.2,8173.9,12597.1022726
1532995200000,8174.2,8180.5,7641.1,7738.5,14151.94008963
1533081600000,7741.4,7752.0,7440.7,7600.0,12661.9467316
1533168000000,7602.1,7931.0,7459.0,7529.4,9300.76243615
1533254400000,7530.1,7530.2,7279.0,7416.7,12262.1959327
1533340800000,7416.7,7495.6,6935.7,7007.8,11858.45151616
1533427200000,7006.9,7085.0,6877.4,7018.2,9550.94423852
1533513600000,7021.8,7151.0,6845.0,6938.3,9712.62896133
1533600000000,6937.7,7147.2,6670.0,6721.6,16179.97657295
1533686400000,6721.1,6723.6,6120.0,6279.7,28914.08052241
1533772800000,6283.0,6623.0,6185.6,6524.5,30269.87195881
1533859200000,6523.3,6570.3,6015.3,6148.6,54133.04980968
1533945600000,6149.9,6474.7,5988.4,6226.9,37757.33451857
1534032000000,6227.5,6458.9,6147.4,6307.3,34838.60966638
1534118400000,6311.1,6526.0,6140.0,6253.3,24179.22188181
1534204800000,6250.0,6254.5,5880.0,6185.2,75676.63473073
1534291200000,6188.1,6600.0,6177.0,6266.0,22318.99626017
1534377600000,6267.3,6474.6,6214.9,6317.2,18221.66262038
1534464000000,6320.0,6583.3,6293.8,6580.0,17832.04333749
1534550400000,6580.9,6616.0,6300.0,6391.3,10955.89981588
1534636800000,6388.6,6549.2,6303.0,6473.1,8873.86002881
1534723200000,6473.1,6524.9,6228.0,6250.5,11341.88748492
1534809600000,6254.7,6500.0,6232.0,6477.3,9978.60738828
1534896000000,6480.0,6875.7,6254.5,6361.2,15017.6282288
1534982400000,6360.6,6569.0,6345.1,6521.6,9310.96572762
1535068800000,6521.7,6723.1,6452.0,6681.5,12104.98082792
1535155200000,6681.5,6785.0,6655.0,6732.4,8124.9950245
1535241600000,6732.5,6780.0,6568.8,6697.6,8082.80591406
1535328000000,6698.8,6936.3,6647.0,6906.3,9523.73841718
1535414400000,6905.6,7128.8,6865.1,7083.4,9690.25268947
1535500800000,7083.4,7132.3,6900.0,7034.8,9323.42889135
1535587200000,7031.2,7064.2,6800.0,6980.7,9249.22754661
1535673600000,6984.0,7087.3,6863.5,7012.9,7877.98711825
1535760000000,7016.2,7275.3,7008.8,7203.6,7380.33445991
1535846400000,7203.6,7345.6,7128.2,7301.6,9016.92814516
1535932800000,7300.7,7337.0,7195.5,7262.6,8361.39077119
1536019200000,7262.4,7414.8,7240.5,7360.3,8180.52797733
1536105600000,7360.3,7395.5,6688.0,6702.6,17150.65453128
1536192000000,6703.9,6725.0,6301.3,6512.7,22181.06628423
1536278400000,6512.1,6550.0,6320.0,6400.9,15214.85214197
1536364800000,6400.9,6478.9,6101.0,6183.2,9995.16978313
1536451200000,6185.0,6447.8,6147.0,6248.2,10435.0842604
1536537600000,6248.0,6368.8,6217.0,6312.1,8747.51838554
1536624000000,6312.1,6400.0,6167.8,6291.9,8826.08849279
1536710400000,6293.8,6363.4,6189.8,6333.9,8618.23084865
1536796800000,6332.9,6532.0,6332.6,6488.7,9396.28722101
1536883200000,6488.2,6584.6,6388.0,6478.0,8384.71238385
1536969600000,6479.8,6564.4,6466.3,6513.5,6074.45810068
1537056000000,6516.7,6521.9,6376.0,6500.8,6064.53475882
1537142400000,6500.8,6534.9,6205.0,6250.3,10519.59340975
1537228800000,6248.5,6392.7,6219.4,6336.3,9020.55053374
1537315200000,6336.3,6527.4,6119.8,6393.0,11723.2823209
1537401600000,6391.1,6535.2,6340.0,6492.0,8530.59563881
1537488000000,6492.0,6785.0,6489.1,6759.9,13477.29247061
1537574400000,6759.9,6838.0,6636.0,6722.5,8966.491435
1537660800000,6722.6,6785.0,6666.7,6708.1,6888.27862814
1537747200000,6708.1,6730.0,6552.4,6582.4,7875.19824522
1537833600000,6582.8,6585.9,6330.0,6444.5,11896.96930302
1537920000000,6444.4,6564.2,6379.5,6466.2,8113.41053992
1538006400000,6466.2,6741.5,6438.0,6689.6,8772.07771769
1538092800000,6691.2,6816.3,6550.0,6636.9,11871.15805974
1538179200000,6636.9,6636.9,6468.5,6597.1,8213.39503727
1538265600000,6596.6,6660.0,6525.0,6625.0,6659.78765681
1538352000000,6626.5,6661.6,6500.9,6610.9,7113.06249217
1538438400000,6608.6,6648.6,6484.9,6533.6,6874.75549567
1538524800000,6533.6,6547.5,6430.6,6510.4,7141.33330669
1538611200000,6510.4,6645.0,6501.8,6590.3,6994.36439757
1538697600000,6590.7,6690.5,6550.0,6636.4,6338.85518904
1538784000000,6636.4,6646.6,6567.3,6594.8,5633.27307765
1538870400000,6594.8,6639.5,6531.7,6614.6,5839.26112235
1538956800000,6613.6,6698.2,6589.8,6672.4,7379.11393321
1539043200000,6669.1,6680.0,6610.5,6657.6,3970.88665591
1539129600000,6653.9,6656.6,6527.7,6628.6,4024.35291324
1539216000000,6626.0,6628.6,6211.0,6251.4,10741.68302062
1539302400000,6250.1,6359.6,6206.6,6293.6,3735.72136611
1539388800000,6296.1,6336.0,6280.0,6330.3,1968.38974616
1539475200000,6328.3,6420.0,6303.3,6335.0,2378.61292374
1539561600000,6335.0,8100.0,6300.0,6750.5,27387.63063333
1539648000000,6748.5,6924.5,6674.8,6759.6,8240.81298791
1539734400000,6758.7,6800.0,6679.0,6737.0,6835.96185631
1539820800000,6741.0,6791.6,6571.0,6619.1,7497.19891499
1539907200000,6619.1,6642.1,6520.0,6528.8,7057.16034434
1539993600000,6526.0,6612.8,6505.0,6585.5,5942.72815997
1540080000000,6583.8,6658.7,6580.0,6596.7,6289.77585155
1540166400000,6593.7,6635.3,6545.2,6579.6,6362.09263883
1540252800000,6578.9,6595.1,6520.1,6553.2,6827.73593072
1540339200000,6552.5,6625.0,6549.4,6564.5,6530.70973601
1540425600000,6564.5,6574.3,6508.8,6530.1,6460.38430195
1540512000000,6528.9,6598.0,6515.4,6536.5,6654.37886112
1540598400000,6535.5,6557.9,6480.0,6506.6,5890.91089715
1540684800000,6506.6,6514.0,6462.7,6490.0,11068.15642097
1540771200000,6490.7,6506.2,6311.0,6344.3,8253.63796458
1540857600000,6345.7,6389.3,6315.7,6332.0,6528.96220381
1540944000000,6330.5,6419.4,6250.0,6369.6,6838.9498755
1541030400000,6371.9,6432.5,6354.6,6406.9,6445.96669204
1541116800000,6408.2,6452.8,6393.3,6432.1,6827.96186893
1541203200000,6432.1,6437.5,6345.0,6389.8,5875.49319844
1541289600000,6390.1,6519.3,6356.0,6486.3,7659.54771211
1541376000000,6485.0,6500.0,6436.2,6465.9,6744.99118144
1541462400000,6467.0,6523.9,6445.8,6517.3,7444.99384213
1541548800000,6517.9,6616.3,6510.0,6577.6,8713.90540865
1541635200000,6577.6,6592.5,6471.0,6479.1,7777.63084656
1541721600000,6480.7,6640.0,6391.3,6418.3,8134.33916237
1541808000000,6418.3,6475.8,6414.4,6430.6,6145.30364344
1541894400000,6430.6,6462.1,6357.0,6451.4,6772.9189138
1541980800000,6451.8,6487.7,6420.9,6450.6,7767.92685537
1542067200000,6452.0,6499.0,6392.6,6460.5,8131.70534508
1542153600000,6459.4,6484.9,5649.0,5915.7,27746.26777705
1542240000000,5913.0,5949.0,5417.0,5751.0,20656.1158602
1542326400000,5752.8,5778.5,5550.0,5649.1,10853.49816508
1542412800000,5649.1,5659.2,5566.3,5628.3,5976.80810547
1542499200000,5628.3,5744.9,5618.2,5664.8,5350.23905208
1542585600000,5663.4,5666.5,4846.0,4920.9,22995.02925903
1542672000000,4925.0,5050.0,4337.0,4563.9,29248.76243709
1542758400000,4564.3,4788.0,4414.0,4658.9,16834.94029912
1542844800000,4661.2,4721.3,4345.0,4368.4,11105.66029046
1542931200000,4372.8,4483.5,4223.5,4418.2,15587.91283994
1543017600000,4420.2,4525.8,3826.3,3933.0,14661.0358684
1543104000000,3933.0,4230.0,3700.0,4087.0,30759.09542001
1543190400000,4086.4,4200.0,3697.3,3864.0,24544.37360479
1543276800000,3864.0,3940.0,3681.9,3878.2,20157.4333645
1543363200000,3878.8,4398.0,3875.7,4263.3,21051.09675348
1543449600000,4259.7,4444.0,4130.0,4293.3,18704.02600162
1543536000000,4295.5,4337.9,3940.0,4039.0,20783.62878664
1543622400000,4040.6,4288.0,3958.5,4192.8,16060.59507052
1543708800000,4192.8,4310.4,4101.0,4160.6,15201.49976632
1543795200000,4160.6,4179.1,3821.0,3885.5,16949.21820584
1543881600000,3883.1,4089.9,3770.4,3951.1,17112.35522562
1543968000000,3951.1,3969.4,3740.0,3767.5,15236.65896244
1544054400000,3767.5,3895.8,3498.4,3508.0,23431.47589368
1544140800000,3511.1,3549.8,3226.0,3404.1,31573.80339951
1544227200000,3401.5,3497.3,3276.8,3411.8,19634.79203716
1544313600000,3411.8,3656.0,3395.1,3548.4,16855.35637212
1544400000000,3545.6,3600.0,3381.1,3434.4,16568.92840198
1544486400000,3433.4,3458.4,3324.6,3378.5,13931.45429711
1544572800000,3378.5,3492.9,3359.1,3446.1,11915.97715792
1544659200000,3444.7,3456.0,3261.0,3299.3,14284.37608724
1544745600000,3299.4,3337.4,3178.5,3225.0,15380.07820219
1544832000000,3223.3,3263.6,3155.2,3212.0,11785.92869064
1544918400000,3211.6,3300.0,3210.4,3228.4,11429.27040877
1545004800000,3228.4,3590.0,3218.9,3509.1,23977.27216601
1545091200000,3509.0,3670.0,3438.0,3650.7,21274.6689558
1545177600000,3650.4,3911.8,3622.7,3665.7,27843.80130682
1545264000000,3665.1,4119.2,3640.8,4049.5,32545.57806925
1545350400000,4050.5,4139.0,3765.0,3839.9,27883.89944917
1545436800000,3840.0,3980.0,3785.0,3951.1,16651.19139657
1545523200000,3950.7,4024.2,3876.3,3928.5,20750.80554303
1545609600000,3929.8,4197.9,3927.7,4007.7,27641.14979952
1545696000000,4007.7,4017.9,3650.0,3744.8,25086.83975361
1545782400000,3746.1,3831.0,3657.8,3779.9,19290.08765578
1545868800000,3779.8,3811.3,3534.6,3566.0,17749.62212273
1545955200000,3566.0,3882.0,3538.0,3838.2,18137.15369103
1546041600000,3838.2,3885.7,3670.0,3694.6,15768.66799843
1546128000000,3695.0,3827.5,3659.2,3801.7,14893.0460532
1546214400000,3801.7,3808.7,3644.0,3700.4,15633.02715794
1546300800000,3701.4,3806.8,3638.0,3796.2,16635.81754964
1546387200000,3796.2,3882.8,3750.8,3860.9,16334.20578137
1546473600000,3860.9,3864.7,3730.0,3765.2,12850.43073787
1546560000000,3766.1,3820.0,3700.0,3789.9,14974.14610516
1546646400000,3791.2,3837.1,3753.0,3771.7,14700.99391441
1546732800000,3772.0,4030.0,3740.5,3990.6,16680.19796791
1546819200000,3990.4,4017.3,3921.6,3974.2,14022.49620347
1546905600000,3973.7,4065.0,3858.2,3956.3,17449.14610929
1546992000000,3956.7,4006.0,3929.0,3965.5,11101.19314423
1547078400000,3966.0,3996.4,3540.0,3583.6,21832.77202234
1547164800000,3583.6,3649.0,3525.1,3602.6,14459.75937293
1547251200000,3600.6,3618.9,3535.6,3583.2,9755.29104877
1547337600000,3583.2,3613.9,3446.2,3477.0,11461.83039611
1547424000000,3477.3,3665.1,3467.6,3624.4,17757.16659758
1547510400000,3625.4,3647.6,3520.0,3553.1,16416.81563952
1547596800000,3552.1,3644.0,3544.9,3586.9,14713.93020875
1547683200000,3591.0,3635.0,3533.4,3615.4,16682.01837789
1547769600000,3613.8,3618.8,3564.7,3595.5,12380.45325511
1547856000000,3596.0,3710.7,3594.0,3666.0,13252.8048806
1547942400000,3665.9,3690.0,3478.0,3535.2,11805.34339644
1548028800000,3538.0,3559.1,3489.9,3527.8,9043.24047277
1548115200000,3527.8,3605.1,3436.0,3571.0,11948.97094019
1548201600000,3571.0,3607.0,3521.0,3552.3,10004.92143027
1548288000000,3552.3,3590.0,3529.1,3568.0,9143.68606305
1548374400000,3568.1,3578.8,3524.9,3566.6,9370.28605466
1548460800000,3567.6,3655.2,3547.1,3565.9,10094.15279776
1548547200000,3565.9,3580.8,3493.3,3551.0,10822.51883487
1548633600000,3551.0,3557.7,3383.0,3433.1,15985.96149768
1548720000000,3434.0,3442.9,3351.2,3412.4,10017.03756852
1548806400000,3411.9,3477.0,3390.0,3458.7,10281.43529054
1548892800000,3458.3,3490.6,3421.0,3434.0,11086.02391945
1548979200000,3434.8,3486.8,3403.4,3463.8,15416.6092145
1549065600000,3463.8,3523.5,3441.3,3503.5,10164.06843216
1549152000000,3504.0,3510.8,3426.4,3458.0,11021.08731048
1549238400000,3458.0,3483.7,3434.0,3463.3,12123.44752762
1549324800000,3462.6,3480.0,3449.3,3471.4,9352.76632968
1549411200000,3470.9,3482.5,3380.7,3405.0,10918.94249266
1549497600000,3404.3,3427.1,3391.6,3397.7,8930.91207312
1549584000000,3397.4,3738.3,3379.8,3659.7,18302.58205407
1549670400000,3659.7,3679.2,3628.1,3665.1,10434.14023561
1549756800000,3664.6,3684.6,3608.9,3680.0,10703.15111318
1549843200000,3679.1,3682.7,3616.4,3632.0,11375.18261157
1549929600000,3632.0,3662.0,3588.0,3632.1,10294.03199976
1550016000000,3632.0,3669.4,3592.2,3609.3,11281.88474073
1550102400000,3610.2,3625.4,3566.4,3591.0,10186.16985671
1550188800000,3589.7,3652.8,3573.5,3601.8,10472.16666802
1550275200000,3601.8,3651.0,3598.8,3615.5,10414.76426835
1550361600000,3616.3,3700.0,3602.4,3667.9,11385.18523819
1550448000000,3667.8,3920.8,3657.2,3899.6,17508.82785848
1550534400000,3898.6,3996.4,3856.4,3911.6,24350.73647665
1550620800000,3911.8,3984.6,3881.2,3971.1,16464.17523539
1550707200000,3970.6,4017.2,3902.4,3937.5,18477.86625357
1550793600000,3937.7,3987.5,3928.1,3963.0,19440.75060503
1550880000000,3963.4,4158.0,3933.1,4116.9,21570.1439887
1550966400000,4117.7,4199.0,3707.2,3748.2,34180.7425195
1551052800000,3748.6,3872.4,3743.6,3827.3,21823.19293379
1551139200000,3826.7,3838.0,3782.0,3809.3,19039.71308424
1551225600000,3809.3,3835.0,3687.3,3816.6,19873.00966569
1551312000000,3816.0,3889.9,3771.2,3814.6,19987.65868138
1551398400000,3812.8,3857.5,3811.6,3822.0,17004.57381048
1551484800000,3821.8,3843.4,3771.6,3821.4,16571.57428959
1551571200000,3820.5,3835.0,3782.7,3806.7,14583.85565308
1551657600000,3806.8,3825.0,3673.3,3716.4,29428.93992724
1551744000000,3716.4,3879.0,3705.7,3855.9,34665.92379612
1551830400000,3856.7,3896.3,3814.9,3863.5,32229.62569962
1551916800000,3863.4,3904.0,3841.8,3873.7,32167.79601514
1552003200000,3873.6,3931.7,3801.1,3865.1,32558.41503365
1552089600000,3865.2,3968.9,3856.2,3942.2,32073.35441127
1552176000000,3942.5,3942.5,3883.4,3916.0,28613.88160251
1552262400000,3916.9,3933.5,3840.0,3870.5,31951.0507776
1552348800000,3869.4,3900.8,3814.3,3882.5,17226.85472789
1552435200000,3882.5,3891.9,3839.0,3866.5,13427.17642695
1552521600000,3866.5,3926.5,3815.1,3876.1,16527.71702713
1552608000000,3876.1,3936.9,3876.0,3925.4,14334.28053578
1552694400000,3925.4,4056.6,3922.8,4007.0,18712.29106475
1552780800000,4006.5,4008.0,3949.9,3982.1,12470.26533984
1552867200000,3982.8,4036.5,3954.1,3987.6,14419.12582103
1552953600000,3987.6,4031.9,3968.9,4016.1,14501.08136489
1553040000000,4016.5,4050.0,3982.5,4041.5,19114.6815058
1553126400000,4041.5,4068.1,3905.0,3981.3,20082.97123626
1553212800000,3981.1,4006.5,3969.0,3987.8,18198.2653734
1553299200000,3987.9,4019.6,3976.0,4004.9,22464.46431359
1553385600000,4004.9,4004.9,3960.9,3991.1,19044.9993649
1553472000000,3991.8,3999.3,3880.0,3936.1,23265.49531118
1553558400000,3935.4,3950.0,3895.0,3946.4,21276.62341875
1553644800000,3946.6,4048.5,3935.6,4038.9,23326.9267888
1553731200000,4038.6,4039.0,4003.9,4026.9,21410.33009148
1553817600000,4027.0,4123.5,4020.0,4104.3,26326.2213324
1553904000000,4105.3,4143.5,4055.1,4107.8,21718.52762786
1553990400000,4107.8,4117.3,4080.0,4103.1,20933.42172288
1554076800000,4103.1,4159.0,4070.5,4144.0,29411.93087854
1554163200000,4144.1,4914.8,4140.8,4856.8,64922.57584909
1554249600000,4857.8,5277.0,4781.1,4944.1,75717.5029541
1554336000000,4944.1,5038.6,4780.0,4899.3,66320.65534084
1554422400000,4899.1,5029.6,4881.0,5004.5,56606.996848
1554508800000,5006.6,5205.0,4930.0,5045.6,54886.21524151
1554595200000,5043.6,5225.1,5029.0,5172.3,53841.28926753
1554681600000,5172.3,5310.0,5044.0,5235.3,56865.53502573
1554768000000,5236.1,5239.3,5077.6,5151.5,49249.23237587
1554854400000,5149.6,5412.0,5133.1,5305.0,50993.47620024
1554940800000,5306.1,5332.3,4921.0,5016.6,61178.30396605
1555027200000,5015.3,5078.3,4871.1,5047.8,47144.9554003
1555113600000,5048.1,5090.0,5000.8,5045.6,40825.62101994
1555200000000,5045.3,5152.0,5001.0,5132.3,39458.28193109
1555286400000,5132.1,5167.8,4948.3,5026.1,40039.96360855
1555372800000,5025.8,5198.6,4999.1,5175.1,45277.21270533
1555459200000,5173.8,5229.8,5150.0,5202.0,45190.06222259
1555545600000,5202.1,5285.0,5199.1,5258.8,44513.92671584
1555632000000,5258.8,5321.1,5178.8,5257.6,43675.76989995
1555718400000,5258.1,5334.6,5233.6,5291.6,44838.89385924
1555804800000,5291.5,5314.5,5171.6,5259.5,49673.4833051
1555891200000,5258.1,5401.0,5210.0,5357.5,50618.19916397
1555977600000,5358.0,5600.5,5329.8,5494.1,56513.76230093
1556064000000,5493.3,5580.6,5334.3,5414.0,60247.0936197
1556150400000,5414.5,5485.3,5121.0,5212.1,61594.43818427
1556236800000,5212.0,5528.0,5160.0,5315.6,68405.1186008
1556323200000,5315.1,5341.6,5258.0,5294.1,51957.42976554
1556409600000,5294.1,5341.8,5260.0,5309.3,47320.23470753
1556496000000,5309.6,5332.6,5186.0,5236.8,48298.74324314
1556582400000,5236.6,5338.1,5193.3,5322.5,43557.35669039
1556668800000,5322.8,5404.6,5319.3,5383.1,41844.09197261
1556755200000,5383.3,5540.0,5366.1,5494.8,48079.44546766
1556841600000,5494.5,5849.6,5479.3,5771.1,62823.11126909
1556928000000,5771.0,5911.1,5600.0,5829.6,57641.39333832
1557014400000,5828.6,5838.6,5700.6,5772.6,46765.168618
1557100800000,5772.3,5805.3,5620.0,5747.8,46816.30611936
1557187200000,5748.1,6027.1,5748.0,5845.8,59029.33312144
1557273600000,5847.8,6018.0,5791.0,5988.8,51583.23514714
1557360000000,5989.0,6199.8,5980.6,6182.3,55613.00986739
1557446400000,6182.6,6456.8,6137.1,6373.1,59998.02761078
1557532800000,6373.3,7410.0,6373.1,7197.3,89531.71924419
1557619200000,7196.1,7517.1,6766.1,6976.1,97151.84393929
1557705600000,6974.0,8100.0,6873.6,7807.0,71825.59949048
1557792000000,7807.0,8349.0,7680.0,8001.8,81422.79044418
1557878400000,8002.1,8255.8,7826.3,8171.6,77396.07779526
1557964800000,8170.8,8322.6,7713.0,7866.1,80319.74011052
1558051200000,7866.6,7924.8,6930.1,7353.8,93440.57140441
1558137600000,7358.3,7457.5,7190.0,7255.6,63567.43359861
1558224000000,7256.1,8286.0,7244.6,8160.6,79114.46187215
1558310400000,8159.8,8160.6,7560.0,7940.0,77429.82273934
1558396800000,7940.1,8040.0,7770.6,7904.6,67006.42483637
1558483200000,7904.6,8014.3,7500.0,7627.8,64530.76043549
1558569600000,7628.1,7942.6,7466.0,7847.1,69282.58095383
1558656000000,7846.1,8123.8,7766.6,7969.3,69489.65373356
1558742400000,7968.6,8089.3,7906.6,8024.1,57383.39084795
1558828800000,8024.3,8740.0,7852.0,8610.7,66608.77399451
1558915200000,8610.0,8903.7,8580.0,8757.1,62837.57387408
1559001600000,8754.5,8798.0,8500.0,8715.2,58058.46358038
1559088000000,8715.2,8752.6,8420.0,8646.7,61444.68905001
1559174400000,8646.6,9065.5,8000.0,8262.3,68528.88424156
1559260800000,8267.3,8599.0,8115.0,8556.0,65858.22645033
1559347200000,8555.8,8623.6,8446.8,8539.8,61091.19327241
1559433600000,8544.7,8812.5,8525.2,8725.0,58407.40088384
1559520000000,8724.8,8735.2,8053.1,8116.0,65935.62142029
1559606400000,8110.5,8115.3,7417.3,7687.3,69630.41626461
1559692800000,7685.3,7907.6,7571.1,7774.5,63453.51188346
1559779200000,7774.8,7879.3,7450.0,7783.8,59199.9267983
1559865600000,7786.1,8097.0,7741.3,7980.6,52459.30816141
1559952000000,7978.3,8044.1,7756.8,7896.1,53733.17336067
1560038400000,7897.1,7935.0,7505.8,7630.6,56518.89289915
1560124800000,7630.1,8033.8,7511.0,7977.6,56160.32845303
1560211200000,7979.6,8018.3,7686.5,7884.0,52479.55723679
1560297600000,7882.5,8221.2,7791.8,8124.3,57111.74409412
1560384000000,8126.5,8308.7,8005.6,8219.1,56328.88476864
1560470400000,8218.3,8685.3,8145.0,8649.6,56709.69812644
1560556800000,8649.0,8865.0,8571.2,8806.7,54394.47179795
1560643200000,8807.5,9339.6,8760.0,8953.0,66505.5395826
1560729600000,8953.0,9442.0,8950.7,9314.3,60055.08438301
1560816000000,9313.6,9336.1,8951.0,9081.5,60182.64440883
1560902400000,9081.7,9299.0,9037.6,9252.6,53665.1555674
1560988800000,9252.5,9645.0,9177.6,9516.5,48819.37585655
1561075200000,9517.7,10195.0,9516.1,10172.0,54262.74722494
1561161600000,10166.7,11194.7,10030.0,10727.6,71467.10752233
1561248000000,10727.2,11393.0,10558.3,10906.2,49072.37041283
1561334400000,10904.8,11142.5,10621.3,11056.1,46739.22255171
1561420800000,11055.0,11845.0,11025.6,11823.3,46845.49781261
1561507200000,11813.8,13971.3,11733.2,13090.1,67427.92661624
1561593600000,13103.2,13468.2,10517.1,11336.7,75899.21789487
1561680000000,11336.8,12479.2,10972.2,12410.7,57600.85981893
1561766400000,12410.7,12443.0,11500.0,11897.1,43243.16062868
1561852800000,11906.2,12186.0,10751.8,10848.5,40684.90799244
1561939200000,10847.7,11278.2,10030.0,10625.2,50604.32943327
1562025600000,10624.7,10927.6,9724.6,10843.5,53844.60325646
1562112000000,10841.1,11980.0,10840.5,11927.7,44065.74838308
1562198400000,11929.3,11998.0,11044.1,11144.5,33461.52656305
1562284800000,11144.2,11400.0,10801.0,10985.8,22570.83752
1562371200000,10977.2,11665.8,10961.2,11255.3,19397.33806014
1562457600000,11253.2,11539.1,11102.5,11410.8,15806.6802778
1562544000000,11409.1,12336.8,11275.7,12246.3,18992.71283499
1562630400000,12238.7,12787.7,12066.0,12540.7,28046.41122431
1562716800000,12541.2,13150.0,11558.0,12104.1,43137.53219096
1562803200000,12104.1,12107.7,11000.0,11346.0,42417.80762964
1562889600000,11347.8,11882.1,11077.2,11754.7,28042.46746916
1562976000000,11754.8,11800.0,10826.3,11358.0,23660.2797139
1563062400000,11359.8,11451.2,10101.0,10181.3,33715.57087093
1563148800000,10181.2,11074.7,9850.0,10835.7,34385.03981588
1563235200000,10837.3,11026.8,9346.7,9423.0,47291.2432212
1563321600000,9429.0,9957.0,9056.7,9669.7,40059.29757105
1563408000000,9669.1,10779.8,9275.0,10625.5,40349.88136653
1563494400000,10632.6,10769.7,9938.0,10505.8,29163.47563549
1563580800000,10510.0,11049.0,10350.0,10738.0,22821.54618889
1563667200000,10737.3,10818.0,10300.0,10584.0,19142.69895122
1563753600000,10586.5,10680.0,10099.0,10343.5,21457.6881042
1563840000000,10343.5,10346.2,9817.7,9867.7,21158.28811711
1563926400000,9868.0,9938.1,9530.0,9764.1,22037.93181837
1564012800000,9764.6,10174.8,9720.6,9877.2,19064.55357188
1564099200000,9877.2,9894.7,9633.2,9822.2,17002.58420518
1564185600000,9821.3,10183.6,9321.7,9474.5,33399.66310639
1564272000000,9476.3,9611.0,9157.0,9545.0,23710.29791167
1564358400000,9547.2,9738.0,9392.6,9509.3,22542.67213986
1564444800000,9509.8,9727.1,9398.7,9574.2,16926.27732584
1564531200000,9573.7,10110.0,9553.3,10081.3,19762.60278884
1564617600000,10081.8,10480.0,9878.3,10376.1,16548.58814477
1564704000000,10376.1,10676.8,10306.8,10523.3,16675.02460635
1564790400000,10521.2,10898.5,10502.2,10813.6,16360.67020099
1564876800000,10813.3,11029.0,10552.7,10931.7,16783.72467736
1564963200000,10931.6,11929.8,10931.6,11826.3,23863.47845867
1565049600000,11827.6,12307.6,11228.0,11482.7,26303.67159565
1565136000000,11482.7,12147.2,11400.0,11974.7,25621.87248837
1565222400000,11976.7,12072.0,11520.0,11997.2,19926.05279313
1565308800000,12003.8,12048.6,11667.7,11878.2,16816.14443177
1565395200000,11878.1,11983.0,11260.2,11306.2,20690.37917657
1565481600000,11306.2,11604.7,11112.5,11535.6,12168.562526
1565568000000,11541.7,11569.8,11234.8,11395.7,8857.59053307
1565654400000,11395.7,11456.5,10780.7,10896.7,14330.71836163
1565740800000,10896.2,10898.1,9936.5,10056.0,26167.09187573
1565827200000,10053.6,10449.5,9517.2,10292.8,34787.30280043
1565913600000,10291.7,10533.7,9768.0,10326.2,26631.90390457
1566000000000,10327.7,10466.0,9993.2,10217.7,13428.49677506
1566086400000,10217.6,10507.7,10074.3,10306.7,10702.03438786
1566172800000,10306.7,10928.2,10258.0,10913.2,14902.22703794
1566259200000,10913.6,10950.0,10558.8,10760.0,11520.42678323
1566345600000,10760.0,10800.2,9861.3,10140.6,21011.86178466
1566432000000,10140.1,10256.0,9761.3,10097.1,15349.2904385
1566518400000,10097.2,10448.1,10020.0,10383.7,12669.96408065
1566604800000,10384.3,10413.6,9872.0,10134.8,12181.19720026
1566691200000,10135.3,10339.7,9900.0,10135.1,11147.06756962
1566777600000,10134.2,10630.0,10132.2,10371.7,21936.34288544
1566864000000,10371.8,10391.0,10051.1,10185.2,10908.79769161
1566950400000,10185.2,10333.0,9508.8,9725.2,17975.33950576
1567036800000,9725.2,9725.2,9320.0,9498.1,15508.23279515
1567123200000,9497.2,9693.0,9350.0,9581.7,10699.27253864
1567209600000,9581.7,9685.7,9430.0,9588.7,5687.48600019
1567296000000,9589.1,9822.8,9519.2,9733.5,6076.78846381
1567382400000,9733.5,10450.0,9717.3,10343.8,16994.52820069
1567468800000,10345.0,10780.0,10269.7,10614.1,20903.14238451
1567555200000,10614.2,10806.5,10372.8,10562.2,16492.5374017
1567641600000,10562.2,10650.0,10450.0,10562.1,11011.12124848
1567728000000,10562.0,10904.6,10188.0,10293.2,21327.00486413
1567814400000,10296.1,10560.0,10295.5,10454.7,8986.39214954
1567900800000,10454.7,10582.0,10222.0,10384.5,7236.15603882
1567987200000,10384.1,10517.1,10057.3,10302.5,14241.14590871
1568073600000,10302.3,10380.8,9940.1,10100.7,9415.02043811
1568160000000,10100.7,10301.0,9878.7,10156.2,10205.81695475
1568246400000,10156.2,10449.0,10038.0,10412.0,6760.99980119
1568332800000,10413.1,10439.6,10153.1,10342.3,8428.33641984
1568419200000,10343.7,10416.7,10220.0,10335.6,7399.71791825
1568505600000,10334.7,10359.7,10252.2,10301.0,4657.82720755
1568592000000,10300.1,10356.7,10076.2,10250.1,9030.92394856
1568678400000,10250.0,10271.8,10133.2,10185.7,6151.09826232
1568764800000,10185.7,10258.2,10087.1,10156.6,6814.81737099
1568851200000,10156.6,10345.0,9630.0,10247.3,21678.89135243
1568937600000,10247.2,10283.2,10070.0,10169.2,7904.38919005
1569024000000,10169.2,10177.0,9910.5,9987.6,6936.38917646
1569110400000,9988.2,10088.0,9856.5,10025.5,7021.24107069
1569196800000,10025.2,10047.5,9629.1,9701.2,13213.45253557
1569283200000,9701.2,9790.2,7660.0,8498.1,47225.13356101
1569369600000,8498.0,8728.3,8214.5,8430.8,26168.16221881
1569456000000,8430.8,8466.3,7722.0,8061.8,31968.82915444
1569542400000,8062.8,8259.2,7860.1,8176.0,16743.40132905
1569628800000,8176.0,8350.0,8003.6,8200.2,13863.0174514
1569715200000,8200.2,8227.0,7890.1,8041.8,10345.66040452
1569801600000,8044.3,8334.0,7712.3,8288.6,20776.83902853
1569888000000,8290.0,8498.0,8174.8,8292.8,18613.63830971
1569974400000,8291.8,8372.1,8150.8,8359.6,12472.47276171
1570060800000,8359.7,8395.9,8068.2,8225.4,16406.65090428
1570147200000,8226.4,8229.9,8001.0,8133.5,15233.74473958
1570233600000,8133.6,8200.4,8013.2,8125.0,9773.94744082
1570320000000,8125.0,8151.2,7780.5,7860.1,23259.09922187
1570406400000,7857.7,8298.2,7765.4,8188.9,28055.67175322
1570492800000,8189.5,8325.6,8100.0,8168.4,15221.50026144
1570579200000,8168.4,8668.2,8115.2,8559.9,34686.70607906
1570665600000,8559.9,8646.5,8418.1,8556.7,21523.76320861
1570752000000,8556.3,8779.9,8221.0,8258.9,34287.65321332
1570838400000,8257.5,8398.0,8250.4,8301.4,8562.11280764
1570924800000,8301.7,8449.5,8150.0,8278.1,13285.93638956
1571011200000,8276.4,8385.5,8207.5,8348.1,12981.87862315
1571097600000,8348.2,8409.9,8068.8,8161.4,19031.19016981
1571184000000,8161.4,8181.3,7917.0,7991.4,16463.1233021
1571270400000,7992.0,8128.8,7928.9,8068.9,9373.27759063
1571356800000,8068.8,8112.5,7816.8,7945.2,14280.65378646
1571443200000,7946.5,8100.0,7870.0,7950.7,10543.67488838
1571529600000,7950.0,8298.1,7870.0,8219.6,14621.63946448
1571616000000,8220.3,8333.0,8142.8,8197.3,11413.29083702
1571702400000,8197.2,8297.2,7996.4,8020.9,12280.4812137
1571788800000,8020.8,8050.0,7291.1,7464.7,45255.42504058
1571875200000,7464.0,7498.5,7340.8,7413.4,14726.97535958
1571961600000,7413.4,8843.8,7381.1,8658.6,66432.00688345
1572048000000,8658.7,10500.0,8640.0,9230.4,126270.9686911
1572134400000,9230.5,9785.7,9072.7,9528.9,45015.91089317
1572220800000,9528.7,9906.4,9185.0,9199.5,44133.04918837
1572307200000,9206.9,9539.4,9054.0,9408.3,30953.32058158
1572393600000,9408.2,9409.6,8999.9,9154.4,27195.50900349
1572480000000,9154.4,9403.0,8934.6,9144.2,28088.95532061
1572566400000,9143.5,9284.5,9038.0,9227.9,24963.75995202
1572652800000,9227.9,9373.9,9189.1,9289.0,11666.77766526
1572739200000,9289.3,9364.0,9071.0,9195.3,12113.36070515
1572825600000,9194.9,9524.0,9117.0,9393.8,25261.94856065
1572912000000,9392.6,9458.8,9161.6,9304.2,23187.41181959
1572998400000,9304.2,9442.3,9252.0,9339.1,16337.85932591
1573084800000,9339.1,9373.8,9100.3,9213.7,13222.89155727
1573171200000,9213.7,9259.1,8675.8,8773.4,29247.91041217
1573257600000,8773.4,8874.4,8723.0,8804.6,12555.14510735
1573344000000,8804.9,9135.0,8748.3,9036.3,18262.10503952
1573430400000,9036.3,9070.8,8616.7,8734.3,19454.78716129
1573516800000,8734.3,8890.0,8577.0,8818.9,16600.44833339
1573603200000,8819.0,8844.6,8711.6,8775.2,11239.98590769
1573689600000,8775.2,8799.9,8585.0,8640.8,12955.07282301
1573776000000,8640.8,8790.0,8388.0,8472.5,27119.2704447
1573862400000,8472.5,8540.0,8434.3,8490.8,8567.80960679
1573948800000,8490.8,8624.3,8367.4,8498.0,13340.61949685
1574035200000,8499.6,8500.0,8057.0,8183.5,22074.38759298
1574121600000,8183.7,8230.0,8000.0,8130.1,18184.77588808
1574208000000,8130.1,8231.8,8040.3,8099.5,16482.43258425
1574294400000,8099.5,8147.8,7429.0,7626.6,39979.94491297
1574380800000,7626.6,7750.0,6790.1,7262.9,92049.53279754
1574467200000,7262.9,7345.0,7082.2,7310.2,29601.22910936
1574553600000,7311.4,7329.7,6865.3,6902.6,42794.08688255
1574640000000,6902.5,7388.0,6513.1,7109.1,90552.41237947
1574726400000,7109.0,7340.9,7023.2,7155.7,38824.44290788
1574812800000,7155.7,7656.2,6847.1,7506.5,51964.86013564
1574899200000,7506.4,7640.7,7364.3,7417.8,28429.04838036
1574985600000,7418.2,7849.5,7396.1,7740.8,32371.17882755
1575072000000,7740.8,7800.8,7450.0,7543.3,22192.55910374
1575158400000,7542.0,7542.0,7229.6,7392.0,32919.20513611
1575244800000,7392.7,7419.1,7151.0,7293.7,25888.24215752
1575331200000,7292.9,7399.9,7237.5,7292.4,15190.56219525
1575417600000,7292.3,7805.2,7080.0,7195.0,53247.08072075
1575504000000,7195.6,7483.6,7150.0,7388.5,36865.95276197
1575590400000,7388.4,7589.0,7301.5,7528.0,28659.5630603
1575676800000,7528.0,7618.0,7467.6,7487.2,15690.99590521
1575763200000,7486.6,7561.7,7374.2,7508.5,16220.35219356
1575849600000,7509.4,7660.7,7283.7,7342.4,28158.68546933
1575936000000,7342.3,7409.7,7160.0,7224.5,19692.19369478
1576022400000,7224.5,7271.0,7132.3,7208.0,14463.38804826
1576108800000,7208.0,7290.0,7088.6,7196.7,20884.21204119
1576195200000,7196.8,7301.0,7192.6,7257.0,12566.06441909
1576281600000,7257.0,7268.9,7010.0,7063.8,12898.35288857
1576368000000,7063.8,7203.8,7010.2,7118.7,11179.51095085
1576454400000,7118.8,7147.8,6817.1,6894.1,23444.13453682
1576540800000,6894.0,6933.0,6560.0,6623.7,33041.86749884
1576627200000,6623.7,7455.0,6434.4,7276.0,62049.98361743
1576713600000,7276.1,7364.1,7051.0,7149.7,28989.25141073
1576800000000,7149.7,7217.0,7080.0,7186.8,19151.08062362
1576886400000,7186.8,7186.8,7113.2,7134.0,7531.96950766
1576972800000,7133.9,7502.0,7122.2,7497.5,22957.91231327
1577059200000,7498.0,7690.0,7266.8,7317.4,39692.33745164
1577145600000,7317.4,7434.4,7161.4,7256.2,28516.13482735
1577232000000,7255.6,7272.6,7129.1,7202.6,13586.62665493
1577318400000,7202.7,7438.0,7160.1,7202.6,19545.09458843
1577404800000,7201.9,7271.8,7087.2,7252.5,19552.19253528
1577491200000,7253.3,7361.0,7239.6,7312.9,13835.29857126
1577577600000,7313.6,7528.0,7286.7,7389.0,14448.21512608
1577664000000,7388.5,7406.6,7220.1,7244.5,12799.67344038
1577750400000,7244.0,7321.8,7146.6,7195.0,10710.74989867
1577836800000,7195.0,7255.9,7176.3,7199.7,4312.61843485
1577923200000,7199.7,7209.0,6933.6,6966.1,17188.72898453
1578009600000,6965.5,7404.8,6870.7,7345.8,34011.67847118
1578096000000,7345.9,7402.5,7272.5,7354.9,12446.83633435
1578182400000,7354.9,7494.7,7319.0,7357.8,18814.28413431
1578268800000,7356.9,7796.7,7349.5,7758.8,27426.92231144
1578355200000,7759.0,8204.2,7725.6,8147.9,46430.47061553
1578441600000,8148.2,8456.9,7875.3,8054.7,57083.28494582
1578528000000,8055.2,8055.5,7752.1,7820.0,29932.56875713
1578614400000,7820.1,8196.3,7674.1,8196.2,43358.10377479
1578700800000,8197.0,8286.5,8001.0,8020.1,29316.14065873
1578787200000,8020.0,8198.9,7961.5,8185.4,13402.04018074
1578873600000,8185.4,8195.9,8056.0,8108.4,12448.32151957
1578960000000,8108.5,8881.1,8104.2,8812.8,66079.21295482
1579046400000,8812.6,8915.8,8568.1,8819.2,36708.41359724
1579132800000,8819.2,8857.0,8592.4,8724.6,25287.72534364
1579219200000,8724.7,9055.0,8676.0,8911.7,35322.13654988
1579305600000,8911.7,8990.0,8808.0,8914.7,18471.29829027
1579392000000,8914.7,9198.4,8478.3,8703.2,36100.28803954
1579478400000,8703.5,8743.8,8524.5,8643.4,18260.56906206
1579564800000,8643.5,8783.8,8490.1,8734.4,15050.82334236
1579651200000,8733.6,8817.5,8594.9,8683.9,12152.56373918
1579737600000,8682.9,8690.6,8308.7,8407.3,19209.0402906
1579824000000,8407.2,8527.2,8229.0,8442.0,14093.36502597
1579910400000,8441.7,8448.8,8274.4,8339.9,7357.06982488
1579996800000,8340.7,8617.3,8296.0,8614.4,11191.35828839
1580083200000,8614.7,9002.7,8567.3,8911.3,22167.24838331
1580169600000,8911.3,9402.1,8900.0,9374.0,28709.94233313
1580256000000,9373.8,9443.7,9237.2,9304.3,18038.44064294
1580342400000,9304.3,9576.1,9200.0,9512.3,18724.33327254
1580428800000,9512.3,9528.0,9211.2,9352.0,14639.67567644
1580515200000,9352.0,9463.4,9295.6,9385.0,8084.93628041
1580601600000,9385.9,9473.1,9159.0,9333.1,15082.79926526
1580688000000,9333.2,9609.7,9235.0,9295.8,21081.23230172
1580774400000,9295.7,9353.8,9096.6,9196.2,17545.44437843
1580860800000,9196.2,9744.0,9177.3,9614.5,19529.42545909
1580947200000,9613.4,9865.1,9525.8,9773.6,18720.62274876
1581033600000,9773.7,9888.0,9732.7,9817.8,14303.88812352
1581120000000,9817.6,9935.2,9669.0,9892.7,14960.59120332
1581206400000,9892.7,10164.1,9878.6,10154.0,15690.96808026
1581292800000,10154.1,10185.2,9750.0,9846.7,23698.20157841
1581379200000,9846.6,10317.9,9712.2,10222.8,26715.29669728
1581465600000,10223.2,10451.9,10223.1,10328.8,23447.13110132
1581552000000,10328.8,10502.0,10085.6,10230.0,47704.1333543
1581638400000,10229.9,10377.6,10110.4,10340.9,32652.84722562
1581724800000,10340.9,10373.4,9802.6,9906.0,37986.49701971
1581811200000,9905.9,10047.8,9640.0,9917.7,30923.62710205
1581897600000,9916.6,9964.9,9455.0,9706.2,48268.63925802
1581984000000,9706.2,10253.3,9587.7,10166.8,48795.7135096
1582070400000,10166.9,10265.0,9300.0,9594.6,44713.67834422
1582156800000,9593.9,9696.6,9400.0,9598.1,38353.39635692
1582243200000,9598.1,9754.8,9560.0,9679.7,29359.50565792
1582329600000,9679.7,9703.5,9561.0,9649.0,28339.23385624
1582416000000,9649.0,9993.6,9648.4,9935.4,41020.97715308
1582502400000,9935.1,9989.3,9468.5,9658.9,48777.66252738
1582588800000,9659.0,9673.0,9243.0,9315.8,42780.61822464
1582675200000,9315.7,9378.2,8610.0,8786.6,64540.80112802
1582761600000,8787.1,8977.0,8526.1,8822.5,58991.6629556
1582848000000,8822.6,8900.3,8440.7,8689.2,61114.16802824
1582934400000,8688.2,8792.0,8524.7,8525.5,40966.3337911
1583020800000,8524.8,8750.5,8413.6,8531.3,47508.57690151
1583107200000,8531.0,8962.0,8499.2,8911.1,53551.92791297
1583193600000,8912.5,8915.1,8650.8,8759.2,59588.20995511
1583280000000,8759.2,8847.3,8664.8,8750.8,44050.77814381
1583366400000,8750.9,9156.3,8750.9,9054.5,57325.08504208
1583452800000,9054.4,9169.0,8988.0,9133.1,56996.79191755
1583539200000,9133.1,9188.6,8843.0,8887.5,43349.93543546
1583625600000,8887.5,8887.5,8000.0,8035.7,73458.65301215
1583712000000,8035.7,8178.1,7637.4,7930.3,77849.49736422
1583798400000,7930.2,8145.0,7735.9,7895.9,61101.7148122
1583884800000,7895.9,7981.6,7595.8,7934.1,52231.65607338
1583971200000,7934.1,7961.8,4399.1,4797.0,241241.52957442
1584057600000,4794.5,5959.0,3791.9,5574.3,333606.80300274
1584144000000,5601.7,5641.4,5062.3,5178.6,92600.85735443
1584230400000,5178.9,5950.0,5097.8,5363.6,96883.08550736
1584316800000,5364.4,5368.7,4448.8,5028.0,152274.16302245
1584403200000,5028.0,5527.9,4923.7,5314.1,95267.7091968
1584489600000,5313.2,5436.9,5007.6,5393.4,92500.31241998
1584576000000,5393.4,6400.0,5252.6,6163.1,102506.61082204
1584662400000,6163.0,6910.0,5610.0,6205.8,131840.26149958
1584748800000,6205.8,6452.9,5863.0,6189.1,88559.89151015
1584835200000,6189.2,6406.4,5742.4,5817.1,96997.68458362
1584921600000,5817.1,6600.0,5694.0,6464.7,126761.76943946
1585008000000,6464.4,6838.0,6373.4,6746.0,102134.42908003
1585094400000,6745.7,6962.4,6450.0,6679.1,86098.12657656
1585180800000,6679.3,6779.7,6519.0,6735.0,64050.3273282
1585267200000,6734.9,6845.4,6265.0,6360.7,71423.52567413
1585353600000,6360.7,6361.0,6021.1,6236.6,76837.77133789
1585440000000,6237.1,6268.8,5871.6,5881.3,58607.08771803
1585526400000,5880.4,6600.0,5860.0,6394.0,75516.39520168
1585612800000,6394.1,6519.9,6329.0,6409.8,42568.10116571
1585699200000,6410.2,6700.0,6150.0,6643.5,72644.66170811
1585785600000,6643.5,7260.0,6554.4,6794.3,79911.99042452
1585872000000,6794.3,7047.2,6602.1,6733.8,74113.58644348
1585958400000,6733.8,6995.7,6650.0,6856.7,59491.29709312
1586044800000,6856.7,6897.9,6676.2,6771.9,37729.01987234
1586131200000,6771.9,7354.9,6763.3,7329.9,79769.6010386
1586217600000,7329.9,7457.4,7075.0,7197.2,58544.83091757
1586304000000,7197.4,7423.3,7150.0,7360.3,56248.4125889
1586390400000,7360.2,7372.1,7113.8,7282.5,31196.36220753
1586476800000,7282.4,7294.8,6743.0,6859.7,57598.67079917
1586563200000,6859.8,6945.7,6762.0,6878.4,41096.90118433
1586649600000,6878.4,7180.0,6775.6,6904.9,49377.09449499
1586736000000,6904.9,6904.9,6575.3,6838.1,56392.30937282
1586822400000,6838.1,6977.0,6758.0,6868.1,50972.10430298
1586908800000,6868.0,6931.9,6609.0,6622.0,52632.22220666
1586995200000,6621.6,7192.5,6473.5,7101.6,89840.6793416
1587081600000,7101.5,7146.3,6989.5,7027.7,42440.31671291
1587168000000,7027.6,7295.0,7014.0,7249.8,50066.50675912
1587254400000,7249.8,7264.7,7055.7,7120.5,48139.0202057
1587340800000,7120.4,7211.9,6751.1,6828.4,66666.79162322
1587427200000,6828.2,6940.0,6761.8,6841.2,42882.94816741
1587513600000,6841.1,7155.5,6817.6,7126.5,45748.46590497
1587600000000,7126.5,7750.0,7026.0,7483.7,82169.53768216
1587686400000,7484.6,7610.0,7396.2,7504.8,58896.52284687
1587772800000,7504.9,7702.5,7435.8,7540.5,64795.39440331
1587859200000,7540.1,7701.0,7485.6,7695.6,70021.4292602
1587945600000,7695.4,7795.0,7623.6,7775.3,64643.22425451
1588032000000,7775.4,7780.0,7660.0,7739.7,63789.78962957
1588118400000,7739.8,8954.8,7705.0,8779.3,123102.96650137
1588204800000,8779.3,9456.2,8400.0,8620.2,140084.9008608
1588291200000,8619.8,9056.9,8616.5,8827.2,67695.02849775
1588377600000,8826.7,9010.2,8730.0,8972.1,78920.4369929
1588464000000,8972.7,9192.2,8720.0,8895.7,90031.74720304
1588550400000,8895.3,8953.4,8523.9,8871.2,96707.13475812
1588636800000,8871.6,9108.4,8766.7,9019.0,84281.92660241
1588723200000,9019.0,9394.8,8913.2,9145.0,99883.20910286
1588809600000,9144.9,10077.0,9028.1,9984.6,130190.28572271
1588896000000,9984.5,10033.0,9715.3,9799.2,84507.47953663
1588982400000,9799.1,9910.0,9522.5,9539.7,79065.17550316
1589068800000,9539.4,9568.4,8002.0,8722.8,135629.28855953
1589155200000,8722.2,9160.0,8200.0,8559.2,119853.78568758
1589241600000,8559.5,8974.4,8527.2,8810.0,73230.5858201
1589328000000,8810.0,9397.6,8792.0,9307.4,78176.03272201
1589414400000,9308.1,9945.0,9256.7,9793.0,109781.4308322
1589500800000,9793.0,9849.1,9123.0,9315.0,104364.09239848
1589587200000,9315.0,9588.4,9221.1,9380.8,78971.14361638
1589673600000,9380.7,9887.6,9323.1,9679.0,81391.06501459
1589760000000,9679.1,9955.0,9456.5,9734.0,66444.06947191
1589846400000,9734.2,9900.0,9471.0,9776.0,79108.71825825
1589932800000,9776.0,9840.1,9313.0,9511.1,89074.83999779
1590019200000,9511.1,9576.4,8814.7,9068.3,103042.31924573
1590105600000,9069.0,9259.7,8933.4,9171.3,78005.42494175
1590192000000,9171.3,9305.0,9081.0,9176.5,68740.5173098
1590278400000,9176.5,9299.3,8692.1,8718.0,83792.22139661
1590364800000,8718.8,8976.2,8632.7,8897.1,69838.40810988
1590451200000,8897.1,9012.4,8697.4,8838.1,71221.1390556
1590537600000,8838.2,9228.0,8812.3,9202.0,73552.97595508
1590624000000,9201.9,9622.7,9112.8,9574.3,84235.91704552
1590710400000,9574.4,9604.1,9330.0,9424.8,75892.27427966
1590796800000,9425.1,9750.3,9332.8,9699.1,78522.02237355
1590883200000,9699.1,9700.6,9400.0,9450.2,78085.37901362
1590969600000,9450.2,10367.3,9420.2,10198.1,79057.94319669
1591056000000,10197.9,10220.0,9281.3,9517.9,106983.84324074
1591142400000,9517.9,9689.3,9388.0,9665.0,65713.33089619
1591228800000,9665.0,9880.0,9460.0,9787.7,74661.71873231
1591315200000,9787.7,9855.0,9600.1,9620.2,77796.8843646
1591401600000,9620.1,9735.0,9536.0,9668.2,40798.24273787
1591488000000,9667.7,9811.9,9376.5,9745.9,70902.81204589
1591574400000,9746.0,9800.0,9637.3,9777.0,45597.08536331
1591660800000,9777.0,9875.0,9560.0,9771.2,66444.71094504
1591747200000,9771.2,9999.0,9664.2,9880.9,78797.02674228
1591833600000,9881.6,9975.1,9056.2,9280.6,110040.33856599
1591920000000,9280.9,9557.6,9240.7,9466.3,66839.78810073
1592006400000,9466.2,9494.8,9350.9,9474.0,63400.92384664
1592092800000,9473.8,9480.5,9246.1,9343.3,50019.88183377
1592179200000,9343.3,9496.9,8910.4,9424.4,69641.88716557
1592265600000,9424.4,9592.2,9372.0,9523.9,70455.34524049
1592352000000,9524.3,9566.0,9231.0,9462.4,64362.30289812
1592438400000,9463.5,9486.0,9278.7,9387.5,70368.44252393
1592524800000,9387.3,9438.0,9240.0,9312.0,86892.73423271
1592611200000,9312.0,9396.0,9172.1,9358.4,84769.56221129
1592697600000,9358.9,9420.0,9282.0,9295.7,84495.90272981
1592784000000,9295.7,9786.1,9276.0,9684.0,82039.5435858
1592870400000,9684.0,9718.8,9578.4,9623.8,74355.38068064
1592956800000,9623.9,9670.1,9205.1,9297.0,60233.39264989
1593043200000,9296.8,9340.1,9007.4,9248.8,73960.73496447
1593129600000,9248.9,9298.4,9046.0,9161.9,61983.78851498
1593216000000,9161.9,9195.0,8818.0,9012.0,43773.74495578
1593302400000,9012.1,9190.0,8937.8,9117.4,25593.7600033
1593388800000,9117.3,9235.5,9028.0,9188.8,37778.78896376
1593475200000,9188.8,9204.4,9063.7,9136.5,44575.17448385
1593561600000,9136.5,9289.0,9091.9,9229.9,37420.67539872
1593648000000,9229.9,9262.9,8941.3,9086.7,67214.17129566
1593734400000,9086.3,9125.1,9040.0,9060.7,46031.31613719
1593820800000,9060.7,9189.8,9044.7,9134.5,21999.70879326
1593907200000,9134.4,9144.5,8906.3,9073.5,29445.15341634
1593993600000,9073.5,9375.7,9059.2,9344.8,50066.13441457
1594080000000,9344.7,9378.9,9205.0,9256.1,30567.58624967
1594166400000,9256.1,9469.9,9229.0,9435.3,35127.0736645
1594252800000,9435.3,9439.7,9159.6,9233.2,30977.74818323
1594339200000,9233.1,9314.0,9126.3,9288.4,33388.31714306
1594425600000,9288.6,9298.5,9179.0,9234.4,26000.6681274
1594512000000,9234.3,9346.1,9159.0,9300.0,25776.36570356
1594598400000,9300.1,9341.8,9201.7,9242.0,37422.34526224
1594684800000,9242.0,9273.5,9111.0,9253.2,31715.00211387
1594771200000,9253.2,9272.0,9160.0,9198.5,27103.94987593
1594857600000,9198.5,9224.6,9047.1,9133.9,52755.60560209
1594944000000,9134.0,9185.0,9090.7,9155.3,24684.22033797
1595030400000,9155.3,9206.8,9125.0,9168.6,29836.26810015
1595116800000,9168.6,9230.0,9099.2,9207.6,19571.97996147
1595203200000,9208.6,9218.6,9134.4,9160.5,39868.5867983
1595289600000,9160.5,9438.0,9152.0,9387.8,34614.80276378
1595376000000,9387.8,9543.8,9275.0,9518.3,34003.48624824
1595462400000,9518.4,9666.0,9441.7,9603.7,35856.2451571
1595548800000,9603.7,9631.0,9466.0,9537.4,34675.90234548
1595635200000,9537.4,9730.0,9524.7,9701.5,44796.49876079
1595721600000,9701.5,10163.2,9649.2,9931.5,56115.38327271
1595808000000,9931.5,11386.0,9921.3,11031.3,102013.72720398
1595894400000,11031.4,11239.3,10568.6,10908.0,76366.61637673
1595980800000,10908.1,11340.0,10834.6,11101.1,66630.00268048
1596067200000,11101.1,11170.0,10829.7,11099.6,62972.3474105
1596153600000,11099.6,11441.5,10962.5,11336.6,60042.06587675
1596240000000,11336.6,11857.5,11210.4,11803.9,53960.03980284
1596326400000,11803.9,12100.0,10422.0,11070.8,73849.71766601
1596412800000,11071.4,11469.0,10915.4,11220.4,45342.97513382
1596499200000,11220.4,11414.1,11015.1,11190.0,61234.53057883
1596585600000,11190.1,11778.5,11091.2,11739.1,56979.51095948
1596672000000,11739.2,11899.0,11561.6,11762.9,56701.54285373
1596758400000,11762.9,11910.0,11322.1,11592.8,59455.3912518
1596844800000,11592.8,11809.9,11515.4,11762.3,43293.11945245
1596931200000,11762.2,11793.2,11525.0,11679.2,42237.60015971
1597017600000,11679.2,12053.6,11450.0,11890.8,53691.05643206
1597104000000,11890.9,11935.5,11107.1,11389.4,58438.61653759
1597190400000,11389.4,11618.0,11141.0,11565.1,69726.09487346
1597276800000,11565.2,11789.0,11358.6,11777.0,46753.68643799
1597363200000,11776.9,11850.0,11634.9,11759.0,36563.65255779
1597449600000,11758.9,11979.4,11681.6,11853.5,38706.82998259
1597536000000,11853.5,11934.1,11684.4,11910.0,35978.62669848
1597622400000,11910.0,12450.0,11769.1,12279.3,52670.42784577
1597708800000,12279.3,12384.7,11826.0,11946.5,43083.57841387
1597795200000,11946.5,12018.0,11572.4,11753.4,46185.10558369
1597881600000,11753.1,11879.0,11670.4,11856.0,34649.27407901
1597968000000,11856.0,11875.9,11494.7,11528.3,40035.83292826
1598054400000,11528.3,11682.5,11380.5,11664.2,37822.83072514
1598140800000,11664.2,11712.7,11515.8,11647.2,29152.88745168
1598227200000,11647.2,11822.4,11588.0,11752.6,30900.64962734
1598313600000,11752.6,11768.0,11111.0,11320.9,47622.78296925
1598400000000,11320.9,11537.0,11245.9,11461.3,43641.02194704
1598486400000,11461.9,11586.0,11126.3,11328.7,47450.6768598
1598572800000,11329.1,11540.1,11280.0,11526.6,37558.62345226
1598659200000,11526.5,11577.5,11420.0,11469.2,33465.76786204
1598745600000,11469.2,11715.0,11460.7,11712.3,26855.77947416
1598832000000,11712.3,11774.9,11569.9,11652.2,26040.57018287
1598918400000,11652.2,12050.9,11528.0,11922.2,40275.28337947
1599004800000,11921.0,11952.5,11150.0,11385.6,54800.38810205
1599091200000,11386.1,11460.1,9933.0,10135.6,60866.15936481
1599177600000,10136.3,10626.5,9887.8,10447.9,50583.34843943
1599264000000,10447.9,10566.3,9833.6,10167.0,53300.05026884
1599350400000,10167.4,10345.9,9998.0,10256.7,27690.55878227
1599436800000,10256.7,10408.0,9875.4,10371.2,36481.67125733
1599523200000,10371.2,10437.7,9850.0,10127.8,38383.3843268
1599609600000,10127.8,10341.8,9980.0,10218.9,35755.95367398
1599696000000,10218.8,10483.4,10206.8,10337.1,39865.54668464
1599782400000,10337.1,10398.1,10200.5,10387.2,34318.00378142
1599868800000,10387.2,10477.7,10269.7,10439.6,32747.01027959
1599955200000,10439.6,10579.8,10211.8,10330.0,43205.73137907
1600041600000,10329.9,10748.4,10242.8,10672.0,40303.65982805
1600128000000,10671.9,10930.0,10605.0,10785.0,44278.96254504
1600214400000,10784.9,11091.9,10665.5,10950.7,46573.0366704
1600300800000,10950.8,11044.0,10747.1,10939.1,43529.64383373
1600387200000,10939.2,11039.2,10814.8,10932.8,30044.13807278
1600473600000,10932.8,11178.7,10890.3,11080.7,29283.08449382
1600560000000,11079.4,11079.4,10758.4,10921.1,34406.22403601
1600646400000,10920.5,10988.3,10295.8,10417.8,35499.08138354
1600732800000,10417.8,10572.9,10357.0,10528.9,50402.47987742
1600819200000,10528.8,10535.7,10138.1,10240.9,43775.78541837
1600905600000,10240.9,10797.8,10197.7,10733.4,42439.28672648
1600992000000,10733.1,10761.4,10556.6,10687.3,39408.04528228
1601078400000,10687.3,10821.0,10647.1,10728.4,35976.26510961
1601164800000,10728.4,10800.0,10593.4,10773.6,33541.09954273
1601251200000,10773.6,10956.0,10638.0,10696.7,42257.1908745
1601337600000,10696.7,10863.5,10636.9,10840.7,39519.90360946
1601424000000,10839.9,10846.5,10666.0,10777.2,40577.17837779
1601510400000,10777.3,10922.0,10448.6,10619.9,43261.80402335
1601596800000,10619.2,10665.5,10375.0,10570.6,47721.90719329
1601683200000,10570.6,10601.9,10496.0,10541.8,37607.50464553
1601769600000,10541.8,10697.0,10518.7,10667.9,35253.57079991
1601856000000,10666.8,10798.7,10618.2,10791.3,35350.99530309
1601942400000,10791.4,10800.0,10527.0,10600.6,33582.95510801
1602028800000,10600.7,10679.9,10550.0,10664.7,31534.85905184
1602115200000,10664.8,10950.0,10533.1,10924.5,40532.74346303
1602201600000,10924.4,11100.0,10831.2,11051.6,34053.65814689
1602288000000,11051.5,11489.6,11051.5,11294.3,38071.81788526
1602374400000,11294.3,11443.8,11272.9,11371.4,18821.13595961
1602460800000,11371.3,11724.6,11143.9,11531.8,32480.97062913
1602547200000,11531.8,11560.0,11304.5,11419.2,33231.67504185
1602633600000,11419.2,11547.0,11283.8,11417.8,33273.10321992
1602720000000,11419.0,11615.3,11253.2,11503.9,30836.23662092
1602806400000,11503.9,11539.0,11180.8,11315.4,33239.75585229
1602892800000,11317.4,11400.0,11209.6,11355.9,20821.05287068
1602979200000,11355.9,11512.0,11339.5,11501.3,17647.02871464
1603065600000,11501.4,11828.2,11404.8,11743.9,21789.92412338
1603152000000,11743.9,12041.0,11670.2,11899.1,22457.14369475
1603238400000,11899.2,13198.0,11876.6,12770.0,33201.92404069
1603324800000,12769.1,13145.0,12625.0,12911.3,22070.02677173
1603411200000,12912.2,13016.0,12703.0,12905.1,20836.78442436
1603497600000,12903.8,13154.6,12850.9,13080.5,20129.18669878
1603584000000,13080.5,13315.6,12759.0,13002.0,22097.87716895
1603670400000,13001.9,13200.0,12723.0,13017.3,19235.87342549
1603756800000,13016.1,13740.9,12997.8,13595.0,19717.30445524
1603843200000,13595.5,13788.6,12870.0,13212.1,21458.89561865
1603929600000,13210.1,13557.1,12908.1,13400.7,18483.85379261
1604016000000,13400.8,13600.0,13051.0,13481.6,18611.12868263
1604102400000,13481.6,13950.0,13320.1,13666.5,21922.24483882
1604188800000,13666.0,13760.6,13471.2,13643.3,21574.49271902
1604275200000,13643.8,13719.4,13074.0,13394.0,13885.90721218
1604361600000,13394.0,13960.0,13188.2,13933.7,14928.39372983
1604448000000,13933.3,14159.8,13398.4,14021.6,14366.15883353
1604534400000,14021.7,15690.7,13980.5,15532.3,18784.75477923
1604620800000,15529.3,15879.9,15160.5,15546.9,14686.68103933
1604707200000,15547.8,15726.4,14350.0,14807.2,18397.04208897
1604793600000,14811.9,15638.9,14705.8,15449.0,17149.85634214
1604880000000,15448.7,15811.0,14808.1,15297.9,16298.01681868
1604966400000,15298.4,15438.6,15018.1,15197.1,16882.48728411
1605052800000,15197.1,15888.0,15177.6,15585.9,13847.60099351
1605139200000,15585.8,16260.0,15339.8,16222.9,17296.90744159
1605225600000,16218.3,16427.1,15830.4,16199.9,15910.00997143
1605312000000,16197.8,16203.7,15557.5,15954.7,16638.39535584
1605398400000,15954.6,16029.3,15639.2,15816.0,18742.43207264
1605484800000,15815.9,16769.9,15737.3,16622.4,14646.64787166
1605571200000,16622.4,17750.0,16450.0,17557.8,9837.0717558
1605657600000,17554.4,18381.4,16990.0,17613.4,14943.50493246
1605744000000,17614.1,18146.3,17188.8,17750.5,10485.3730465
1605830400000,17747.7,18770.0,17691.1,18618.0,11906.95585468
1605916800000,18619.8,18931.6,18208.6,18578.2,15509.11971212
1606003200000,18580.9,18650.0,17580.0,18389.2,13700.63497522
1606089600000,18394.9,18762.3,17990.3,18337.6,14820.42470836
1606176000000,18337.5,19399.2,17990.0,19140.4,22983.38163159
1606262400000,19140.7,19490.0,18400.0,18680.0,18391.43648852
1606348800000,18680.1,18874.9,16135.1,17143.8,33744.2127294
1606435200000,17144.7,17450.0,16438.7,17144.6,13748.4651538
1606521600000,17143.1,17871.4,16869.1,17717.8,10342.94214196
1606608000000,17717.5,18340.0,17518.3,18181.2,12489.53061315
1606694400000,18181.5,19888.0,18181.5,19694.9,24160.68957462
1606780800000,19694.9,19913.3,18066.0,18767.3,36650.18901642
1606867200000,18764.9,19343.3,18323.7,19205.3,27209.43828087
1606953600000,19203.9,19609.5,18865.5,19423.1,11245.56766729
1607040000000,19423.1,19522.7,18565.0,18652.0,15440.47984405
1607126400000,18648.0,19176.0,18505.0,19156.5,9584.84922472
1607212800000,19157.2,19421.4,18854.4,19361.1,14606.24472907
1607299200000,19367.5,19427.3,18903.2,19172.8,19240.65366592
1607385600000,19172.8,19298.1,18181.0,18320.7,32763.93292851
1607472000000,18320.6,18632.2,17652.0,18537.2,25152.70987098
1607558400000,18535.5,18545.3,17907.2,18255.5,19504.60212518
1607644800000,18253.5,18293.2,17565.0,18034.4,19641.01243832
1607731200000,18035.1,18946.6,18020.8,18806.4,16074.70616869
1607817600000,18805.7,19422.1,18710.4,19177.9,17043.44670732
1607904000000,19177.8,19354.5,19002.0,19273.3,16682.17260625
1607990400000,19273.3,19580.0,19041.0,19424.1,24792.65222471
1608076800000,19424.1,21560.0,19275.9,21337.5,35742.01101091
1608163200000,21337.2,23819.3,21236.6,22803.8,36927.2560826
1608249600000,22800.5,23286.7,22364.4,23118.6,16805.19309856
1608336000000,23115.8,24193.4,22750.1,23834.7,22504.24496296
1608422400000,23828.2,24299.2,23079.1,23471.7,17669.72329721
1608508800000,23469.0,24125.9,21928.9,22722.1,27066.70291972
1608595200000,22726.1,23840.0,22372.6,23816.0,17563.30370847
1608681600000,23816.1,24150.0,22604.2,23224.2,21405.08893993
1608768000000,23228.5,23805.1,22700.1,23738.4,13370.84946022
1608854400000,23735.7,24786.8,23437.6,24707.1,17418.50749736
1608940800000,24708.0,26868.0,24495.0,26491.9,18661.34097644
1609027200000,26494.8,28415.9,25837.1,26290.0,25571.20652721
1609113600000,26294.3,27510.3,26103.3,27074.7,14215.65285443
1609200000000,27067.5,27416.2,25840.0,27385.0,12437.69542564
1609286400000,27385.0,28999.0,27322.4,28877.7,13471.13375446
1609372800000,28879.7,29309.0,27885.0,28918.5,21145.46656165
1609459200000,28914.8,29629.0,28636.0,29340.7,21468.13820578
1609545600000,29333.0,33318.9,28954.9,32186.5,18978.43143661
1609632000000,32178.6,34786.4,31962.6,33010.0,16317.77286331
1609718400000,33021.0,33594.9,27600.0,31997.8,23366.61252905
1609804800000,32006.0,34381.1,29880.0,33948.0,21918.45621972
1609891200000,33950.0,36946.2,33300.0,36751.6,24929.57449466
1609977600000,36751.6,40341.4,36300.0,39439.3,24747.79377638
1610064000000,39439.3,41950.0,36533.0,40584.6,31328.68760119
1610150400000,40588.4,41387.0,38680.0,40087.7,16007.11999578
1610236800000,40086.5,41350.0,35193.9,38158.8,26786.72233134
1610323200000,38157.5,38262.9,30416.8,35405.9,49543.24053925
1610409600000,35427.7,36627.1,32518.4,34073.6,31232.14649888
1610496000000,34067.1,37786.4,32376.1,37362.0,33319.43662491
1610582400000,37374.0,40140.3,36739.6,39150.0,19719.30457584
1610668800000,39153.8,39745.3,34410.1,36748.1,19975.76316394
1610755200000,36748.2,37949.1,35354.8,35999.9,22484.94722632
1610841600000,36000.0,36850.0,33853.3,35833.9,16711.67317575
1610928000000,35832.3,37489.5,34779.1,36617.1,13581.10017842
1611014400000,36627.7,37867.7,35860.0,35889.6,16644.35551665
1611100800000,35878.3,36409.0,33386.4,35470.0,25454.71723064
1611187200000,35467.6,35604.1,30080.0,30862.2,27821.4103438
1611273600000,30851.9,33815.9,28842.2,32959.0,34215.70742329
1611360000000,32953.7,33463.2,31401.1,32076.4,14248.6800207
1611446400000,32078.2,33093.6,30918.4,32264.9,10126.1753777
1611532800000,32263.7,34869.4,31915.7,32262.1,15155.09413355
1611619200000,32253.6,32912.2,30808.3,32482.7,14529.30371001
1611705600000,32475.5,32547.3,29230.5,30364.0,21570.78542787
1611792000000,30373.8,33758.4,29834.2,33300.0,24197.36316778
1611878400000,33300.0,38562.5,31919.0,34247.1,47050.67743276
1611964800000,34251.1,34928.6,32829.1,34262.7,20927.44277924
1612051200000,34264.5,34343.6,32170.2,33102.9,11608.43022317
1612137600000,33099.5,34713.8,32229.4,33518.8,13629.02110247
1612224000000,33501.9,35971.1,33430.6,35470.3,12879.52659354
1612310400000,35471.0,37667.7,35366.7,37618.3,21622.49330788
1612396800000,37618.4,38732.4,36176.4,36937.8,21917.68894067
1612483200000,36927.1,38313.9,36589.0,38303.8,19081.69834642
1612569600000,38299.3,40950.0,38213.0,39191.4,14870.14417613
1612656000000,39188.3,39687.4,37344.1,38805.6,12822.78721313
1612742400000,38801.7,46790.2,37991.4,46363.3,26155.9851503
1612828800000,46367.8,48137.3,44982.7,46425.0,15727.90659022
1612915200000,46425.3,47309.5,43729.0,44815.9,15117.62731985
1613001600000,44805.0,48628.6,43990.9,47963.1,12629.59520967
1613088000000,47974.5,49000.0,46108.2,47301.0,12946.47724136
1613174400000,47298.9,48126.0,46221.8,47150.3,10765.64450209
1613260800000,47150.3,49705.1,47021.5,48591.0,9086.60352397
1613347200000,48583.7,49009.1,45680.0,47912.0,11072.42263818
1613433600000,47914.2,50654.0,47012.2,49147.0,11589.24503955
1613520000000,49139.5,52617.9,48952.2,52116.1,10849.38469037
1613606400000,52116.0,52530.6,50900.0,51558.4,13950.65005486
1613692800000,51551.0,56367.4,50706.0,55892.2,10089.34609369
1613779200000,55885.5,57586.6,53927.8,55838.3,20451.94972667
1613865600000,55838.5,58318.0,55485.4,57407.7,7282.02582129
1613952000000,57407.6,57513.8,47668.0,54092.2,19895.01073604
1614038400000,54086.1,54199.3,44890.9,48886.3,39817.76973586
1614124800000,48886.4,51351.9,47001.1,49685.1,20031.62692792
1614211200000,49671.4,52000.0,46680.0,47099.1,13790.75061064
1614297600000,47089.2,48418.6,44108.2,46296.0,24222.38470985
1614384000000,46302.7,48392.6,45000.0,46137.0,10103.35109982
1614470400000,46115.0,46634.2,43001.0,45132.0,13938.19704157
1614556800000,45132.1,49794.4,44945.3,49592.5,13831.62343455
1614643200000,49597.5,50210.1,47058.9,48447.7,12558.63485876
1614729600000,48447.7,52630.1,48102.3,50353.3,11707.6829716
1614816000000,50356.0,51771.8,47500.0,48375.4,14769.21006928
1614902400000,48375.8,49449.8,46299.9,48749.7,18707.96921905
1614988800000,48752.6,49199.0,47061.7,48878.5,11862.04331768
1615075200000,48887.5,51463.9,48887.5,50979.5,9017.06821481
1615161600000,50975.2,52393.4,49254.2,52377.3,12789.0796149
1615248000000,52377.4,54888.0,51821.5,54883.3,10769.03595172
1615334400000,54873.7,57434.8,53018.0,55865.9,12921.36275264
1615420800000,55860.4,58145.9,54278.4,57786.2,16466.71975244
1615507200000,57780.0,58083.3,55030.9,57230.0,22099.90195987
1615593600000,57230.0,61829.0,56082.4,61187.6,18113.15801696
1615680000000,61189.0,61699.9,58979.9,58989.9,9926.31251758
1615766400000,58979.6,60711.7,54434.0,55605.0,18932.38893124
1615852800000,55594.8,56929.0,53272.7,56904.9,15357.01609346
1615939200000,56900.9,58986.3,54133.0,58886.1,12242.03943372
1616025600000,58899.0,60140.0,57018.0,57642.8,9921.71953013
1616112000000,57640.5,59467.4,56277.7,58025.6,9873.24099079
1616198400000,58023.6,59909.5,57833.6,58114.3,24808.70736514
1616284800000,58104.2,58599.9,55391.4,57339.0,14117.54692931
1616371200000,57346.9,58430.0,53656.6,54075.6,14512.46793064
1616457600000,54096.7,55826.0,52952.6,54345.0,11282.9964496
1616544000000,54345.0,57198.9,51685.8,52300.0,16413.89525832
1616630400000,52300.0,53228.1,50444.1,51302.5,17120.38861643
1616716800000,51302.5,55067.1,51209.4,55015.5,20244.07371734
1616803200000,55015.4,56629.9,53957.2,55814.2,12850.45463448
1616889600000,55810.0,56553.9,54689.8,55781.5,11866.04746254
1616976000000,55777.2,58400.0,54920.0,57634.6,10933.72416501
1617062400000,57634.5,59377.0,57075.0,58747.6,11119.52942532
1617148800000,58746.1,59800.0,56820.1,58753.9,11712.62901843
1617235200000,58743.0,59498.7,57939.8,58741.7,9559.43541172
1617321600000,58741.7,60200.0,58461.4,58972.5,9961.7214997
1617408000000,58972.5,59829.6,56900.0,57061.4,25303.61240615
1617494400000,57067.4,58528.3,56431.1,58198.2,7195.87533598
1617580800000,58198.1,59328.6,56800.0,59141.7,8893.2862465
1617667200000,59141.8,59500.0,57400.0,57986.9,8329.37357507
1617753600000,57986.8,58663.9,55500.0,55952.8,13721.27216862
1617840000000,55956.7,58163.4,55703.5,58091.1,6932.61167401
1617926400000,58091.0,58915.0,57656.4,58143.6,6834.92818037
1618012800000,58143.6,61331.7,57900.0,59776.5,8729.465479
1618099200000,59776.4,60711.4,59227.2,59995.7,8468.70689095
1618185600000,60000.8,61271.8,59395.7,59856.0,10166.17900643
1618272000000,59851.9,63772.4,59812.7,63573.3,9941.25810471
1618358400000,63580.0,64846.9,61300.0,62963.0,12151.70072712
1618444800000,62955.5,63780.0,62032.6,63142.3,9108.05827467
1618531200000,63142.4,63524.0,59980.0,61340.1,16864.66937995
1618617600000,61340.1,62528.7,59510.0,59994.2,12658.23289379
1618704000000,60000.0,60361.2,50900.0,56145.9,32836.1574775
1618790400000,56140.9,57520.9,54209.6,55626.7,10655.51251477
1618876800000,55637.1,57075.0,53332.6,56427.9,13755.7135042
1618963200000,56421.1,56757.9,53666.0,53789.5,10286.33913861
1619049600000,53794.1,55550.0,50471.9,51686.4,31602.17321881
1619136000000,51694.8,52137.9,47503.7,51116.6,25179.16179177
1619222400000,51113.8,51159.5,48674.6,50042.6,18002.82978104
1619308800000,50042.7,50564.3,46988.1,49067.8,11492.61211933
1619395200000,49067.8,54341.0,48761.8,54001.8,14198.27946878
1619481600000,54001.7,55452.1,53243.7,55016.5,8155.05948282
1619568000000,55008.9,56426.9,53809.8,54844.4,8241.00397385
1619654400000,54844.4,55194.1,52344.1,53557.1,15096.66199178
1619740800000,53557.0,57928.6,53048.8,57681.1,11827.25586055
1619827200000,57681.1,58476.3,57015.7,57800.2,16100.05587408
1619913600000,57800.2,57925.3,56002.3,56577.6,7678.56833052
1620000000000,56577.7,58982.9,56400.0,57156.0,9279.67690579
1620086400000,57156.1,57199.8,53039.2,53216.3,14986.65040029
1620172800000,53203.9,58000.0,52910.0,57450.0,11648.60286334
1620259200000,57449.9,58367.3,55140.5,56390.7,14476.23273109
1620345600000,56390.6,58664.4,55259.7,57307.1,11289.14642259
1620432000000,57307.1,59520.0,56904.1,58878.8,19254.98101861
1620518400000,58868.4,59222.0,56226.5,58247.1,15487.9130002
1620604800000,58247.2,59541.6,53555.0,55816.7,17921.17639041
1620691200000,55816.8,56855.3,54463.5,56680.9,14001.26229621
1620777600000,56680.8,57987.9,48567.0,49542.3,17903.35111227
1620864000000,49549.8,51349.9,45750.0,49687.5,32714.88880113
1620950400000,49677.5,51474.8,48830.7,49851.6,12203.04286535
1621036800000,49851.6,50677.9,46553.3,46762.3,19750.54153305
1621123200000,46760.6,49797.8,43856.0,46415.8,21196.55504105
1621209600000,46415.8,46609.6,42100.0,43559.8,36543.41763744
1621296000000,43548.3,45795.8,42256.0,42855.5,25484.08759755
1621382400000,42856.8,43592.9,29000.0,36689.5,139051.8317671
1621468800000,36689.6,42398.2,34909.8,40523.1,64960.8890273
1621555200000,40523.1,42222.0,33477.2,37255.5,76169.39717017
1621641600000,37255.6,38842.8,35211.0,37452.3,37506.46764796
1621728000000,37450.8,38276.5,31083.3,34690.7,68495.06888414
1621814400000,34684.8,39933.0,34358.9,38809.0,33357.39007535
1621900800000,38817.0,39795.3,36424.5,38329.9,23049.91923558
1621987200000,38329.9,40855.3,37800.8,39240.0,22399.13424123
1622073600000,39236.5,40420.0,37142.5,38522.7,19742.8202006
1622160000000,38524.9,38877.4,34680.0,35671.8,28139.63146538
1622246400000,35669.1,37337.2,33634.9,34600.1,24318.84431028
1622332800000,34603.1,36507.9,33379.7,35650.4,15927.14027212
1622419200000,35648.8,37503.8,34149.4,37252.5,21427.76614058
1622505600000,37256.7,37894.2,35633.5,36691.5,16526.59550389
1622592000000,36691.5,38223.0,35918.3,37565.1,15925.15185766
1622678400000,37568.7,39482.0,37174.5,39241.2,8359.92133039
1622764800000,39238.8,39277.6,35508.0,36833.7,14930.49030749
1622851200000,36833.6,37913.9,34812.5,35514.4,18369.71600325
1622937600000,35514.4,36469.5,35227.0,35799.7,12852.72647284
1623024000000,35799.6,36798.8,33287.4,33565.3,16792.66983844
1623110400000,33565.0,34071.4,31000.0,33379.6,24133.26221466
1623196800000,33379.7,37537.7,32400.1,37388.8,25334.90388145
1623283200000,37389.4,38450.9,35800.0,36688.2,21860.27173057
1623369600000,36682.6,37683.5,35933.2,37335.9,20816.50516998
1623456000000,37335.8,37463.0,34622.4,35547.4,34073.370376
1623542400000,35545.5,39365.0,34756.4,39023.0,17971.21376449
1623628800000,39023.0,41033.8,38744.0,40512.3,19175.1989925
1623715200000,40512.3,41324.4,39511.6,40153.9,15589.54139663
1623801600000,40154.0,40499.0,38108.0,38350.9,21442.09967112
1623888000000,38348.5,39580.6,37367.6,38100.5,24823.74178832
1623974400000,38098.1,38200.5,35133.5,35818.2,21587.87497905
1624060800000,35818.1,36440.0,34811.0,35483.9,27572.70119207
1624147200000,35483.9,36127.2,33339.0,35598.9,23967.36193166
1624233600000,35598.9,35739.7,31242.0,31616.3,47820.17433971
1624320000000,31616.2,33303.8,28808.0,32514.0,47983.24586969
1624406400000,32515.0,34832.8,31709.0,33669.8,29373.66007527
1624492800000,33672.5,35305.8,32304.5,34661.1,22508.67764727
1624579200000,34661.1,35490.2,31290.1,31584.1,29697.64536074
1624665600000,31587.4,32772.5,30156.2,32284.5,31938.02805569
1624752000000,32284.5,34749.7,32001.5,34699.6,19443.41711048
1624838400000,34699.6,35295.5,33874.6,34492.2,18647.17169331
1624924800000,34492.2,36610.6,34227.7,35915.5,18275.3100609
1625011200000,35915.5,36100.0,34042.0,35041.7,16325.10078604
1625097600000,35045.9,35054.2,32712.5,33512.6,23189.5920739
1625184000000,33512.6,33975.2,32696.9,33788.3,19513.92612629
1625270400000,33788.4,34957.4,33315.1,34671.7,21464.09905227
1625356800000,34674.3,35964.3,34356.0,35282.3,9842.73208547
1625443200000,35282.2,35282.2,33130.3,33685.9,12377.01372231
1625529600000,33686.2,35123.0,33519.6,34221.2,14414.59056771
1625616000000,34217.5,35066.2,33777.1,33860.2,12037.39088952
1625702400000,33858.8,33921.9,32050.0,32870.0,27982.69522714
1625788800000,32867.1,34128.8,32273.6,33824.9,24418.56476507
1625875200000,33824.9,34266.0,33036.1,33515.4,19344.77249786
1625961600000,33515.3,34620.8,33319.7,34257.4,6617.62330349
1626048000000,34257.4,34669.8,32652.1,33097.0,12638.12878973
1626134400000,33093.8,33342.0,32200.0,32727.6,10009.28482413
1626220800000,32731.6,33111.0,31588.5,32817.8,10932.12549899
1626307200000,32817.7,33188.0,31142.8,31875.8,8442.97740982
1626393600000,31879.9,32248.0,31031.5,31385.4,37272.58419551
1626480000000,31385.5,31964.6,31165.6,31516.8,16294.27675259
1626566400000,31516.8,32441.2,31100.0,31779.9,9995.06757249
1626652800000,31779.9,31897.2,30423.6,30838.1,12198.33522519
1626739200000,30838.0,31065.2,29263.7,29786.3,11508.99813152
1626825600000,29786.3,32849.4,29493.6,32142.7,16401.21343019
1626912000000,32144.7,32595.0,31727.1,32290.3,9117.37678315
1626998400000,32290.2,33643.1,31960.6,33633.5,30860.71802647
1627084800000,33640.9,34500.0,33412.9,34247.7,24020.53389349
1627171200000,34260.5,35400.0,33850.0,35388.0,8065.05167417
1627257600000,35387.2,40602.2,35216.3,37240.1,36269.6518527
1627344000000,37240.1,39532.3,36393.3,39460.0,19109.72225751
1627430400000,39460.0,40888.0,38780.0,40026.6,22183.41813546
1627516800000,40025.6,40644.8,39236.6,40022.8,14142.42665746
1627603200000,40025.0,42300.0,38323.1,42210.7,33708.68503958
1627689600000,42205.2,42405.6,41026.1,41456.8,25269.33167415
1627776000000,41462.7,42574.6,39397.3,39834.1,9755.42156113
1627862400000,39834.1,40455.1,38692.5,39148.5,13939.21158362
1627948800000,39148.5,39770.0,37607.2,38204.0,15561.68505223
1628035200000,38204.0,39977.5,37486.5,39736.0,13114.49729115
1628121600000,39731.9,41364.6,37307.2,40868.8,21098.73702564
1628208000000,40868.8,43390.3,39867.1,42847.8,23876.37318543
1628294400000,42847.7,44729.5,42438.0,44581.4,27800.37246992
1628380800000,44581.5,45380.1,43270.1,43802.6,14990.74063396
1628467200000,43802.7,46452.6,42777.8,46263.0,18664.91007229
1628553600000,46263.0,46725.7,44633.9,45582.9,15389.21988936
1628640000000,45587.1,46757.1,45347.6,45515.5,15373.12300192
1628726400000,45515.5,46223.1,43766.3,44403.5,22014.80548835
1628812800000,44403.6,47894.0,44222.5,47798.3,8962.91002809
1628899200000,47802.7,48155.0,46000.0,47080.0,18869.13831874
1628985600000,47080.0,47380.5,45492.1,46979.5,14002.60735651
1629072000000,46979.5,48036.2,45658.1,45899.2,13250.91265226
1629158400000,45899.1,47166.0,44385.4,44683.1,9454.87456964
1629244800000,44684.3,46018.5,44213.5,44709.4,14752.08377285
1629331200000,44709.5,47063.8,43933.2,46767.1,25819.48148305
1629417600000,46763.0,49426.1,46639.5,49332.7,10726.83783157
1629504000000,49332.7,49786.0,48229.0,48827.9,22113.77894119
1629590400000,48827.8,49500.0,48022.0,49251.8,12098.51795668
1629676800000,49251.7,50504.0,49032.2,49493.2,13422.40072018
1629763200000,49493.2,49864.0,47596.6,47673.2,12431.91645742
1629849600000,47673.1,49248.9,47111.0,48986.3,12741.39933131
1629936000000,48986.4,49356.8,46278.7,46832.7,9771.29759597
1630022400000,46832.8,49142.9,46349.8,49057.9,22020.77438022
1630108800000,49066.1,49286.9,48339.0,48892.0,16141.95990715
1630195200000,48893.2,49632.9,47737.9,48759.9,15282.39877682
1630281600000,48759.9,48868.4,46841.7,46976.0,13306.49836217
1630368000000,46976.0,48246.9,46683.6,47110.7,14093.18752211
1630454400000,47110.6,49111.0,46501.0,48828.9,13992.73448253
1630540800000,48828.8,50376.7,48603.7,49251.1,17377.51789573
1630627200000,49251.1,51049.4,48319.2,49990.2,21293.02900708
1630713600000,49990.2,50535.4,49350.0,49906.5,16130.93149491
1630800000000,49906.6,51887.3,49450.0,51769.2,10932.64607789
1630886400000,51769.2,52784.0,50983.9,52667.3,13483.57550517
1630972800000,52667.3,52920.3,42619.5,46858.2,38796.88380068
1631059200000,46858.2,47343.4,44419.9,46054.0,17963.42854335
1631145600000,46054.0,47383.9,45525.9,46393.3,8356.94890886
1631232000000,46393.3,47033.7,44132.4,44850.8,25620.19921952
1631318400000,44850.9,45979.2,44726.9,45165.7,23846.15067504
1631404800000,45165.7,46468.2,44742.9,46020.9,8528.69377142
1631491200000,46020.8,46882.3,43346.7,44941.1,25477.93542717
1631577600000,44941.1,47257.9,44650.0,47108.9,14780.15969308
1631664000000,47108.8,48446.3,46683.9,48128.5,8164.50375311
1631750400000,48128.4,48499.0,47029.8,47741.7,10871.30866239
1631836800000,47741.6,48152.6,46752.3,47296.3,6640.36506589
1631923200000,47300.0,48822.7,47026.2,48305.5,19012.18253892
1632009600000,48305.4,48372.1,46833.5,47244.4,11320.85422277
1632096000000,47244.4,47339.2,42476.2,43020.6,22522.08456534
1632182400000,43016.9,43635.5,39566.8,40730.3,28840.93614238
1632268800000,40724.5,44035.0,40572.3,43551.4,19866.42201164
1632355200000,43551.4,44979.5,43075.8,44866.9,16562.31823213
1632441600000,44866.9,45159.6,40659.0,42806.8,42789.26593299
1632528000000,42806.8,42966.0,41650.7,42678.0,21889.48488414
1632614400000,42678.0,43947.6,40754.3,43172.1,14238.76845451
1632700800000,43166.9,44356.9,42097.7,42152.9,15313.557783
1632787200000,42147.1,42761.6,40869.8,41018.6,17716.63408492
1632873600000,41018.5,42588.4,40733.1,41527.4,18224.71322862
1632960000000,41527.3,44109.3,41412.9,43821.0,13568.54931101
1633046400000,43821.0,48463.6,43290.3,48139.7,23076.42370523
1633132800000,48139.7,48357.5,47433.1,47640.6,10546.66042983
1633219200000,47640.6,49279.5,47100.1,48207.0,10473.07750559
1633305600000,48206.9,49498.2,47000.0,49217.1,10736.39523519
1633392000000,49217.1,51879.7,49029.0,51468.1,8627.86221268
1633478400000,51468.1,56000.0,50404.4,55312.9,25815.54871611
1633564800000,55320.3,55333.1,53368.0,53788.6,9280.13334572
1633651200000,53788.6,56215.5,53615.1,53945.9,17735.2842864
1633737600000,53945.9,55500.0,53666.0,54953.6,19797.39222553
1633824000000,54953.5,56543.5,54074.5,54656.8,15728.23956646
1633910400000,54656.7,57824.6,54428.5,57471.5,8701.56564398
1633996800000,57471.5,57691.4,53700.0,56002.1,20052.66165306
1634083200000,56002.2,57777.0,54204.3,57365.3,13349.69537279
1634169600000,57365.4,58543.1,56793.2,57346.6,20260.24661147
1634256000000,57341.4,62980.9,56858.5,61691.8,21894.40264265
1634342400000,61691.8,62356.7,60158.7,60884.0,10804.31301685
1634428800000,60883.9,61711.4,58894.3,61523.5,9303.58714357
1634515200000,61523.5,62718.3,59889.0,62015.1,14417.86387723
1634601600000,62015.1,64466.9,61329.0,64277.2,22075.42947366
1634688000000,64275.4,66999.0,63491.1,66011.6,14627.49547276
1634774400000,66011.6,66650.0,61822.5,62209.8,18572.95086703
1634860800000,62209.8,63723.9,60002.0,60695.9,15480.17773989
1634947200000,60695.9,61739.4,59644.4,61301.1,11021.59043251
1635033600000,61301.1,61499.3,59508.1,60855.2,18812.52050764
1635120000000,60855.2,63715.6,60646.3,63088.7,7414.94773639
1635206400000,63088.8,63285.0,59830.0,60307.6,14834.13832147
1635292800000,60314.9,61499.0,57940.7,58419.9,18478.0422612
1635379200000,58419.9,62499.0,55896.0,60585.9,16558.7716717
1635465600000,60577.7,62960.9,60171.4,62230.0,11076.43025424
1635552000000,62230.0,62366.5,60664.2,61864.8,10972.55557992
1635638400000,61864.9,62397.1,59930.3,61306.7,9457.13500753
1635724800000,61306.8,62445.5,59400.0,60907.1,14064.95011178
1635811200000,60907.1,64250.0,60634.8,63220.0,10785.18210521
1635897600000,63219.9,63515.4,59908.0,62897.7,10231.44643565
1635984000000,62897.7,63092.0,60666.4,61394.2,9756.15828623
1636070400000,61394.1,62594.0,60727.5,60944.7,15530.01608044
1636156800000,60944.8,61537.7,60057.8,61473.9,12742.83612971
1636243200000,61473.9,63274.9,61334.1,63258.6,7623.77443661
1636329600000,63258.7,67777.0,63258.7,67525.1,11790.77095302
1636416000000,67525.1,68538.2,66102.0,66951.7,8464.93414459
1636502400000,66951.6,69040.1,62733.0,64877.5,16197.93645448
1636588800000,64870.4,65583.0,64090.6,64783.1,8713.9217822
1636675200000,64774.5,65459.9,62258.0,64121.2,17354.45968787
1636761600000,64121.2,64991.0,63362.9,64378.5,15409.58552049
1636848000000,64378.5,65500.0,63581.3,65499.9,9478.70994785
1636934400000,65500.0,66342.4,63364.0,63608.8,12648.93096804
1637020800000,63608.8,63614.1,58393.1,60070.6,22677.89657373
1637107200000,60070.7,60808.9,58369.1,60341.2,13061.36192518
1637193600000,60341.3,60954.0,56460.5,56884.6,15406.4858305
1637280000000,56895.0,58322.0,55606.9,58055.2,12397.68626766
1637366400000,58056.7,59853.4,57362.8,59716.0,10140.69467489
1637452800000,59716.0,60035.7,58501.0,58601.9,7503.86177482
1637539200000,58612.2,59499.0,55596.6,56243.1,17717.23450225
1637625600000,56243.1,57869.6,55342.1,57539.1,14664.9058469
1637712000000,57539.1,57744.9,55888.0,57142.4,12069.74529741
1637798400000,57142.4,59399.7,57007.4,58954.2,11001.07871239
1637884800000,58959.2,59158.0,53488.0,53739.6,17949.56797822
1637971200000,53739.6,55275.6,53607.4,54726.8,10183.96313795
1638057600000,54721.4,57445.3,53257.8,57286.8,10081.82257634
1638144000000,57286.8,58861.1,56667.4,57769.2,13174.1267426
1638230400000,57769.2,59184.6,55896.9,56949.9,15773.18734752
1638316800000,56960.5,59048.7,56450.0,57176.8,12290.20107482
1638403200000,57176.9,57378.5,55768.0,56485.2,11661.57232147
1638489600000,56485.2,57617.8,51419.5,53609.2,19939.20801944
1638576000000,53599.3,53849.9,41241.7,49159.7,41038.80520467
1638662400000,49159.7,49701.5,47741.9,49393.5,11438.89780971
1638748800000,49393.5,50879.2,47118.0,50438.3,19052.27105047
1638835200000,50438.4,51936.0,50021.0,50587.6,11708.97981608
1638921600000,50587.6,51196.8,48600.0,50465.3,12154.42237174
1639008000000,50469.3,50799.0,47312.6,47550.0,11186.62796413
1639094400000,47549.9,50134.1,46848.5,47144.4,20283.40440871
1639180800000,47140.7,49482.8,46750.9,49388.1,13135.5250787
1639267200000,49388.2,50773.1,48612.5,50063.2,7728.04012911
1639353600000,50063.2,50192.7,45680.0,46706.6,14973.62669871
1639440000000,46706.6,48658.7,46292.0,48356.3,16997.18568095
1639526400000,48352.9,49500.0,46544.0,48858.5,18226.48228153
1639612800000,48858.5,49443.8,47524.1,47632.8,11544.05758598
1639699200000,47632.9,47998.0,45457.2,46140.0,15527.28455476
1639785600000,46140.0,47354.1,45500.0,46835.7,12735.81663222
1639872000000,46835.7,48325.0,46417.1,46680.1,12818.50504743
1639958400000,46680.1,47536.7,45566.6,46918.6,13284.47107217
1640044800000,46918.5,49315.9,46658.7,48892.2,14832.35779175
1640131200000,48892.2,49563.6,48440.0,48592.7,10528.28998228
1640217600000,48592.8,51370.0,48029.9,50830.0,12262.46729382
1640304000000,50830.0,51815.6,50406.1,50813.2,12196.08055753
1640390400000,50818.2,51149.9,50147.8,50407.2,9339.75516607
1640476800000,50407.2,51278.0,49410.0,50775.0,8154.89531575
1640563200000,50778.7,52095.7,50441.6,50699.9,10726.65766266
1640649600000,50699.9,50699.9,47312.1,47541.1,15766.02275249
1640736000000,47542.0,48130.0,46060.0,46466.9,12392.16659166
1640822400000,46466.9,47912.3,45900.0,47127.5,10483.5712763
1640908800000,47127.4,48566.0,45678.0,46219.9,16796.32555077
1640995200000,46218.3,47947.9,46216.2,47731.4,12228.27363501
1641081600000,47731.5,47994.1,46666.0,47290.0,10228.22774165
1641168000000,47290.0,47570.0,45688.0,46446.7,13114.64082491
1641254400000,46446.7,47600.0,45500.0,45830.1,14347.45019692
1641340800000,45830.0,47058.0,42444.1,43450.0,21690.49687895
1641427200000,43454.3,43786.0,42416.4,43078.6,10529.24727977
1641513600000,43078.6,43140.3,40565.8,41558.3,23440.96981428
1641600000000,41558.3,42301.9,40515.9,41683.5,18359.50798515
1641686400000,41683.5,42780.0,41200.0,41866.8,7507.89591728
1641772800000,41866.7,42235.5,39636.1,41820.0,16166.3740806
1641859200000,41820.0,43099.2,41268.9,42725.5,10212.24732484
1641945600000,42725.5,44350.0,42463.4,43908.9,9764.95482427
1642032000000,43909.0,44431.1,42320.0,42565.2,9056.49111912
1642118400000,42565.2,43453.2,41748.0,43066.2,9124.20248869
1642204800000,43066.2,43799.0,42566.4,43079.4,6611.21468869
1642291200000,43079.5,43477.9,42600.0,43069.4,5840.14474763
1642377600000,43070.0,43175.5,41555.5,42204.9,6715.36981197
1642464000000,42204.9,42690.0,41284.9,42350.3,5758.3980554
1642550400000,42350.3,42573.0,41140.0,41658.6,8805.05077398
1642636800000,41658.5,43497.0,40562.6,40676.4,10669.14253978
1642723200000,40676.4,41097.6,35420.4,36458.1,27523.25677204
1642809600000,36454.6,36830.1,34000.0,35063.5,25275.29771466
1642896000000,35063.5,36545.2,34560.0,36257.6,11543.67746147
1642982400000,36257.5,38300.0,32928.1,36667.0,26108.11970494
1643068800000,36666.9,38118.4,35709.5,36952.0,12649.91809102
1643155200000,36951.9,38900.0,36259.6,36809.9,19953.91037089
1643241600000,36810.0,37221.8,35524.1,37166.1,9901.33752785
1643328000000,37166.0,38000.0,36150.0,37717.5,6302.01509706
1643414400000,37717.5,38737.6,37300.0,38173.8,4555.76638938
1643500800000,38173.8,38400.9,37354.8,37894.1,3098.31738133
1643587200000,37894.1,38750.2,36638.0,38468.0,5873.83790807
1643673600000,38468.0,39300.0,38001.0,38700.0,4795.07525497
1643760000000,38700.0,38855.6,36577.0,36899.8,5163.64052049
1643846400000,36899.8,37931.6,36254.0,37320.5,5887.09364176
1643932800000,37320.4,41745.6,37000.0,41574.0,11658.14426065
1644019200000,41575.9,41920.0,40947.5,41390.1,4626.77674449
1644105600000,41390.1,42718.4,41114.1,42380.4,3660.83636871
1644192000000,42380.4,44515.5,41650.0,43846.0,8429.85441136
1644278400000,43846.0,45486.0,42668.1,44039.9,11013.32353911
1644364800000,44041.2,44822.9,43128.0,44378.7,5127.17759666
1644451200000,44378.8,45832.2,43166.4,43490.7,13020.22698165
1644537600000,43492.0,43923.9,41928.6,42377.6,7802.54759753
1644624000000,42376.0,43000.0,41708.9,42216.1,4607.62355486
1644710400000,42217.1,42771.9,41868.7,42053.9,3226.25242462
1644796800000,42053.9,42836.9,41555.5,42532.5,5831.63689163
1644883200000,42532.5,44761.3,42419.8,44549.9,5797.71592276
1644969600000,44550.0,44559.9,43318.1,43880.1,4123.04818911
1645056000000,43880.1,44153.9,40060.0,40514.2,8331.69782449
1645142400000,40514.2,40958.0,39447.1,39984.1,7335.98368783
1645228800000,39984.0,40446.4,39642.8,40072.5,2943.19105055
1645315200000,40072.6,40118.9,37955.5,38380.0,4993.21142367
1645401600000,38380.0,39493.9,36800.0,37012.6,12199.88324444
1645488000000,37012.7,38433.0,36352.0,38234.1,8117.45589667
1645574400000,38234.1,39250.0,37038.9,37248.0,6817.46029075
1645660800000,37247.9,39871.3,34322.0,38332.0,24736.32714941
1645747200000,38331.6,39692.0,38023.6,39222.0,7986.69449622
1645833600000,39222.0,40308.0,38584.8,39108.0,5174.86231705
1645920000000,39108.3,39860.0,36965.8,37698.0,9972.69838271
1646006400000,37697.9,44215.8,37450.1,43171.2,14797.8226169
1646092800000,43171.1,44949.6,42833.4,44400.0,10280.94621428
1646179200000,44400.0,45333.0,43341.8,43904.1,8696.85268421
1646265600000,43904.1,44085.9,41836.0,42454.1,6790.75882335
1646352000000,42454.1,42522.0,38555.0,39140.0,11014.14256401
1646438400000,39140.0,39611.0,38576.0,39394.0,4210.0862948
1646524800000,39394.0,39700.0,38092.0,38415.0,5414.75608799
1646611200000,38415.0,39550.0,37158.8,37995.0,9422.93630218
1646697600000,37995.0,39363.4,37877.3,38733.6,7766.81275915
1646784000000,38733.5,42583.5,38660.2,41951.9,11357.93947818
1646870400000,41949.0,42044.0,38550.0,39419.6,15110.31933136
1646956800000,39419.6,40239.0,38227.5,38735.1,9247.23423198
1647043200000,38735.1,39460.3,38666.6,38806.1,3255.26951759
1647129600000,38806.1,39307.0,37573.8,37779.9,4713.11966856
1647216000000,37780.0,39936.0,37554.8,39676.2,8275.13939424
1647302400000,39676.1,39897.9,38111.0,39289.1,7809.58047303
1647388800000,39288.7,41738.1,38820.0,41119.9,23652.96624046
1647475200000,41120.0,41476.9,40512.9,40917.9,6888.56571857
1647561600000,40918.0,42311.0,40144.9,41761.2,8551.60429425
1647648000000,41761.1,42398.0,41515.1,42205.2,6021.70490213
1647734400000,42204.7,42290.7,40909.7,41262.0,6621.8036546
1647820800000,41263.0,41530.0,40480.0,41008.0,9558.77318444
1647907200000,41008.0,43370.0,40880.0,42359.5,13832.22844809
1647993600000,42359.5,43020.0,41756.1,42884.1,7826.14818033
1648080000000,42884.1,44216.0,42590.0,43994.2,9510.25475408
1648166400000,43994.2,45080.0,43584.0,44312.7,9361.45761573
1648252800000,44312.8,44789.6,44079.9,44520.1,3647.55866493
1648339200000,44520.0,46942.0,44432.0,46824.1,8681.46752381
1648425600000,46824.1,48184.8,46665.2,47127.9,9831.73479559
1648512000000,47128.0,48075.0,46956.1,47440.0,9552.62624495
1648598400000,47438.8,47690.0,46544.0,47059.9,9134.33174036
1648684800000,47060.0,47610.0,45200.0,45513.3,9507.31232792
1648771200000,45513.3,46707.8,44219.6,46278.0,10800.13230933
1648857600000,46277.9,47204.3,45620.0,45809.4,7216.05780929
1648944000000,45809.4,47440.0,45520.0,46409.9,5535.65799429
1649030400000,46410.0,46886.6,45120.0,46587.7,7595.58050241
1649116800000,46587.7,47189.5,45362.7,45496.4,6964.47988812
1649203200000,45499.1,45501.9,43119.1,43170.8,13293.26335019
1649289600000,43170.8,43897.9,42726.6,43446.3,7934.83653169
1649376000000,43440.1,43980.0,42112.0,42260.0,9641.85049765
1649462400000,42260.0,42795.0,42128.0,42748.8,5254.33261058
1649548800000,42748.9,43408.5,41870.0,42149.4,6276.92345878
1649635200000,42149.3,42410.0,39190.0,39520.0,13473.99996538
1649721600000,39520.0,40692.3,39261.1,40076.4,12430.44039549
1649808000000,40076.3,41555.0,39593.8,41140.0,10193.17273457
1649894400000,41139.9,41489.2,39497.5,39941.3,7569.41509989
1649980800000,39941.3,40863.1,39770.0,40550.0,4937.28770046
1650067200000,40550.0,40700.0,40000.0,40377.3,2962.92315525
1650153600000,40377.3,40592.7,39540.7,39676.0,3163.29533663
1650240000000,39675.1,41100.0,38519.4,40794.4,8752.92426319
1650326400000,40794.4,41754.3,40570.0,41489.3,4274.26422095
1650412800000,41489.3,42207.4,40855.0,41369.9,6016.24212447
1650499200000,41367.8,42970.0,39747.8,40476.0,7726.97557795
1650585600000,40476.0,40789.3,39172.1,39714.8,6031.25081179
1650672000000,39714.7,40000.0,39289.3,39442.6,2991.21072928
1650758400000,39442.5,39948.2,38928.9,39454.9,4847.73624121
1650844800000,39454.9,40616.0,38166.0,40433.0,9810.43210854
1650931200000,40433.1,40801.0,37700.0,38112.8,9391.77654739
1651017600000,38112.7,39472.6,37880.0,39234.3,6886.0693522
1651104000000,39234.3,40423.4,38877.5,39744.3,7304.82718841
1651190400000,39744.2,39926.0,38174.5,38598.6,5817.50155625
1651276800000,38598.6,38783.3,37563.1,37638.1,4623.05641662
1651363200000,37638.0,38700.0,37386.0,38468.4,3670.11023693
1651449600000,38466.5,39168.4,38061.6,38529.9,5854.88926591
1651536000000,38530.0,38648.0,37520.0,37727.4,3528.78995097
1651622400000,37727.4,40033.3,37666.4,39698.2,9799.1074359
1651708800000,39698.2,39854.7,35555.0,36550.0,16289.77126824
1651795200000,36549.9,36666.0,35257.5,36010.0,13222.61608604
1651881600000,36009.9,36143.0,34780.0,35481.8,5367.20601912
1651968000000,35482.6,35516.2,33688.0,34048.4,16664.32325766
1652054400000,34048.2,34256.2,30035.0,30084.9,37649.91972145
1652140800000,30077.2,32650.0,29735.7,31014.6,22949.4192156
1652227200000,31011.7,32167.9,27790.9,29094.0,46508.52472641
1652313600000,29089.5,30224.4,26700.0,29037.8,44029.09926381
1652400000000,29028.8,31073.0,28762.6,29291.0,15432.32593944
1652486400000,29291.1,30333.3,28635.0,30089.4,8186.64596207
1652572800000,30092.7,31455.0,29417.6,31330.2,7412.85531596
1652659200000,31330.1,31334.4,29082.9,29874.4,10581.30779512
1652745600000,29874.4,30788.0,29435.9,30451.8,8861.07414357
1652832000000,30451.9,30715.0,28650.6,28709.3,11020.40482792
1652918400000,28716.4,30539.5,28680.4,30318.0,10357.89964694
1653004800000,30318.0,30777.7,28732.6,29195.0,9205.27763048
1653091200000,29196.1,29661.2,28950.0,29443.9,2695.67725316
1653177600000,29444.8,30490.0,29255.5,30295.6,5784.98854778
1653264000000,30295.6,30671.3,28868.6,29113.3,7634.62028069
1653350400000,29113.4,29882.7,28666.6,29655.8,5908.68790598
1653436800000,29655.8,30225.0,29344.0,29542.1,6338.99732354
1653523200000,29542.1,29888.0,28006.0,29199.5,12232.77290929
1653609600000,29199.4,29386.2,28290.0,28632.7,10819.88114029
1653696000000,28631.8,29260.9,28530.0,29026.8,4017.42920419
1653782400000,29026.9,29588.0,28839.9,29467.1,3590.20245056
1653868800000,29466.9,32279.9,29309.9,31733.1,12742.80555559
1653955200000,31733.0,32408.5,31234.0,31798.1,6734.19797899
1654041600000,31798.2,31980.0,29318.7,29802.0,10317.46267985
1654128000000,29806.5,30705.0,29589.1,30455.4,5382.42323573
1654214400000,30455.3,30693.0,29268.7,29700.8,5070.0643099
1654300800000,29700.8,29982.1,29482.2,29866.0,2147.62542099
1654387200000,29866.0,30183.0,29531.0,29916.0,2634.15742176
1654473600000,29919.2,31758.3,29886.3,31370.4,7327.14135992
1654560000000,31371.2,31579.3,29210.0,31119.4,13459.15072003
1654646400000,31124.3,31320.0,29852.9,30204.0,8047.89683456
1654732800000,30204.0,30697.3,29941.2,30104.8,3813.32245215
1654819200000,30106.6,30370.2,28854.4,29094.0,9665.63846767
1654905600000,29094.0,29436.7,28102.4,28421.7,6280.90949728
1654992000000,28421.8,28550.1,26566.4,26579.4,11677.90113138
1655078400000,26583.2,26892.7,21929.5,22485.3,41510.45345087
1655164800000,22485.4,23356.0,20845.0,22134.8,35428.28790389
1655251200000,22134.8,22816.2,20111.0,22581.2,41817.20538619
1655337600000,22583.0,22992.4,20226.5,20399.1,16877.56411073
1655424000000,20398.4,21366.0,20245.0,20468.0,14803.02610019
1655510400000,20468.0,20770.0,17618.0,18971.8,39367.99337311
1655596800000,18971.9,20825.5,17964.4,20574.5,32529.81038206
1655683200000,20571.1,21086.9,19637.8,20576.8,16458.4233771
1655769600000,20578.4,21724.7,20354.3,20722.2,15799.41153333
1655856000000,20723.4,20895.1,19767.0,19988.9,17064.86798592
1655942400000,19989.0,21239.5,19889.1,21111.4,14237.21222969
1656028800000,21111.3,21556.1,20733.4,21237.1,12236.99752768
1656115200000,21239.9,21612.9,20904.1,21492.1,8547.03834995
1656201600000,21488.7,21886.0,20960.0,21040.8,10001.42721897
1656288000000,21040.8,21538.5,20500.0,20736.0,10365.34798226
1656374400000,20735.9,21213.5,20205.5,20280.4,10166.88235073
1656460800000,20280.4,20441.3,19857.0,20115.3,11046.72591002
1656547200000,20119.9,20165.9,18616.0,19945.6,12927.64446924
1656633600000,19944.7,20934.6,18975.9,19276.5,17568.01259265
1656720000000,19280.4,19450.0,18980.0,19251.0,6076.96920056
1656806400000,19250.9,19650.8,18789.3,19317.0,6219.04861235
1656892800000,19317.0,20358.0,19055.3,20235.9,8683.73985919
1656979200000,20235.6,20747.6,19301.0,20177.8,12674.74007014
1657065600000,20177.8,20676.6,19764.2,20564.6,9488.87017925
1657152000000,20563.0,21839.7,20256.6,21620.2,8999.85712861
1657238400000,21622.4,22528.9,21189.5,21600.0,13636.04361792
1657324800000,21594.9,21975.4,21326.5,21591.1,5586.69300931
1657411200000,21590.6,21605.6,20655.0,20859.7,7023.01034156
1657497600000,20861.5,20864.3,19878.6,19965.0,7237.82982999
1657584000000,19964.0,20055.2,19249.7,19331.7,10634.5453999
1657670400000,19330.8,20353.1,18915.4,20239.5,17555.72638356
1657756800000,20237.6,20899.0,19620.0,20594.8,12302.23485492
1657843200000,20591.3,21200.0,20388.0,20831.7,12119.6039734
1657929600000,20831.8,21588.0,20481.5,21200.0,13708.3333503
1658016000000,21200.0,21668.0,20755.2,20799.1,10891.75058339
1658102400000,20799.2,22777.0,20771.3,22437.1,23908.74623951
1658188800000,22435.3,23836.9,21581.0,23398.4,33467.11394339
1658275200000,23398.4,24269.7,22912.4,23221.7,23894.03809953
1658361600000,23221.8,23435.3,22332.9,23153.5,15184.31717973
1658448000000,23153.4,23752.3,22502.5,22683.6,19115.79906103
1658534400000,22683.7,22997.2,21950.0,22452.3,14013.2831676
1658620800000,22453.2,23007.9,22256.0,22581.4,12333.755648
1658707200000,22581.3,22662.8,21257.0,21310.5,58321.54273771
1658793600000,21310.6,21350.0,20709.8,21252.6,18174.66339546
1658880000000,21251.6,23100.6,21044.8,22955.0,15792.60389388
1658966400000,22955.1,24200.0,22588.4,23846.2,16114.12973584
1659052800000,23845.2,24444.0,23407.9,23771.5,16386.1269224
1659139200000,23771.5,24666.0,23501.4,23637.5,11327.7474649
1659225600000,23637.5,24193.5,23230.8,23297.2,10281.03448939
1659312000000,23293.5,23499.8,22838.2,23264.5,15154.0817048
1659398400000,23265.8,23467.8,22646.6,22981.3,14667.58262382
1659484800000,22982.4,23639.2,22685.9,22822.3,15244.85773369
1659571200000,22822.2,23219.3,22373.4,22618.9,14063.32957429
1659657600000,22620.0,23450.0,22590.9,23310.0,24827.77889446
1659744000000,23311.0,23349.9,22910.5,22948.2,4045.00186727
1659830400000,22949.1,23398.6,22850.0,23174.1,4680.27362581
1659916800000,23174.1,24240.7,23157.9,23815.4,15922.9152246
1660003200000,23815.4,23926.9,22866.0,23147.3,8341.78412118
1660089600000,23147.3,24200.0,22658.7,23954.6,18586.42129931
1660176000000,23954.7,24908.2,23857.3,23937.1,23696.8740404
1660262400000,23937.1,24448.1,23575.3,24400.0,7057.17081057
1660348800000,24400.0,24880.0,24292.4,24441.2,8548.08562915
1660435200000,24441.4,25035.3,24140.3,24301.4,8020.74899771
1660521600000,24301.2,25205.0,23773.1,24095.2,17309.11109258
1660608000000,24094.6,24243.5,23671.2,23857.2,11300.98080555
1660694400000,23857.3,24440.2,23180.6,23340.4,14606.56525904
1660780800000,23340.4,23600.0,23113.0,23193.0,4441.07513788
1660867200000,23193.1,23201.9,20789.0,20835.1,28658.26842497
1660953600000,20835.2,21363.4,20767.7,21138.3,11707.28111607
1661040000000,21138.3,21788.8,21070.0,21515.8,8807.35285789
1661126400000,21515.8,21542.4,20893.4,21406.8,11126.32203707
1661212800000,21402.1,21674.5,20888.0,21525.1,9061.6865309
1661299200000,21525.4,21891.0,21153.0,21366.1,8513.85080963
1661385600000,21366.2,21812.5,21315.8,21564.2,5191.80933036
1661472000000,21563.2,21881.6,20087.9,20243.6,23658.64292775
1661558400000,20242.9,20400.0,19784.9,20036.0,9695.34426387
1661644800000,20035.5,20164.0,19523.9,19557.1,6705.31062128
1661731200000,19557.2,20428.0,19555.1,20292.2,7734.87618656
1661817600000,20291.3,20570.1,19541.2,19807.9,8827.41770823
1661904000000,19808.0,20488.0,19802.1,20050.7,6748.43799907
1661990400000,20050.2,20204.3,19566.2,20133.0,6761.73507924
1662076800000,20131.6,20435.0,19757.9,19954.3,10660.26392613
1662163200000,19954.3,20050.9,19654.5,19833.7,2746.879407
1662249600000,19833.7,20023.5,19590.0,20001.1,3643.24866205
1662336000000,20001.1,20057.7,19637.8,19791.9,3569.33929345
1662422400000,19792.4,20182.6,18659.3,18792.0,15958.22200032
1662508800000,18790.2,19457.6,18505.7,19289.1,8691.68904666
1662595200000,19289.0,19456.7,19012.5,19318.6,9228.95602338
1662681600000,19318.6,21664.6,19295.5,21364.0,19583.03896674
1662768000000,21364.0,21800.0,21119.7,21647.7,7374.18802291
1662854400000,21648.4,21880.0,21352.9,21829.7,5987.19740612
1662940800000,21829.4,22490.0,21540.9,22396.5,16434.81485214
1663027200000,22396.6,22800.0,19864.9,20171.8,26658.82434586
1663113600000,20170.9,20525.0,19615.0,20226.5,10727.83419907
1663200000000,20226.7,20325.6,19472.9,19699.5,9947.26956682
1663286400000,19699.5,19890.3,19320.0,19802.8,6184.79109947
1663372800000,19802.9,20192.0,19752.0,20114.5,6466.34912717
1663459200000,20114.5,20115.4,19340.0,19413.9,7836.98558529
1663545600000,19413.9,19684.0,18235.2,19534.6,21414.12861888
1663632000000,19535.4,19632.3,18727.3,18875.6,7846.2116031
1663718400000,18875.0,19995.0,18144.5,18462.0,24958.02072977
1663804800000,18461.1,19526.8,18360.0,19399.4,13905.76528085
1663891200000,19399.6,19496.0,18533.4,19289.1,9529.86459871
1663977600000,19289.1,19308.4,18810.2,18921.6,4388.34936304
1664064000000,18922.2,19188.0,18635.0,18809.2,4667.38438013
1664150400000,18809.2,19318.9,18687.6,19228.4,7994.17952959
1664236800000,19228.4,20380.3,18820.0,19080.0,16591.20098355
1664323200000,19080.1,19777.0,18461.9,19414.1,13501.03949394
1664409600000,19414.1,19647.8,18842.4,19589.4,10244.83216548
1664496000000,19589.6,20176.8,19155.4,19421.7,12410.49261114
1664582400000,19422.6,19481.6,19160.1,19311.3,3289.96599433
1664668800000,19311.4,19396.7,18920.0,19055.1,4166.70329414
1664755200000,19055.2,19725.0,18963.7,19629.6,7047.8518702
1664841600000,19628.6,20462.4,19492.9,20335.1,17599.74992166
1664928000000,20336.6,20361.3,19731.2,20158.6,6984.38625619
1665014400000,20158.6,20447.9,19855.7,19961.1,9629.87132448
1665100800000,19962.1,20052.8,19320.5,19529.6,12547.32167776
1665187200000,19529.6,19626.2,19215.9,19413.2,3415.16984421
1665273600000,19413.3,19558.9,19323.0,19441.3,4195.52552379
1665360000000,19441.3,19522.7,19020.0,19129.1,6183.60880812
1665446400000,19130.1,19263.9,18849.5,19061.1,10436.38940333
1665532800000,19060.5,19233.7,18957.1,19155.2,4584.49562982
1665619200000,19155.2,19507.0,18155.0,19377.8,24275.27266549
1665705600000,19377.8,19954.8,19075.8,19178.8,9425.70398054
1665792000000,19178.8,19227.4,18975.7,19070.6,3209.1363286
1665878400000,19070.5,19421.7,19065.7,19263.4,4062.16437325
1665964800000,19263.4,19675.2,19160.2,19547.6,6921.25765741
1666051200000,19547.7,19709.2,19090.1,19330.1,10046.13874378
1666137600000,19330.0,19358.6,19069.1,19126.9,3866.39233213
1666224000000,19126.6,19346.2,18902.1,19043.9,5370.89292827
1666310400000,19043.9,19250.0,18648.9,19161.9,5547.47726559
1666396800000,19162.1,19252.0,19115.0,19202.7,1644.25154536
1666483200000,19202.8,19691.9,19070.1,19570.5,3643.0505164
1666569600000,19570.7,19598.8,19161.0,19332.3,5763.45950799
1666656000000,19331.4,20412.3,19242.6,20082.5,12318.87841989
1666742400000,20082.5,21020.5,20053.2,20770.8,16139.97812262
1666828800000,20769.2,20870.3,20200.0,20290.4,11665.29266333
1666915200000,20291.5,20746.8,20000.0,20592.5,11215.53794221
1667001600000,20592.5,21080.0,20556.9,20808.1,11527.32298288
1667088000000,20808.2,20927.7,20509.7,20626.7,5898.12639578
1667174400000,20627.0,20846.0,20241.1,20491.0,5725.63191997
1667260800000,20491.1,20694.6,20332.2,20483.2,4016.30315846
1667347200000,20484.0,20800.0,20056.5,20151.9,8920.40003597
1667433600000,20152.0,20393.5,20032.2,20206.3,4257.83656213
1667520000000,20206.2,21300.0,20184.1,21145.1,11001.82924241
1667606400000,21145.2,21475.9,21084.2,21300.5,3980.28832379
1667692800000,21300.4,21362.6,20880.0,20908.9,3771.99758232
1667779200000,20908.9,21067.3,20385.9,20587.3,5735.01205367
1667865600000,20587.6,20690.8,16888.0,18545.0,61952.08574557
1667952000000,18545.1,18585.7,15511.1,15921.0,43418.30915522
1668038400000,15920.9,18193.4,15753.5,17601.1,29280.19692013
1668124800000,17601.6,17696.4,16366.0,17063.8,17120.37139548
1668211200000,17070.0,17120.5,16631.2,16813.1,4794.60121262
1668297600000,16813.2,16955.0,16241.4,16336.5,5155.41581508
1668384000000,16333.8,17198.7,15820.0,16623.5,13024.54065223
1668470400000,16621.7,17125.5,16533.0,16896.8,9914.58113433
1668556800000,16895.6,17000.0,16381.3,16660.0,7222.8238479
1668643200000,16660.1,16755.0,16420.0,16692.4,4146.50372129
1668729600000,16692.5,16988.8,16555.1,16699.1,7419.6720226
1668816000000,16700.9,16818.6,16557.5,16707.7,2639.95501278
1668902400000,16702.8,16750.0,16178.0,16282.7,3608.84677394
1668988800000,16282.1,16331.5,15450.0,15783.5,13036.06732598
1669075200000,15783.6,16315.3,15624.2,16227.1,8249.56719207
1669161600000,16227.5,16720.4,16165.4,16606.8,8039.98684439
1669248000000,16604.9,16810.8,16463.7,16602.8,5402.43417617
1669334400000,16602.8,16630.3,16350.1,16522.4,4109.42038856
1669420800000,16520.2,16700.0,16382.9,16458.4,3611.08328023
1669507200000,16459.7,16598.3,16400.0,16427.4,2443.74399866
1669593600000,16429.8,16484.3,16000.0,16215.0,5860.8939274
1669680000000,16215.1,16546.2,16101.4,16442.8,5520.51152866
1669766400000,16442.8,17255.0,16430.7,17164.8,12956.75286331
1669852800000,17164.7,17335.5,16865.2,16980.1,6430.40921969
1669939200000,16979.9,17104.1,16776.8,17091.3,7611.54590571
1670025600000,17091.4,17169.2,16865.0,16887.1,2656.49051419
1670112000000,16886.8,17200.0,16883.2,17109.0,6708.63217978
1670198400000,17109.0,17420.1,16870.7,16966.6,8761.29020221
1670284800000,16967.4,17110.8,16910.2,17087.9,5179.5741163
1670371200000,17089.0,17141.4,16686.0,16837.0,4842.2820905
1670457600000,16837.1,17296.9,16733.3,17226.0,5040.43475247
1670544000000,17226.0,17353.9,17063.8,17127.2,4201.46264973
1670630400000,17127.3,17230.0,17092.0,17127.9,1906.40655159
1670716800000,17128.0,17269.3,17072.1,17082.3,2391.11474393
1670803200000,17083.1,17238.0,16870.6,17207.1,4472.0002161
1670889600000,17207.9,17999.0,17083.1,17780.0,11621.98667368
1670976000000,17780.1,18377.1,17661.0,17806.8,15940.84948469
1671062400000,17806.8,17851.7,17277.0,17359.2,7182.23100737
1671148800000,17359.2,17527.5,16530.0,16629.2,12272.75911735
1671235200000,16631.4,16795.7,16581.8,16778.8,4684.21505897
1671321600000,16778.8,16900.0,16704.0,16738.7,817.10169051
1671408000000,16737.5,16812.9,16248.6,16440.0,5859.85938092
1671494400000,16440.0,17061.4,16400.0,16893.8,7345.26469015
1671580800000,16894.9,16921.1,16725.5,16830.7,2605.76400592
1671667200000,16830.5,16867.7,16568.2,16824.4,3708.43160745
1671753600000,16824.4,16965.7,16722.4,16784.7,4056.97496064
1671840000000,16784.1,16864.0,16783.9,16837.5,1291.09563218
1671926400000,16837.6,16856.3,16717.9,16837.7,1720.83972981
1672012800000,16837.7,16945.8,16793.9,16922.1,2069.04046893
1672099200000,16922.1,16968.9,16594.0,16706.9,3443.66753345
1672185600000,16707.0,16783.8,16471.3,16548.9,3781.22274993
1672272000000,16549.0,16665.0,16493.9,16639.2,3252.7162777
1672358400000,16639.0,16676.3,16340.9,16613.3,5213.06285489
1672444800000,16613.3,16644.9,16477.6,16544.9,2142.67063878
1672531200000,16546.1,16625.0,16502.0,16615.1,1183.63099648
1672617600000,16615.1,16799.3,16548.1,16673.3,3519.3678197
1672704000000,16673.3,16774.0,16610.4,16676.8,2446.24479168
1672790400000,16676.8,16988.0,16655.4,16852.0,5180.0302387
1672876800000,16852.0,16879.2,16760.1,16832.5,2382.33745742
1672963200000,16832.5,17034.5,16680.7,16950.6,4263.23719258
1673049600000,16950.7,16980.0,16908.7,16945.5,1283.06211406
1673136000000,16945.6,17179.7,16915.0,17129.3,2523.27722002
1673222400000,17129.3,17395.7,17107.2,17181.2,6496.33183351
1673308800000,17181.1,17486.4,17150.3,17439.0,4478.85486699
1673395200000,17439.0,18000.0,17320.9,17945.2,5290.87915966
1673481600000,17945.1,19112.6,17909.0,18844.2,19383.04289745
1673568000000,18844.2,20004.0,18715.9,19928.4,12365.85532114
1673654400000,19928.5,21482.8,19895.0,20950.7,24979.26833161
1673740800000,20950.7,21063.8,20555.3,20874.4,7576.22711233
1673827200000,20873.1,21465.3,20603.0,21183.8,13166.34125102
1673913600000,21183.9,21634.5,20839.7,21125.5,11111.67542555
1674000000000,21127.0,21664.6,20400.0,20674.2,17923.68056633
1674086400000,20672.5,21179.1,20660.0,21072.7,5121.22874896
1674172800000,21072.7,22747.0,20860.4,22665.6,9709.04400774
1674259200000,22665.7,23379.0,22428.6,22779.0,13097.75263527
1674345600000,22780.0,23074.4,22306.6,22708.5,7528.72532666
1674432000000,22708.4,23185.2,22498.1,22914.8,7435.6719079
1674518400000,22914.9,23159.8,22457.1,22629.6,7434.18357827
1674604800000,22629.6,23818.7,22332.1,23052.6,11239.30265716
1674691200000,23060.8,23284.0,22847.6,23010.0,6168.26544179
1674777600000,23010.1,23500.0,22526.3,23074.8,9040.75025303
1674864000000,23074.8,23185.0,22879.4,23025.1,3021.35178003
1674950400000,23025.1,23963.0,22970.7,23740.0,8947.27928478
1675036800000,23743.7,23798.1,22483.0,22825.1,10643.76820035
1675123200000,22825.0,23347.7,22718.7,23127.6,5726.48015095
1675209600000,23130.0,23850.0,22756.0,23728.7,7854.27043964
1675296000000,23729.0,24252.7,23362.5,23487.8,10390.94119862
1675382400000,23490.2,23722.5,23211.0,23431.2,6517.11132599
1675468800000,23431.3,23583.6,23255.4,23324.7,2600.12331388
1675555200000,23324.8,23432.1,22754.6,22933.1,5733.51178155
1675641600000,22933.3,23158.5,22617.6,22761.7,4924.61236254
1675728000000,22761.7,23349.9,22747.1,23246.1,5477.71382262
1675814400000,23246.1,23457.1,22673.8,22960.0,4908.78650669
1675900800000,22960.0,23009.9,21678.0,21795.0,13671.27987355
1675987200000,21795.0,21933.3,21440.0,21628.3,6046.09925541
1676073600000,21628.4,21898.5,21600.1,21856.2,2260.41472592
1676160000000,21856.2,22083.5,21628.5,21784.5,4502.11625728
1676246400000,21784.7,21895.2,21356.5,21776.8,7619.71623502
1676332800000,21776.9,22319.8,21540.0,22197.9,8562.35202887
1676419200000,22197.6,24381.4,22048.0,24328.8,12951.84513118
1676505600000,24329.2,25249.9,23502.4,23512.2,15669.82862391
1676592000000,23509.8,25025.0,23337.1,24571.8,15295.88751509
1676678400000,24570.7,24875.0,24427.6,24633.7,3949.17176722
1676764800000,24633.7,25187.0,24182.1,24276.0,8149.74561749
1676851200000,24276.1,25129.2,23836.5,24843.1,9606.06387
1676937600000,24843.0,25320.0,24150.2,24450.0,11161.16223982
1677024000000,24450.0,24471.0,23579.5,24190.0,8988.90653835
1677110400000,24190.0,24602.9,23605.3,23938.8,11605.23964794
1677196800000,23938.9,24131.0,22836.1,23190.1,11990.5529265
1677283200000,23190.2,23217.8,22729.4,23157.2,5019.02857511
1677369600000,23157.3,23686.7,23060.7,23557.4,4810.44032196
1677456000000,23552.7,23891.2,23101.0,23491.2,8356.24149089
1677542400000,23491.2,23600.0,23025.5,23136.0,4699.05977688
1677628800000,23143.1,24009.0,23009.7,23632.4,8356.38724014
1677715200000,23632.0,23792.7,23181.5,23466.0,5511.18257716
1677801600000,23465.9,23472.9,21898.0,22354.5,17156.07482816
1677888000000,22354.4,22403.8,22164.5,22349.7,2958.65794217
1677974400000,22349.6,22666.4,22185.5,22427.6,4206.5210596
1678060800000,22427.6,22598.0,22261.3,22409.2,5956.77362899
1678147200000,22409.2,22553.3,21934.6,22201.5,8308.24100926
1678233600000,22201.5,22287.0,21570.6,21706.7,9010.30149603
1678320000000,21706.8,21830.0,20037.0,20367.2,20102.01680472
1678406400000,20364.8,20368.3,19529.7,20152.6,29477.43802602
1678492800000,20152.6,20688.9,19769.1,20454.7,21906.21116802
1678579200000,20454.7,22160.0,20263.2,21995.2,16535.95439772
1678665600000,21995.3,24509.3,21820.7,24116.0,40397.27101346
1678752000000,24116.1,26424.2,23957.5,24676.0,46895.47498368
1678838400000,24675.2,25227.1,23873.0,24279.9,26008.82676517
1678924800000,24279.9,25179.5,24125.2,25005.4,18077.41143903
1679011200000,25002.1,27768.1,24894.0,27395.6,30760.02435145
1679097600000,27394.5,27713.8,26565.5,26905.0,15656.15234983
1679184000000,26905.0,28400.3,26825.6,27966.6,14606.18949344
1679270400000,27966.3,28490.0,27133.4,27718.5,15769.72184277
1679356800000,27716.5,28448.8,27300.1,28108.8,12272.48235288
1679443200000,28104.4,28890.0,26603.6,27249.6,23810.37051319
1679529600000,27249.7,28775.4,27114.3,28293.7,18433.35854101
1679616000000,28295.2,28375.0,26976.8,27452.4,17120.42253367
1679702400000,27452.4,27792.8,27152.8,27462.4,5694.75630012
1679788800000,27461.8,28221.4,27413.3,27969.9,6716.98725637
1679875200000,27969.8,28021.2,26503.0,27127.0,11555.28224871
1679961600000,27127.1,27508.0,26625.8,27265.6,12120.90344906
1680048000000,27261.6,28644.5,27243.3,28349.3,15022.23902828
1680134400000,28349.4,29183.7,27680.1,28027.2,16661.40614525
1680220800000,28027.2,28674.4,27503.0,28466.3,11892.46236668
1680307200000,28466.4,28831.6,28216.4,28457.0,3736.46632123
1680393600000,28457.1,28526.0,27850.0,28168.6,5093.2970877
1680480000000,28170.0,28566.5,27202.9,27801.0,13911.04299865
1680566400000,27800.1,28445.0,27666.6,28168.8,8089.55044677
1680652800000,28168.9,28795.0,27808.0,28169.5,10513.45173171
1680739200000,28167.9,28183.3,27697.5,28034.8,5467.99778321
1680825600000,28034.7,28103.7,27770.5,27906.6,3438.37494239
1680912000000,27906.6,28155.7,27862.5,27940.0,3125.15525625
1680998400000,27940.1,28529.9,27790.0,28318.9,4326.46994885
1681084800000,28318.9,29843.3,28166.6,29635.9,11514.57183961
1681171200000,29635.9,30568.9,29590.0,30199.1,12490.53349699
1681257600000,30199.1,30484.3,29637.1,29887.4,10444.40222686
1681344000000,29891.6,30595.3,29857.2,30380.6,7230.75405671
1681430400000,30380.6,31043.4,29970.0,30467.6,13077.41525127
1681516800000,30467.7,30597.7,30205.4,30294.1,2785.45569584
1681603200000,30293.0,30556.8,30118.8,30308.5,3676.76031853
1681689600000,30301.6,30315.8,29233.2,29427.8,8641.67002343
1681776000000,29427.8,30492.4,29097.6,30380.2,8729.49508948
1681862400000,30380.8,30414.2,28555.0,28804.3,18555.25486504
1681948800000,28803.6,29088.8,27999.5,28245.5,12816.73528556
1682035200000,28246.0,28372.0,27122.9,27260.4,13928.74822691
1682121600000,27260.7,27883.9,27142.8,27811.4,5444.14420839
1682208000000,27811.4,27814.2,27300.0,27588.2,4475.02488772
1682294400000,27588.2,27999.7,26902.6,27508.1,9883.52969617
1682380800000,27508.2,28387.9,27161.6,28296.5,8467.26299125
1682467200000,28298.6,30040.1,27219.6,28412.8,29208.71355316
1682553600000,28412.9,29898.6,28379.0,29473.3,17756.91762292
1682640000000,29474.5,29593.4,28889.2,29310.1,8103.08078871
1682726400000,29310.2,29445.0,29031.5,29228.9,3083.99065361
1682812800000,29229.0,29966.4,29091.0,29239.8,6702.99542764
1682899200000,29235.8,29337.3,27662.3,28073.1,14426.24079771
1682985600000,28073.1,28886.3,27870.3,28666.0,9042.5637109
1683072000000,28666.5,29284.2,28107.2,29033.8,11294.73365787
1683158400000,29033.0,29380.0,28668.9,28842.0,5802.08937859
1683244800000,28844.1,29690.2,28732.0,29507.8,10734.43030559
1683331200000,29507.9,29844.0,28338.2,28848.4,8674.56259565
1683417600000,28850.0,29150.0,28390.0,28425.2,5567.43057364
1683504000000,28429.5,28628.4,27239.9,27666.1,14083.23859454
1683590400000,27666.2,27817.0,27350.0,27629.0,6553.18886011
1683676800000,27628.3,28318.9,26700.0,27598.8,17489.63961718
1683763200000,27598.8,27629.1,26701.5,26968.0,10914.19077163
1683849600000,26969.9,27092.0,25791.7,26794.0,13604.01358192
1683936000000,26794.0,27052.4,26689.6,26770.9,4093.08166898
1684022400000,26772.6,27199.0,26554.7,26915.7,4156.81388726
1684108800000,26914.8,27665.1,26722.7,27164.6,8602.69863816
1684195200000,27160.8,27302.9,26850.3,27034.0,7301.20960821
1684281600000,27033.4,27548.3,26536.8,27405.3,9601.59107765
1684368000000,27405.3,27482.8,26361.3,26818.6,8415.76584212
1684454400000,26818.6,27197.1,26616.0,26885.3,5049.21063922
1684540800000,26884.9,27150.1,26829.5,27104.6,2315.9284607
1684627200000,27104.6,27285.0,26654.8,26745.6,4405.64699144
1684713600000,26745.6,27112.6,26537.0,26847.6,5951.39015994
1684800000000,26847.7,27500.0,26797.3,27225.4,9529.84103366
1684886400000,27225.4,27225.4,26077.7,26327.8,13733.36837028
1684972800000,26326.9,26636.9,25868.0,26472.8,8042.5510753
1685059200000,26472.7,26939.9,26333.3,26704.3,6043.83560353
1685145600000,26704.3,26888.0,26551.4,26855.4,2484.98768617
1685232000000,26855.4,28277.7,26762.9,28069.2,10800.22676178
1685318400000,28069.3,28454.9,27531.8,27737.4,8693.8685545
1685404800000,27737.4,28043.8,27556.4,27696.3,5353.64544158
1685491200000,27696.4,27843.2,26829.7,27210.0,11235.40886761
1685577600000,27210.0,27349.6,26606.2,26818.2,6854.77007684
1685664000000,26818.3,27297.7,26502.4,27241.5,7063.25855332
1685750400000,27241.5,27333.0,26917.2,27069.2,2762.29275007
1685836800000,27069.2,27466.1,26949.9,27118.1,3416.91896145
1685923200000,27118.1,27127.7,25379.3,25727.8,18936.73158335
1686009600000,25727.9,27365.0,25350.0,27234.9,19089.46479377
1686096000000,27234.9,27399.3,26126.0,26340.2,14495.56032985
1686182400000,26340.4,26850.0,26211.6,26500.8,5252.77980322
1686268800000,26501.3,26780.7,26276.8,26482.9,5912.94618579
1686355200000,26483.1,26534.0,25348.7,25839.6,19334.96792249
1686441600000,25839.6,26206.0,25637.6,25929.2,5370.9141712
1686528000000,25929.3,26104.6,25608.8,25904.7,6281.67623971
1686614400000,25904.7,26438.0,25721.4,25938.1,10299.26826034
1686700800000,25938.0,26098.3,24791.0,25129.1,11444.94965374
1686787200000,25129.1,25760.0,24783.0,25597.5,13665.96642511
1686873600000,25597.5,26529.0,25171.2,26345.8,12392.85565349
1686960000000,26345.8,26880.0,26182.8,26515.5,8246.78108536
1687046400000,26515.4,26705.7,26255.1,26345.5,5031.88536458
1687132800000,26345.4,27087.7,26258.1,26845.1,8926.05466259
1687219200000,26845.1,28405.2,26656.0,28303.3,20622.16756728
1687305600000,28303.4,30819.7,28259.4,29998.1,33845.87306736
1687392000000,29998.2,30507.8,29531.1,29888.0,14019.64257716
1687478400000,29886.9,31456.0,29800.0,30690.2,23415.76204488
1687564800000,30690.3,30800.1,30253.2,30530.0,6192.34309357
1687651200000,30530.0,31044.5,30280.0,30467.5,7183.47376469
1687737600000,30467.6,30661.0,29913.2,30267.6,11178.15733554
1687824000000,30267.7,30999.0,30230.1,30692.9,11143.35931383
1687910400000,30693.0,30708.9,29843.0,30073.0,10040.23987981
1687996800000,30072.9,30839.9,30047.3,30453.5,8671.24861224
1688083200000,30453.6,31290.0,29419.0,30475.5,27585.73130541
1688169600000,30475.4,30665.6,30325.2,30588.1,3302.29249303
1688256000000,30588.1,30800.4,30162.7,30615.6,4657.63611976
1688342400000,30615.7,31389.0,30572.0,31161.0,9296.69087893
1688428800000,31161.1,31324.9,30625.3,30765.9,5907.51037328
1688515200000,30766.0,30877.5,30200.0,30505.0,6271.99985787
1688601600000,30505.0,31550.0,29855.0,29893.0,16248.72379883
1688688000000,29893.1,30451.0,29705.2,30344.8,7652.3613617
1688774400000,30344.9,30383.3,30043.6,30286.3,2488.3106344
1688860800000,30286.4,30454.0,30067.1,30162.8,2598.51549474
1688947200000,30164.9,31045.7,29946.7,30414.2,8599.93905417
1689033600000,30414.2,30812.5,30291.4,30622.0,6577.38366801
1689120000000,30622.0,30980.0,30211.0,30381.5,8467.56710013
1689206400000,30381.5,31830.0,30257.1,31454.5,17625.281337
1689292800000,31456.3,31637.8,29900.7,30310.1,14333.23763717
1689379200000,30310.1,30395.0,30234.0,30291.8,3307.85415115
1689465600000,30291.9,30440.0,30059.6,30231.3,4383.97025564
1689552000000,30231.4,30330.8,29653.1,30136.3,7124.68128446
1689638400000,30136.3,30239.6,29500.0,29858.0,7789.60372086
1689724800000,29858.1,30187.7,29757.4,29911.8,4604.064294
1689811200000,29911.7,30416.0,29560.7,29808.3,7712.91930234
1689897600000,29808.4,30059.0,29721.5,29900.4,4114.18001098
1689984000000,29900.4,29997.7,29630.0,29787.5,2378.36457364
1690070400000,29787.5,30350.0,29730.0,30082.8,3292.37681117
1690156800000,30082.8,30100.0,28866.7,29177.4,12326.21205421
1690243200000,29177.4,29374.0,29053.8,29226.6,3863.49142036
1690329600000,29226.7,29679.0,29100.0,29351.1,7388.62999208
1690416000000,29351.2,29566.4,29084.7,29222.1,4354.17798659
1690502400000,29222.2,29539.6,29129.5,29314.8,4152.70707979
1690588800000,29314.9,29407.7,29256.3,29352.1,1697.79120247
1690675200000,29352.2,29448.8,29030.0,29282.1,2921.49655607
1690761600000,29282.1,29530.0,29111.1,29233.3,4009.75547808
1690848000000,29233.2,29739.3,28570.1,29707.1,10000.83505762
1690934400000,29708.0,30039.6,28923.8,29184.6,11540.68365428
1691020800000,29184.5,29430.4,28970.0,29192.4,4503.98229618
1691107200000,29192.5,29329.1,28802.2,29112.9,4764.60488652
1691193600000,29112.9,29152.9,28981.3,29072.0,2268.68275035
1691280000000,29072.1,29200.0,28989.6,29086.8,2002.23188258
1691366400000,29086.9,29279.0,28701.0,29214.3,4844.62498085
1691452800000,29214.4,30242.7,29144.8,29773.2,8971.68130564
1691539200000,29771.2,30137.9,29375.9,29583.9,6653.32018671
1691625600000,29584.0,29733.4,29330.2,29455.2,5733.77973025
1691712000000,29455.3,29566.4,29250.8,29429.6,4404.42856557
1691798400000,29429.6,29483.6,29379.2,29430.1,1736.9516066
1691884800000,29430.1,29468.1,29271.7,29302.0,2144.31988158
1691971200000,29302.1,29695.0,29100.0,29432.0,6353.94835747
1692057600000,29432.0,29497.7,29076.9,29201.4,5339.28950549
1692144000000,29201.4,29259.7,28721.0,28730.8,7261.73696005
1692230400000,28730.9,28779.1,24220.0,26621.0,40450.70584616
1692316800000,26620.1,26822.7,25600.1,26055.6,19998.34285663
1692403200000,26055.6,26274.7,25805.7,26101.8,4468.47546776
1692489600000,26101.8,26299.8,25971.1,26190.8,2815.83193031
1692576000000,26190.8,26260.0,25813.2,26128.1,5571.40956328
1692662400000,26128.1,26142.5,25320.0,26056.7,6544.17216647
1692748800000,26056.8,26816.4,25818.0,26436.1,9804.9556598
1692835200000,26433.0,26573.3,25861.1,26179.9,6379.44695155
1692921600000,26179.9,26309.9,25782.2,26061.6,5031.60226948
1693008000000,26061.7,26124.3,25989.6,26022.2,1141.58742058
1693094400000,26022.2,26179.8,25971.7,26102.0,1357.5228308
1693180800000,26102.0,26250.0,25864.5,26116.1,3369.43873728
1693267200000,26116.2,28163.5,25925.0,27720.1,21386.73664708
1693353600000,27718.4,27771.3,27010.0,27299.9,7376.28172314
1693440000000,27300.0,27605.5,25655.2,25938.6,15133.33894029
1693526400000,25938.6,26152.0,25329.0,25806.3,8999.20469396
1693612800000,25806.4,25986.0,25756.1,25870.7,2670.85560794
1693699200000,25870.8,26138.0,25801.6,25971.9,2859.18156811
1693785600000,25972.0,26103.3,25633.4,25827.3,4217.62343814
1693872000000,25827.3,25911.1,25559.2,25791.9,4469.31164148
1693958400000,25792.0,26053.4,25369.7,25761.4,5954.98163684
1694044800000,25761.4,26450.9,25616.9,26259.8,6877.14402099
1694131200000,26259.7,26442.4,25646.0,25915.3,6781.27037975
1694217600000,25915.3,25946.6,25793.2,25905.5,1806.38600211
1694304000000,25905.6,26038.1,25562.3,25841.1,4053.15882177
1694390400000,25841.0,25905.6,24900.0,25165.5,11901.49097656
1694476800000,25165.6,26585.3,25135.5,25843.7,17960.84320207
1694563200000,25843.7,26409.5,25768.0,26222.0,7715.60371511
1694649600000,26222.1,26876.0,26123.0,26527.8,9654.74458035
1694736000000,26527.8,26900.0,26215.6,26603.1,5887.65296487
1694822400000,26603.1,26785.0,26451.1,26564.2,2532.47801684
1694908800000,26564.8,26621.8,26401.6,26528.3,2014.41739619
1694995200000,26528.3,27415.2,26377.0,26760.3,10652.37761353
1695081600000,26760.3,27500.0,26669.0,27209.9,9336.50241516
1695168000000,27209.8,27386.5,26786.4,27120.3,8488.12129832
1695254400000,27120.3,27157.3,26366.6,26566.1,7892.52643228
1695340800000,26566.0,26746.0,26469.4,26579.9,6677.19614313
1695427200000,26580.0,26638.2,26509.9,26576.2,2561.42908486
1695513600000,26576.3,26737.4,26108.5,26248.5,3547.35905343
1695600000000,26247.8,26446.0,25989.6,26302.7,6759.31365095
1695686400000,26302.7,26400.0,26083.0,26220.3,4002.51404992
1695772800000,26220.3,26852.1,26109.5,26371.9,11009.11274277
1695859200000,26371.9,27316.0,26343.6,27023.7,12490.70702859
1695945600000,27023.8,27249.7,26658.0,26909.9,7540.96019623
1696032000000,26910.0,27089.4,26888.1,26961.7,2179.41902917
1696118400000,26961.7,28500.0,26954.6,27995.2,8808.56483637
1696204800000,27995.3,28600.0,27280.4,27497.2,17059.60378071
1696291200000,27495.0,27666.8,27159.2,27425.8,6666.04645833
1696377600000,27425.9,27841.0,27200.4,27782.0,4988.57146154
1696464000000,27782.1,28127.0,27350.0,27410.0,8184.66067502
1696550400000,27410.0,28316.0,27173.6,27932.0,10546.98533363
1696636800000,27932.1,28023.4,27846.3,27956.0,2985.07335055
1696723200000,27956.1,28092.0,27686.1,27920.0,4043.72026298
1696809600000,27920.0,27987.9,27260.0,27588.0,8313.73417807
1696896000000,27588.0,27733.6,27295.6,27388.7,7093.49007317
1696982400000,27388.7,27473.0,26530.0,26878.9,12199.04455965
1697068800000,26878.8,26945.0,26551.6,26761.3,6210.95796559
1697155200000,26761.3,27132.0,26680.8,26864.9,5704.86018082
1697241600000,26865.0,26989.6,26782.6,26852.5,3498.54689465
1697328000000,26852.6,27288.0,26808.0,27153.0,3701.04493961
1697414400000,27153.0,30535.8,27108.2,28503.6,36375.83933661
1697500800000,28503.1,28613.9,28069.9,28394.0,8757.19638031
1697587200000,28394.1,28993.8,28134.1,28322.0,8775.65139925
1697673600000,28322.0,28943.1,28103.6,28717.8,9168.75970883
1697760000000,28717.9,30267.9,28575.0,29667.8,20022.0146835
1697846400000,29667.8,30390.8,29465.4,29912.8,6194.85050182
1697932800000,29912.7,30300.0,29632.5,29994.6,6154.21210124
1698019200000,29994.7,35919.2,29887.1,33074.4,35969.89113198
1698105600000,33074.3,35272.9,32835.0,33923.6,33156.96307671
1698192000000,33921.5,35148.7,33680.8,34493.9,11685.69060985
1698278400000,34493.9,34828.0,33748.4,34153.2,8291.64782617
1698364800000,34153.2,34245.8,33358.1,33892.0,8839.41835149
1698451200000,33895.0,34523.6,33860.7,34079.3,5195.44336301
1698537600000,34079.3,34752.2,33930.6,34522.8,4981.82729813
1698624000000,34522.8,34868.0,34016.5,34482.6,11221.02701152
1698710400000,34480.4,34739.0,34025.5,34638.6,9468.12743235
1698796800000,34638.7,35699.5,34054.9,35423.2,15836.97441195
1698883200000,35423.8,35989.0,34289.6,34943.9,16396.72808865
1698969600000,34943.8,34943.9,34120.0,34714.9,11766.67866414
1699056000000,34714.9,35262.2,34584.1,35065.0,5808.08711092
1699142400000,35064.9,35420.0,34407.1,35011.7,8540.73721506
1699228800000,35011.9,35277.4,34731.3,35047.2,7676.46467573
1699315200000,35047.3,35899.0,34521.2,35399.8,11919.04674294
1699401600000,35399.7,36123.0,35083.6,35625.3,11580.2800238
1699488000000,35624.2,38028.1,35532.2,36701.3,34878.71666761
1699574400000,36702.2,37542.4,36322.3,37303.3,10960.85777212
1699660800000,37305.9,37399.8,36630.0,37131.4,5586.75036522
1699747200000,37131.5,37222.6,36732.0,37063.3,4254.46326784
1699833600000,37063.2,37420.0,36330.1,36469.9,9066.6429676
1699920000000,36469.9,36745.8,34471.6,35544.4,19579.68689348
1700006400000,35544.3,37967.9,35357.0,37856.9,19410.05762024
1700092800000,37856.9,37931.4,35500.0,36162.7,15564.79823536
1700179200000,36162.7,36896.6,35843.3,36610.0,15340.85651523
1700265600000,36610.4,36850.0,36172.9,36575.9,6111.10462721
1700352000000,36576.0,37500.0,36382.2,37365.3,6594.37116969
1700438400000,37365.3,37758.0,36598.7,37449.4,13578.05728286
1700524800000,37449.5,37653.9,35727.7,35739.0,20189.77103354
1700611200000,35738.9,37868.0,35621.1,37409.8,17520.81050863
1700697600000,37409.8,37642.6,36867.5,37297.0,7925.42994144
1700784000000,37297.0,38424.6,37252.1,37718.1,16162.14164697
1700870400000,37718.1,37888.0,37591.0,37780.8,3093.08481816
1700956800000,37780.9,37822.1,37110.8,37444.1,7012.13571628
1701043200000,37445.8,37562.4,36710.0,37244.3,13319.01698552
1701129600000,37244.4,38391.6,36874.0,37815.9,13010.23316426
1701216000000,37816.0,38487.0,37562.7,37853.3,10780.27897329
1701302400000,37853.3,38144.0,37419.5,37727.2,6936.92936327
1701388800000,37729.1,38989.7,37612.0,38683.5,15182.80437366
1701475200000,38683.5,39828.5,38633.2,39450.1,9720.70265768
1701561600000,39448.0,40273.0,39275.8,39972.2,7642.75756585
1701648000000,39972.1,42449.9,39970.0,41987.2,27537.71518654
1701734400000,41988.8,44496.2,41414.0,44070.0,24861.44641471
1701820800000,44070.0,44293.8,43362.4,43760.1,17600.62369253
1701907200000,43765.9,44050.0,42836.0,43273.2,13421.93484531
1701993600000,43270.0,44726.8,43083.7,44179.8,11731.95577458
1702080000000,44179.8,44360.7,43600.0,43720.1,9493.08421395
1702166400000,43722.1,44050.0,43600.0,43792.2,5392.98422798
1702252800000,43792.6,43814.7,40200.0,41250.9,32119.9090069
1702339200000,41248.3,42100.0,40682.0,41490.4,14197.51802171
1702425600000,41490.4,43500.0,40516.8,42869.6,15172.21696139
1702512000000,42869.5,43436.7,41202.0,43025.5,18453.06371431
1702598400000,43025.6,43086.1,41652.5,41939.1,11849.35374699
1702684800000,41943.1,42717.4,41613.2,42273.0,7018.49156629
1702771200000,42272.9,42430.0,41252.6,41376.1,8710.68480595
1702857600000,41374.4,42772.0,40544.4,42653.9,17007.66186015
1702944000000,42652.1,43487.5,41811.3,42279.0,14566.93339055
1703030400000,42279.1,44300.0,42200.2,43670.1,17258.32974365
1703116800000,43670.2,44248.2,43293.0,43859.8,12457.68090873
1703203200000,43859.9,44406.3,43415.0,43970.7,9820.99147012
1703289600000,43970.7,43990.0,43288.0,43703.9,4738.25836358
1703376000000,43703.8,43944.3,42521.9,42986.1,6756.98822602
1703462400000,42986.1,43807.9,42725.7,43569.2,7317.5732072
1703548800000,43569.2,43590.7,41610.0,42513.2,14328.36837927
1703635200000,42513.2,43691.5,42111.1,43431.9,10790.57422662
1703721600000,43431.9,43788.6,42267.5,42562.6,11995.88647046
1703808000000,42562.6,43113.6,41267.1,42064.1,16648.48853238
1703894400000,42064.0,42611.5,41521.6,42147.5,9065.15960695
1703980800000,42147.5,42888.0,41971.6,42283.0,8220.41272163
1704067200000,42284.0,44200.0,42182.0,44186.8,9208.74124035
1704153600000,44186.9,45884.6,44153.3,44955.9,22725.63187567
1704240000000,44955.9,45515.8,40157.3,42839.6,42418.67607267
1704326400000,42839.5,44888.0,42614.7,44153.9,20648.61582672
1704412800000,44151.3,44393.0,42250.1,44145.4,22996.95760799
1704499200000,44146.4,44208.2,43392.2,43970.3,6511.72435718
1704585600000,43968.2,44481.2,43580.2,43929.9,9547.26250619
1704672000000,43930.0,47300.0,43180.1,46952.0,30217.1474691
1704758400000,46952.0,48023.7,44641.0,46109.3,33459.60555624
1704844800000,46109.4,47695.0,44289.5,46645.9,44850.0632577
1704931200000,46645.9,48988.0,45569.7,46338.9,34682.58580678
1705017600000,46338.9,46519.9,41360.9,42784.0,33022.16065529
1705104000000,42784.1,43250.0,42437.7,42848.8,12005.1031022
1705190400000,42848.7,43079.3,41721.0,41731.1,9540.99415434
1705276800000,41733.2,43388.0,41715.2,42525.6,13418.98262117
1705363200000,42514.5,43585.0,42045.4,43139.8,13176.25831477
1705449600000,43139.7,43200.0,42205.1,42777.1,9060.15866766
1705536000000,42777.1,42925.5,40678.3,41326.0,14465.61906715
1705622400000,41325.9,42187.2,40258.2,41660.0,15676.69827158
1705708800000,41660.1,41875.0,41452.0,41693.8,3721.97261345
1705795200000,41693.8,41883.2,41501.0,41582.9,2934.29571937
1705881600000,41582.4,41689.8,39400.0,39571.0,22249.16542158
1705968000000,39571.1,40194.3,38554.0,39900.2,16630.80730532
1706054400000,39899.4,40588.0,39497.3,40085.1,13420.74065064
1706140800000,40085.2,40306.0,39538.9,39962.6,9277.90415915
1706227200000,39962.7,42249.9,39825.2,41819.9,19074.80564488
1706313600000,41820.5,42199.9,41380.4,42120.2,5510.23199482
1706400000000,42120.1,42838.2,41617.2,42033.2,7021.70689085
1706486400000,42036.7,43300.0,41799.5,43296.9,12314.05669022
1706572800000,43297.0,43884.4,42690.1,42941.8,15829.49322093
1706659200000,42941.8,43748.8,42288.8,42576.0,14559.01681107
1706745600000,42576.0,43286.2,41868.2,43086.8,11603.77570855
1706832000000,43086.8,43485.2,42546.8,43197.2,8838.60533425
1706918400000,43197.3,43380.0,42877.2,43013.6,2640.03009624
1707004800000,43013.6,43116.8,42188.0,42590.0,4681.84769341
1707091200000,42588.0,43571.8,42256.5,42707.1,9009.46675509
1707177600000,42707.1,43388.0,42570.8,43095.5,5927.96868563
1707264000000,43100.0,44422.1,42787.8,44349.7,9329.48908034
1707350400000,44345.8,45611.0,44330.0,45287.5,11961.42355731
1707436800000,45287.5,48219.9,45245.0,47132.2,20392.82747865
1707523200000,47132.2,48175.5,46841.6,47747.7,5114.99543138
1707609600000,47747.8,48594.4,47566.0,48299.9,6178.23428192
1707696000000,48299.9,50333.3,47705.7,49920.0,15657.07530443
1707782400000,49919.9,50385.1,48300.0,49694.6,14906.36152162
1707868800000,49700.4,52045.7,49228.3,51795.6,15880.82867375
1707955200000,51797.6,52813.0,51309.5,51880.4,15586.73173065
1708041600000,51880.4,52574.2,51562.5,52126.7,11542.17818038
1708128000000,52126.7,52165.9,50618.6,51646.0,7834.56161713
1708214400000,51646.0,52399.5,51154.0,52138.3,5329.60450143
1708300800000,52138.5,52489.2,51680.1,51775.6,6796.07453927
1708387200000,51775.5,53006.0,50752.3,52265.4,16704.3469341
1708473600000,52265.5,52371.4,50533.8,51848.0,12009.96359497
1708560000000,51848.1,52080.0,50936.0,51290.0,10195.3568812
1708646400000,51290.1,51547.3,50513.1,50748.2,10224.10429309
1708732800000,50749.9,51700.0,50574.0,51563.6,5026.95029792
1708819200000,51567.4,51984.8,51266.4,51731.4,5316.71577556
1708905600000,51731.4,54923.0,50902.2,54471.0,15063.98807421
1708992000000,54473.9,57614.3,54451.0,57038.6,20067.0674525
1709078400000,57042.9,64085.2,56700.0,62426.1,35345.53347007
1709164800000,62427.0,63661.0,60372.0,61149.9,20134.81520703
1709251200000,61150.0,63114.4,60773.3,62376.9,13571.00330109
1709337600000,62376.9,62441.0,61559.7,62010.0,6556.23002006
1709424000000,62008.0,63248.5,61307.0,63112.7,8059.8814096
1709510400000,63112.6,68500.0,62273.2,68244.4,25528.86056163
1709596800000,68244.4,69080.0,59000.0,63719.5,41092.27985353
1709683200000,63719.5,67647.4,62775.8,66078.0,24575.32657413
1709769600000,66078.0,67996.0,65544.0,66829.0,11820.98486902
1709856000000,66829.0,70040.0,66063.3,68125.0,22875.25967186
1709942400000,68124.9,68553.7,67858.9,68311.6,4613.51217198
1710028800000,68311.6,69910.7,68050.0,68953.6,10428.60766495
1710115200000,68953.7,72800.0,66944.1,72084.4,21607.69295364
1710201600000,72084.4,73095.2,68600.0,71450.1,20555.95351626
1710288000000,71450.0,73625.6,71321.8,73082.7,12637.16288533
1710374400000,73082.7,73787.1,68600.0,71399.3,19889.66811997
1710460800000,71399.4,72432.0,65588.0,69500.0,29758.60274082
1710547200000,69500.0,70050.0,64742.5,65308.1,14370.97556553
1710633600000,65308.2,68910.5,64541.7,68399.1,15158.32487217
1710720000000,68399.1,68974.0,66560.0,67611.9,14313.27474159
1710806400000,67611.9,68121.6,61558.8,61936.4,32495.38180492
1710892800000,61936.4,68096.0,60767.5,67825.1,26796.91851065
1710979200000,67834.0,68247.2,64520.0,65507.9,17408.59709671
1711065600000,65504.0,66641.9,62200.0,63801.5,15493.95908439
1711152000000,63801.5,66000.0,63008.0,63987.1,7268.93692887
1711238400000,63987.2,67631.0,63765.9,67211.9,9375.2257097
1711324800000,67211.9,71142.0,66374.5,69869.8,16888.60361696
1711411200000,69869.8,71547.3,69283.8,69995.6,12805.92737364
1711497600000,69995.7,71777.0,68400.0,69466.4,16558.16112924
1711584000000,69468.1,71541.1,68908.0,70785.1,11236.67481581
1711670400000,70785.2,70928.8,69001.1,69857.7,9228.00297939
1711756800000,69857.7,70322.6,69542.7,69591.1,3500.23244869
1711843200000,69598.0,71400.1,69566.7,71290.5,5251.29340281
1711929600000,71286.0,71304.6,68050.3,69652.8,13931.43587275
1712016000000,69652.9,69680.5,64566.4,65474.6,20739.14129929
1712102400000,65468.8,66908.3,64403.1,65966.7,11178.20792715
1712188800000,65964.3,69319.4,65060.3,68500.0,14268.20551292
1712275200000,68494.2,68747.9,65958.8,67833.5,12478.98068579
1712361600000,67833.5,69696.0,67460.7,68896.7,4465.64935442
1712448000000,68896.8,70329.3,68817.7,69358.0,6101.1330588
1712534400000,69354.5,72799.0,69045.7,71633.8,14895.7740168
1712620800000,71637.0,71757.8,68154.9,69141.9,13076.05373361
1712707200000,69142.0,71190.5,67506.8,70635.9,13247.78686756
1712793600000,70637.1,71315.9,69544.8,70012.0,9709.47210265
1712880000000,70012.1,71230.0,64845.4,67120.7,20640.01931757
1712966400000,67120.7,67940.0,60000.0,63928.3,28670.47485366
1713052800000,63928.3,65856.8,62113.1,65670.0,22110.01134602
1713139200000,65666.0,66867.2,62282.5,63429.7,17291.87656457
1713225600000,63429.7,64376.9,61568.1,63796.0,17183.65592234
1713312000000,63796.1,64523.1,59632.6,61274.5,21148.33575828
1713398400000,61274.5,64133.8,60804.6,63480.0,15072.89450555
1713484800000,63480.1,65440.0,59587.2,63814.1,25202.9595443
1713571200000,63816.0,65422.9,63091.2,64938.1,6511.75936151
1713657600000,64938.1,65704.5,64211.1,64937.9,6842.64748929
1713744000000,64938.0,67248.0,64508.2,66812.9,10867.96136115
1713830400000,66813.0,67183.0,65808.5,66413.9,6656.10978476
1713916800000,66413.9,67078.2,63602.8,64282.6,9961.43429158
1714003200000,64278.6,65289.8,62747.4,64505.7,16225.90838246
1714089600000,64500.2,64814.8,63313.9,63774.1,8404.50691333
1714176000000,63774.2,63925.0,62380.6,63460.0,6284.79056322
1714262400000,63460.1,64380.0,62775.2,63122.0,4982.07074361
1714348800000,63127.9,64225.9,61787.8,63869.9,11149.42747078
1714435200000,63870.0,64732.0,59177.6,60675.1,15444.11152123
1714521600000,60675.1,60846.7,56555.0,58341.8,26517.29432556
1714608000000,58341.9,59661.6,56953.1,59062.2,12543.62019759
1714694400000,59062.2,63349.9,58800.0,62875.9,14714.37919201
1714780800000,62876.0,64545.3,62548.5,63894.1,7450.48367954
1714867200000,63894.2,64652.4,62884.7,64017.7,6267.5743664
1714953600000,64017.7,65518.0,62697.2,63175.6,12646.15735754
1715040000000,63173.5,64411.8,62226.3,62318.2,9884.62115734
1715126400000,62318.1,63029.4,60880.0,61193.9,7789.48080976
1715212800000,61187.5,63427.7,60625.0,63069.0,7515.00010569
1715299200000,63069.0,63470.5,60180.0,60800.2,11115.89692559
1715385600000,60802.0,61525.0,60468.1,60826.0,2856.97259831
1715472000000,60826.6,61874.9,60604.0,61470.1,3286.61858388
1715558400000,61477.2,63459.3,60758.9,62934.8,9799.90901641
1715644800000,62932.0,63114.6,61120.2,61573.0,9519.39448017
1715731200000,61573.0,66490.8,61338.0,66212.7,13168.01261139
1715817600000,66212.6,66789.0,64610.0,65235.9,9079.14426543
1715904000000,65235.9,67459.0,65100.0,67017.9,7883.46178472
1715990400000,67018.0,67389.1,66588.1,66911.0,3004.81913964
1716076800000,66911.1,67750.7,65839.1,66271.6,4013.49007468
1716163200000,66271.6,71571.6,66060.6,71429.7,13083.61708206
1716249600000,71430.2,71979.0,69161.0,70144.7,13481.37279155
1716336000000,70144.7,70665.8,68888.0,69173.5,7716.08280423
1716422400000,69173.5,70087.6,66256.3,67967.5,11956.89622552
1716508800000,67967.4,69250.0,66608.8,68559.9,7444.54054893
1716595200000,68560.0,69639.3,68499.7,69290.4,2595.30072541
1716681600000,69290.5,69556.6,68150.2,68506.3,2920.38741777
1716768000000,68506.3,70688.0,68256.3,69416.1,5825.16743865
1716854400000,69416.1,69614.4,67264.3,68405.9,7842.2355098
1716940800000,68406.0,68934.6,67137.5,67647.7,5756.61837647
1717027200000,67647.6,69515.0,67123.9,68357.9,8033.24955233
1717113600000,68358.5,69049.6,66654.1,67542.5,7256.03603271
1717200000000,67542.6,67890.0,67441.6,67757.8,2154.40697485
1717286400000,67757.8,68472.3,67267.1,67767.7,2760.06681589
1717372800000,67767.6,70299.4,67613.4,68800.7,8704.69617309
1717459200000,68800.7,71071.9,68560.1,70532.3,8299.72123821
1717545600000,70532.2,71754.7,70376.0,71112.0,7996.67451304
1717632000000,71105.5,71651.5,70120.0,70791.4,4445.15747982
1717718400000,70791.4,71997.0,68300.0,69348.0,10671.69171983
1717804800000,69348.0,69589.6,69136.4,69311.5,2937.80266094
1717891200000,69311.5,69850.0,69134.0,69641.8,1639.79702428
1717977600000,69641.8,70186.2,69156.1,69545.0,3729.62959389
1718064000000,69545.0,69583.5,66000.0,67314.5,13210.28230349
1718150400000,67312.2,70000.0,66892.4,68269.8,9883.43066682
1718236800000,68267.6,68458.0,66258.0,66775.7,7418.04121583
1718323200000,66775.6,67366.3,65068.0,66045.8,6789.79447547
1718409600000,66045.7,66485.2,65857.0,66223.4,2202.73779682
1718496000000,66223.5,66985.4,66034.9,66677.9,1840.86627681
1718582400000,66677.9,67301.4,65124.3,66492.1,6659.22650623
1718668800000,66492.1,66592.8,64051.5,65177.1,10035.71814055
1718755200000,65177.1,65727.2,64666.2,64965.8,4179.76744671
1718841600000,64965.9,66493.9,64560.0,64880.2,5544.20979894
1718928000000,64880.1,65076.8,63383.3,64145.4,7728.47628562
1719014400000,64145.4,64543.9,63933.3,64263.0,1728.44914076
1719100800000,64263.0,64524.7,63155.2,63211.9,2937.83736617
1719187200000,63212.0,63366.7,58378.0,60290.6,16291.37208488
1719273600000,60290.1,62422.7,60251.2,61806.1,8530.51745326
1719360000000,61804.1,62483.9,60712.6,60866.1,5692.13961419
1719446400000,60866.2,62390.0,60620.7,61706.6,6076.07685437
1719532800000,61706.5,62233.9,60055.5,60436.0,7588.62330559
1719619200000,60436.1,61218.2,60398.0,60986.7,2884.60919135
1719705600000,60986.7,63066.7,60710.1,62774.2,4012.10922836
1719792000000,62774.3,63860.2,62531.4,62906.3,6642.74790148
1719878400000,62906.2,63294.0,61820.0,62145.0,4664.11710635
1719964800000,62145.1,62290.0,59375.1,60217.7,9194.0810388
1720051200000,60217.6,60493.1,56759.5,57050.0,14296.01302318
1720137600000,57050.0,57548.4,53269.0,56633.5,21888.84947402
1720224000000,56630.1,58479.8,56025.7,58236.4,4697.74196289
1720310400000,58236.5,58448.0,55730.7,55862.0,4948.8558574
1720396800000,55867.9,58214.7,54289.4,56720.5,12898.65976305
1720483200000,56716.1,58303.0,56291.7,58043.1,8084.28144031
1720569600000,58043.1,59476.3,57159.7,57720.2,8174.20162929
1720656000000,57720.2,59579.9,57029.2,57342.6,8135.66098661
1720742400000,57338.7,58527.6,56537.3,57898.1,7544.72254323
1720828800000,57898.7,59866.0,57757.2,59209.9,4693.70420161
1720915200000,59203.6,61444.8,59195.1,60784.1,6373.30522466
1721001600000,60784.1,64915.2,60650.0,64726.7,12204.51092384
1721088000000,64725.7,65400.0,62369.8,65046.5,11840.29517999
1721174400000,65046.6,66117.5,63849.4,64086.0,7643.48988664
1721260800000,64086.1,65142.5,63230.9,63991.2,6155.96028299
1721347200000,63991.3,67395.4,63300.1,66659.9,9959.12830775
1721433600000,66660.0,67619.6,66225.5,67137.7,3689.03556398
1721520000000,67136.1,68372.1,65764.5,68163.9,6000.36799742
1721606400000,68162.7,68482.1,66576.0,67524.6,6040.58898112
1721692800000,67524.7,67751.7,65420.0,65938.4,7464.07352192
1721779200000,65938.5,67102.0,65100.0,65373.6,6231.41154792
1721865600000,65372.1,66173.2,63450.1,65801.9,10968.43433951
1721952000000,65802.0,68218.0,65718.0,67908.9,8676.64543021
1722038400000,67909.0,69409.5,66646.6,67897.1,8944.23606185
1722124800000,67898.6,68328.4,67051.1,68239.5,4073.07721256
1722211200000,68239.5,70050.0,66428.0,66786.1,13946.76441315
1722297600000,66783.8,67012.0,65300.0,66190.1,7915.25726122
1722384000000,66188.1,66849.5,64516.4,64630.0,7114.11852066
1722470400000,64630.0,65654.0,62280.0,65356.0,13168.1408859
1722556800000,65356.0,65598.9,61230.0,61489.9,14102.63397311
1722643200000,61490.0,62197.7,59837.5,60710.0,9507.21725825
1722729600000,60712.0,61143.6,57123.4,58160.1,9762.24353379
1722816000000,58161.3,58310.0,48934.8,54018.0,59326.15663708
1722902400000,54014.0,57073.6,53938.3,56022.0,17067.14775559
1722988800000,56019.3,57736.3,54563.6,55142.7,13605.88730858
1723075200000,55137.6,62750.0,54727.6,61686.1,16969.35309581
1723161600000,61692.0,61752.6,59532.7,60838.2,9736.93166057
1723248000000,60837.9,61476.0,60250.0,60921.3,3359.32153287
1723334400000,60921.2,61885.7,58300.4,58711.7,6312.85968392
1723420800000,58711.6,60692.8,57592.9,59348.0,12877.9245052
1723507200000,59348.0,61575.9,58398.1,60584.6,8315.98034762
1723593600000,60584.6,61839.8,58441.2,58686.9,8191.49403323
1723680000000,58684.0,59850.0,56093.7,57544.0,11005.50754503
1723766400000,57542.1,59821.0,57094.1,58880.4,9443.13975523
1723852800000,58880.5,59716.8,58804.9,59499.7,2504.13748128
1723939200000,59499.8,60288.4,58400.3,58434.7,4753.24210675
1724025600000,58433.8,59610.7,57800.0,59443.8,5540.327467
1724112000000,59438.5,61419.6,58541.2,59006.5,10763.08670319
1724198400000,59004.3,61832.3,58781.7,61156.0,8278.18478471
1724284800000,61156.0,61401.2,59667.6,60380.0,6976.04711851
1724371200000,60381.4,65000.0,60340.0,64048.1,14561.40431646
1724457600000,64048.2,64508.9,63513.7,64160.0,4935.32185808
1724544000000,64154.1,65010.2,63780.1,64227.5,4230.08665442
1724630400000,64227.5,64482.8,62800.0,62818.3,6252.83997207
1724716800000,62830.4,63213.9,58000.0,59404.8,10934.14610752
1724803200000,59406.9,60235.3,57825.1,59034.0,10206.8287233
1724889600000,59036.9,61186.4,58700.5,59352.1,7113.41347663
1724976000000,59352.0,59948.1,57650.0,59135.6,7850.0795944
1725062400000,59134.1,59461.5,58725.4,58974.5,1916.8816309
1725148800000,58974.2,59083.4,57168.5,57296.1,6351.49422802
1725235200000,57294.9,59433.8,57116.2,59143.2,5849.20707685
1725321600000,59142.2,59817.0,57401.0,57484.0,5406.92140985
1725408000000,57480.1,58522.1,55568.0,57970.0,9853.61825922
1725494400000,57970.0,58329.9,55631.0,56176.0,8907.32666931
1725580800000,56176.0,57054.8,52528.6,53958.8,16150.42706648
1725667200000,53958.8,54853.0,53734.1,54155.8,5117.43145175
1725753600000,54161.2,55320.1,53626.2,54875.9,4851.23573713
1725840000000,54876.0,58135.0,54588.7,57030.8,11844.34717334
1725926400000,57030.9,58045.8,56387.1,57639.7,7798.99127987
1726012800000,57639.8,57988.0,55555.0,57338.3,9337.65680797
1726099200000,57335.3,58588.8,57328.2,58132.5,7465.9961818
1726185600000,58132.5,60644.7,57635.4,60500.1,8602.22621068
1726272000000,60500.0,60612.2,59355.9,59991.8,4154.66637798
1726358400000,59991.9,60407.3,58692.8,59126.2,3712.67379857
1726444800000,59126.3,59209.9,57431.1,58211.9,8081.37822094
1726531200000,58212.0,61343.1,57615.7,60314.6,10105.65118518
1726617600000,60314.7,61807.8,59179.7,61767.7,11579.49086577
1726704000000,61770.7,63858.1,61558.0,62956.3,11464.01357997
1726790400000,62956.4,64142.8,62338.0,63200.0,9191.69066961
1726876800000,63199.9,63569.1,62750.6,63348.0,2377.46558258
1726963200000,63348.1,64019.0,62364.8,63574.2,4560.68892149
1727049600000,63577.5,64750.0,62560.0,63336.1,7466.1079218
1727136000000,63334.1,64698.0,62702.3,64275.8,8356.05420232
1727222400000,64275.8,64822.2,62950.0,63154.9,6903.90311865
1727308800000,63154.9,65831.9,62671.0,65163.4,9633.43925152
1727395200000,65163.4,66500.0,64820.0,65774.1,8214.83539935
1727481600000,65774.0,66269.7,65414.6,65853.3,2900.34932926
1727568000000,65853.4,66079.6,65440.0,65603.5,2577.37071146
1727654400000,65603.6,65623.7,62850.0,63327.5,10554.96947418
1727740800000,63327.6,64128.0,60160.1,60814.5,14826.75901923
1727827200000,60814.5,62375.6,60000.0,60642.1,9461.33615462
1727913600000,60642.1,61479.0,59800.0,60753.8,9187.01727061
1728000000000,60752.8,62480.8,60462.0,62094.1,6931.98162877
1728086400000,62093.4,62382.9,61687.0,62058.6,2148.39275328
1728172800000,62058.6,62986.9,61820.0,62825.3,2626.67268207
1728259200000,62825.4,64466.9,62126.0,62222.1,9697.12969549
1728345600000,62222.0,63200.0,61866.0,62155.9,6074.08964504
1728432000000,62156.0,62549.2,60302.0,60637.5,6277.3628263
1728518400000,60637.5,61315.9,58935.6,60322.4,7450.66757733
1728604800000,60322.5,63419.5,60088.0,62546.0,8656.15565433
1728691200000,62546.1,63488.0,62477.4,63209.9,3848.71155181
1728777600000,63209.4,63294.5,62050.0,62872.0,3344.26923875
1728864000000,62872.1,66577.1,62453.4,66089.8,14565.17708127
1728950400000,66089.9,67963.6,64781.5,67072.1,14398.81302333
1729036800000,67072.1,68422.6,66755.1,67614.3,9446.98818287
1729123200000,67614.4,67941.0,66670.0,67426.5,7300.34861422
1729209600000,67426.5,69000.0,67188.5,68431.4,8869.24860839
1729296000000,68431.4,68700.0,68006.0,68366.2,2137.23198452
1729382400000,68366.3,69425.0,68100.0,69035.6,3542.45381774
1729468800000,69035.7,69546.0,66842.8,67371.7,10624.44778247
1729555200000,67371.8,67838.0,66555.0,67421.2,8803.1847121
1729641600000,67421.3,67470.3,65251.0,66666.0,7780.15045898
1729728000000,66666.1,68850.3,66514.0,68198.5,7315.65549724
1729814400000,68198.6,68771.9,65588.7,66710.0,11321.44881757
1729900800000,66710.0,67482.7,66442.0,67095.9,3615.56734073
1729987200000,67095.8,68344.0,66936.9,68022.9,2708.29107454
1730073600000,68022.2,70332.9,67618.0,69961.2,9561.25604325
1730160000000,69961.3,73650.0,69754.6,72746.0,15666.8654187
1730246400000,72746.0,72962.0,71440.0,72345.2,8577.58204254
1730332800000,72345.2,72696.0,69688.0,70302.2,10766.00966581
1730419200000,70302.3,71629.9,68800.2,69495.5,12143.81069739
1730505600000,69495.6,69914.2,69017.8,69371.0,2854.89076309
1730592000000,69371.0,69386.0,67458.0,68769.3,7667.96769928
1730678400000,68770.0,69499.0,66822.5,67850.0,8435.89193466
1730764800000,67850.1,70554.9,67471.4,69372.7,10525.56371032
1730851200000,69372.8,76388.0,69289.9,75584.8,32222.7667945
1730937600000,75584.9,76848.1,74429.0,75860.3,10618.62235726
1731024000000,75860.4,77179.1,75583.4,76499.1,9474.47960689
1731110400000,76499.1,76915.8,75714.2,76675.0,4525.46609222
1731196800000,76675.1,81568.0,76494.1,80360.0,16995.24889088
1731283200000,80358.8,89575.0,80212.1,88640.0,22727.95466285
1731369600000,88640.1,89970.2,85091.8,87944.5,28815.39820741
1731456000000,87944.6,93263.0,86126.1,90378.4,22380.13460877
1731542400000,90378.4,91777.7,86666.6,87330.0,16089.32124438
1731628800000,87330.0,91851.2,87070.9,91022.9,13114.955173
1731715200000,91022.9,91784.6,90060.1,90583.3,4952.06371731
1731801600000,90583.9,91489.9,88714.2,89860.0,6749.27556207
1731888000000,89860.8,92644.1,89375.0,90464.0,16371.57397047
1731974400000,90463.9,93888.0,90348.0,92307.9,13246.54138368
1732060800000,92307.9,94818.0,91479.7,94286.8,11349.30534162
1732147200000,94287.0,98960.0,94000.0,98317.2,19588.86849577
1732233600000,98317.2,99588.0,97152.5,98891.8,12225.69403399
1732320000000,98891.8,98908.0,97135.3,97666.5,6478.14356456
1732406400000,97666.5,98569.3,95745.5,97899.9,6748.15376211
1732492800000,97902.5,98876.0,92601.6,93002.0,13160.3916657
1732579200000,93002.0,94999.9,90800.0,91960.1,12908.29573158
1732665600000,91960.1,97203.8,91784.0,95848.1,10463.84950387
1732752000000,95848.1,96567.7,94610.0,95636.7,5784.43784214
1732838400000,95636.7,98628.0,95357.7,97456.1,8212.48966214
1732924800000,97456.1,97460.0,96080.1,96409.0,3851.08568575
1733011200000,96409.1,97841.7,95678.0,97190.2,4973.57705772
1733097600000,97190.2,98174.4,94388.5,95828.1,9654.87051269
1733184000000,95828.2,96302.6,93583.8,95857.3,8952.18751243
1733270400000,95857.4,99000.0,94580.0,98580.7,12943.88995409
1733356800000,98580.6,104056.0,89711.9,96960.0,27570.46234834
1733443200000,96960.0,101901.8,96243.3,99734.0,11991.3128089
1733529600000,99734.1,100439.0,98846.2,99835.4,3854.00126077
1733616000000,99835.5,101362.7,98663.2,101107.7,4333.69599744
1733702400000,101107.8,101221.7,94000.0,97267.2,14528.24977398
1733788800000,97275.7,98300.0,94244.3,96593.2,12213.85908796
1733875200000,96593.2,101884.0,95666.6,101117.4,10670.25572301
1733961600000,101117.4,102538.9,99307.1,100001.1,9809.11373928
1734048000000,100001.2,101911.4,99200.0,101418.6,8694.30865628
1734134400000,101418.6,102666.0,100606.9,101421.3,3822.08261164
1734220800000,101422.0,105333.0,101228.0,104477.4,6357.48275007
1734307200000,104477.5,107796.3,103307.9,106066.0,11240.92690055
1734393600000,106066.1,108365.0,105306.4,106128.4,9079.0088136
1734480000000,106128.4,106500.0,100000.0,100213.1,14974.46962576
1734566400000,100208.2,102805.0,95682.2,97458.1,22123.68566125
1734652800000,97458.1,98240.0,92268.0,97806.4,21739.47201134
1734739200000,97809.1,99553.7,96396.1,97283.3,7232.60308299
1734825600000,97289.2,97459.4,94258.1,95173.4,5125.00388279
1734912000000,95173.4,96538.4,92525.0,94884.1,9936.80743995
1734998400000,94884.1,99480.2,93555.9,98661.3,8954.98899873
1735084800000,98656.1,99599.0,97626.1,99440.3,5337.23859921
1735171200000,99440.4,99968.9,95179.4,95783.3,7283.05051706
1735257600000,95777.9,97561.4,93500.0,94304.1,8421.05776752
1735344000000,94303.6,95750.0,94143.0,95305.3,2445.53816994
1735430400000,95304.1,95346.6,93000.0,93737.6,4845.90699467
1735516800000,93737.6,95041.2,91540.0,92796.4,10170.65337363
1735603200000,92796.4,96258.9,92030.2,93585.1,7921.22471868
1735689600000,93585.0,95192.1,92888.0,94589.5,4030.15764439
1735776000000,94589.5,97847.6,94390.4,96988.4,8155.92115183
1735862400000,96988.4,98977.9,96100.1,98183.4,5529.39452864
1735948800000,98183.9,98785.7,97527.2,98221.9,2940.63167799
1736035200000,98221.9,98842.4,97260.8,98363.9,2351.48263432
1736121600000,98363.9,102479.3,97924.0,102230.6,7846.79214161
1736208000000,102224.5,102750.0,96176.6,96957.9,9409.58343844
1736294400000,96958.0,97290.7,92500.2,95037.0,9494.80363937
1736380800000,95042.7,95391.9,91200.0,92553.1,9159.12732207
1736467200000,92553.0,95853.1,92222.0,94726.5,9401.4162062
1736553600000,94724.5,95039.2,93829.6,94612.5,2054.79140031
1736640000000,94612.5,95465.0,93711.8,94549.9,2145.95045142
1736726400000,94549.9,95947.2,89111.0,94538.5,14515.21147962
1736812800000,94538.6,97384.0,94350.0,96559.9,9295.86022027
1736899200000,96560.0,100687.0,96500.0,100497.0,8455.84186303
1736985600000,100495.2,100880.0,97311.1,99990.8,8405.28538773
1737072000000,99990.9,105847.4,99950.1,104084.4,12692.88564144
1737158400000,104084.5,104984.0,102288.0,104551.6,7136.92787152
1737244800000,104551.6,106448.6,99639.4,101334.0,13871.46478944
1737331200000,101334.0,109800.0,99526.4,102264.3,29215.80272144
1737417600000,102263.9,107285.8,100111.0,106150.1,16862.59108702
1737504000000,106150.1,106416.3,103308.3,103704.1,7964.78761756
1737590400000,103704.2,106863.1,101233.0,103914.8,18762.38267739
1737676800000,103914.8,107146.3,102750.0,104866.1,7599.95235469
1737763200000,104866.2,105300.0,104106.1,104740.3,2943.45466318
1737849600000,104740.3,105526.6,102500.0,102604.5,3106.68873461
1737936000000,102600.7,103272.2,97751.6,102076.1,17290.23726432
1738022400000,102076.1,103848.0,100274.4,101349.3,8667.91377155
1738108800000,101345.2,104795.1,101331.0,103733.3,7493.36202024
1738195200000,103735.3,106450.3,103282.8,104727.2,7848.07802652
1738281600000,104727.2,106000.0,101542.4,102439.9,9422.69889842
1738368000000,102440.0,102788.0,100270.0,100633.2,4497.21756703
1738454400000,100633.1,101461.7,96137.6,97698.9,9495.2555308
1738540800000,97698.9,102500.0,91182.6,101337.5,29588.43086161
1738627200000,101337.6,101743.9,96136.2,97767.9,12305.98119918
1738713600000,97768.0,99166.6,96156.0,96616.1,7412.67824723
1738800000000,96615.7,99132.2,95680.0,96554.7,6928.59468368
1738886400000,96554.8,100149.8,95601.0,96504.1,10679.20826296
1738972800000,96504.0,96888.7,95683.0,96458.1,2677.55570034
1739059200000,96458.1,97329.0,94705.8,96475.9,4006.5884632
1739145600000,96475.9,98358.3,95254.0,97431.7,6835.52956702
1739232000000,97431.7,98489.7,94859.5,95779.9,6175.36805831
1739318400000,95779.9,98136.1,94021.3,97870.1,8228.93454385
1739404800000,97870.1,98091.4,95209.4,96617.0,6142.26062577
1739491200000,96617.0,98843.9,96274.5,97504.0,6279.00464778
1739577600000,97504.1,97987.2,97222.0,97587.3,2356.30585026
1739664000000,97587.4,97722.2,96048.4,96105.6,3198.52785613
1739750400000,96105.6,97047.4,95188.8,95778.3,5041.81697582
1739836800000,95778.3,96750.0,93363.3,95656.6,7403.70988429
1739923200000,95665.1,96899.9,95000.0,96644.3,5381.59180444
1740009600000,96644.4,98722.0,96415.2,98307.9,5571.08593579
1740096000000,98308.0,99485.9,94858.5,96172.9,11724.24757958
1740182400000,96172.9,96983.3,95760.4,96552.1,3579.27393107
1740268800000,96552.1,96648.0,95250.1,96264.7,2730.98024577
1740355200000,96264.7,96513.7,91333.8,91534.5,10796.50521914
1740441600000,91534.5,92545.9,86050.0,88680.7,25824.74548835
1740528000000,88680.7,89415.5,82236.0,84254.0,17651.14355488
1740614400000,84254.0,87090.3,82725.7,84717.4,13743.98183188
1740700800000,84717.7,85121.9,78258.5,84339.4,28248.80125346
1740787200000,84346.0,86547.3,83812.9,86056.1,7767.74628862
1740873600000,86056.1,95000.0,85040.8,94269.5,17211.25795152
1740960000000,94269.5,94426.0,85111.5,86219.7,20459.42518627
1741046400000,86219.8,88948.4,81501.0,87277.9,19969.17663864
1741132800000,87276.6,91052.9,86356.5,90608.7,13183.41502489
1741219200000,90608.7,92812.3,87838.0,89930.0,12891.89019597
1741305600000,89930.0,91290.3,84640.0,86797.1,23278.99291411
1741392000000,86797.2,86891.3,85217.8,86227.9,5297.76786383
1741478400000,86227.9,86511.7,80000.0,80743.3,10212.98090837
1741564800000,80745.0,84069.4,77464.0,78595.8,19580.59890241
1741651200000,78595.9,83631.8,76600.0,82943.2,19847.40230171
1741737600000,82942.7,84499.0,80597.7,83691.9,12834.81338322
1741824000000,83691.9,84333.3,79940.0,81119.5,9175.78559214
1741910400000,81119.6,85300.0,80826.8,83988.7,9838.62948963
1741996800000,83988.6,84679.9,83609.2,84342.0,2969.00394083
1742083200000,84342.1,85154.0,82000.0,82578.1,7286.94642839
1742169600000,82578.1,84764.3,82444.3,84011.9,8184.44024098
1742256000000,84011.9,84030.1,81144.0,82709.7,8256.61127101
1742342400000,82709.8,87024.0,82539.9,86841.0,10492.98338964
1742428800000,86843.7,87446.9,83642.0,84225.9,8809.24556432
1742515200000,84223.3,84844.0,83170.6,84086.5,5260.21715675
1742601600000,84086.5,84533.3,83650.0,83850.0,2055.27739344
1742688000000,83850.0,86131.0,83812.0,86083.3,3786.16144289
1742774400000,86083.4,88769.2,85530.0,87496.7,9227.68584472
1742860800000,87496.7,88545.7,86303.3,87414.6,7254.92434073
1742947200000,87414.6,88284.0,85860.0,86926.2,7413.30182534
1743033600000,86926.3,87765.2,85800.0,87228.0,6674.63353903
1743120000000,87228.0,87504.4,83585.0,84427.3,11824.03061243
1743206400000,84427.4,84626.7,81644.2,82650.1,5528.35093193
1743292800000,82650.0,83535.4,81569.3,82398.2,5168.06207419
1743379200000,82398.4,83929.6,81268.5,82556.9,6444.37352175
1743465600000,82556.9,85555.0,82429.6,85168.2,8606.99246835
1743552000000,85168.3,88500.0,82320.1,82513.2,14159.67167024
1743638400000,82514.1,83937.3,81203.0,83216.3,10722.42511002
1743724800000,83216.4,84725.0,81667.0,83889.0,13608.61853779
1743811200000,83889.1,84268.7,82383.0,83534.2,3962.45914489
1743897600000,83539.6,83793.7,77142.8,78426.0,12033.58928828
1743984000000,78427.1,81213.5,74501.6,79174.4,25221.67755968
1744070400000,79174.4,80860.0,76243.3,76329.9,11085.8250711
1744156800000,76329.9,83583.1,74627.5,82618.4,23614.78711289
1744243200000,82618.3,82749.0,78462.0,79599.5,13757.00317977
1744329600000,79592.0,84300.0,78970.9,83416.0,12448.84740141
1744416000000,83414.1,85888.0,82764.9,85268.0,7470.68304511
1744502400000,85268.1,86100.0,83020.2,83760.0,9195.48901995
1744588800000,83758.1,85808.1,83688.2,84586.6,9020.06414124
1744675200000,84586.7,86460.0,83603.2,83650.7,8069.29433914
1744761600000,83650.6,85550.0,83107.6,84029.7,6581.22704606
1744848000000,84029.8,85489.0,83722.0,84955.0,6489.49436171
1744934400000,84955.1,85138.0,84300.0,84468.6,2332.50567678
1745020800000,84468.6,85661.0,84370.0,85087.8,3968.98541419
1745107200000,85087.9,85350.1,83941.7,85183.7,6709.61379748
1745193600000,85183.8,88466.0,85143.4,87516.1,12189.97928581
1745280000000,87512.1,94086.3,87062.8,93447.9,14019.76405469
1745366400000,93448.0,94779.6,91935.8,93676.1,10152.02911179
1745452800000,93676.0,93998.0,91662.9,93973.9,7583.31109067
1745539200000,93974.0,95768.4,92842.0,94640.0,9319.22455115
1745625600000,94645.1,95208.8,93870.1,94631.8,4313.3504374
1745712000000,94631.8,95310.0,93610.3,93744.0,3697.26287294
1745798400000,93744.0,95600.0,92774.1,95014.6,9353.71264519
1745884800000,95014.6,95465.2,93729.9,94242.0,6405.64408606
1745971200000,94242.0,95236.0,92914.1,94163.1,6337.50984881
1746057600000,94163.1,97426.0,94125.5,96488.2,9960.36757112
1746144000000,96488.0,97896.0,96315.8,96891.6,7468.15476421
1746230400000,96891.7,96929.3,95751.6,95861.6,4048.36560009
1746316800000,95860.1,96299.9,94123.2,94273.7,4249.38447761
1746403200000,94273.8,95217.5,93489.1,94737.3,5789.92646452
1746489600000,94737.3,96900.0,93390.1,96833.9,7056.46124529
1746576000000,96834.0,97731.8,95788.9,97026.0,6461.72868276
1746662400000,97026.0,104295.8,96872.0,103270.0,13417.14730305
1746748800000,103269.9,104366.0,102300.0,102986.0,8280.52444386
1746835200000,102986.1,104999.0,102824.2,104820.0,4696.29800504
1746921600000,104819.9,104968.1,103333.3,104126.0,5676.60785515
1747008000000,104126.9,105850.0,100733.0,102790.0,9562.70588406
1747094400000,102790.1,104986.0,101418.1,104127.7,7481.17034472
1747180800000,104122.3,104357.6,102608.3,103500.0,5353.69470211
1747267200000,103500.1,104195.7,101355.2,103766.7,7316.52086917
1747353600000,103766.5,104555.0,103100.0,103461.2,4944.88301299
1747440000000,103461.2,103729.1,102600.0,103133.6,3919.55626721
1747526400000,103133.7,106669.0,103100.1,106468.7,6882.99277067
1747612800000,106468.9,107140.1,102080.4,105568.1,9938.36338696
1747699200000,105568.1,107308.7,104180.0,106846.1,7908.41940656
1747785600000,106846.0,110804.2,106086.1,109642.8,13083.60466016
1747872000000,109646.0,111963.0,109179.5,111701.9,9860.22176593
1747958400000,111702.0,111800.0,106800.0,107324.0,10331.70339478
1748044800000,107324.1,109488.6,106880.0,107767.2,5050.97650019
1748131200000,107767.3,109315.3,106600.0,109004.9,4742.27490007
1748217600000,109004.9,110450.0,108666.7,109437.9,5325.32664063
1748304000000,109436.7,110729.0,107505.2,108936.0,7425.53241112
1748390400000,108936.0,109282.0,106800.0,107783.9,6007.08570482
1748476800000,107783.9,108897.5,105311.8,105586.1,11958.4616969
1748563200000,105586.1,106322.9,103621.1,103999.9,7533.77097633
1748649600000,104000.0,104907.5,103078.7,104596.8,3268.15066908
1748736000000,104596.8,105874.2,103738.3,105641.5,3564.67299164
1748822400000,105641.6,105945.0,103668.8,105847.3,4592.23742485
1748908800000,105848.9,106804.0,104871.7,105386.7,5326.46317426
1748995200000,105386.7,105988.0,104181.4,104680.5,3839.4262184
1749081600000,104688.8,105914.9,100400.0,101500.0,9276.75618363
1749168000000,101499.9,105330.8,101083.0,104295.5,7608.9685087
1749254400000,104295.5,105916.7,103876.8,105553.6,2514.75434319
1749340800000,105553.6,106499.5,104969.6,105729.1,2121.96290582
1749427200000,105729.2,110650.0,105313.4,110267.0,6518.37288649
1749513600000,110266.9,110393.0,108344.1,110274.1,4684.91669774
1749600000000,110274.1,110399.9,108050.1,108645.7,4029.25866951
1749686400000,108645.7,108827.6,105661.4,105663.8,7812.62766632
1749772800000,105663.8,106188.0,102640.0,106066.1,9488.08681204
1749859200000,106066.1,106219.2,104305.7,105410.9,2746.44099044
1749945600000,105410.9,106140.0,104500.0,105579.9,3221.13151708
1750032000000,105580.0,108974.7,104972.2,106803.8,5344.88227532
1750118400000,106806.0,107761.7,103368.1,104564.0,8918.27917156
1750204800000,104565.1,105544.2,103500.0,104890.1,5088.53967851
1750291200000,104890.0,105225.8,103920.1,104652.4,2621.85826146
1750377600000,104652.1,106520.0,102340.7,103304.6,6357.82807147
1750464000000,103304.6,103991.6,100866.0,102124.4,5004.83021331
1750550400000,102126.3,103396.6,98188.4,100949.2,10247.09025563
1750636800000,100948.1,106052.1,99636.6,105356.0,9643.94046111
1750723200000,105355.9,106290.8,104625.1,106094.1,6777.21948302
1750809600000,106094.2,108130.0,105820.1,107335.5,6583.53806839
1750896000000,107335.6,108290.0,106546.8,106962.8,4918.44529866
1750982400000,106962.9,107742.0,106377.0,107054.0,4927.65118747
1751068800000,107054.5,107552.4,106806.4,107302.7,1997.79672528
1751155200000,107302.7,108539.0,107169.2,108361.5,2926.27530671
1751241600000,108361.5,108800.0,106736.9,107140.0,4033.4241961
1751328000000,107140.1,107547.9,105239.2,105688.1,4678.27318176
1751414400000,105688.1,109750.0,105100.0,108838.9,6318.35624475
1751500800000,108838.9,110529.0,108526.1,109593.4,4574.2563791
1751587200000,109593.5,109777.8,107255.7,107985.4,3223.40250189
1751673600000,107985.5,108432.7,107750.1,108199.7,1248.5447676
1751760000000,108199.8,109719.6,107804.1,109202.6,2030.6132155
1751846400000,109202.6,109707.9,107506.5,108262.1,2682.62827793
1751932800000,108262.1,109218.8,107421.4,108926.0,2834.4736747
1752019200000,108926.0,112000.0,108333.4,111239.3,5410.12333575
1752105600000,111239.3,117548.2,110504.4,116015.9,9867.99294038
1752192000000,116016.0,118868.0,115208.1,117542.3,8037.12136085
1752278400000,117542.2,118230.5,116916.6,117437.1,5247.26861473
1752364800000,117438.0,119500.0,117222.5,119096.0,3185.85793522
1752451200000,119095.9,123226.0,118906.5,119848.7,9045.78504163
1752537600000,119848.7,119950.0,115726.7,117752.7,11387.63759729
1752624000000,117752.6,120069.3,117018.2,118629.7,5314.61868941
1752710400000,118629.7,120941.8,117444.0,119178.0,5583.41822284
1752796800000,119178.0,120822.7,116811.0,117934.0,6793.59430457
1752883200000,117934.1,118492.0,117267.9,117838.2,2917.05388318
1752969600000,117838.3,118865.9,116462.0,117260.1,3469.44297522
1753056000000,117260.1,119669.0,116520.0,117378.1,5012.60558127
1753142400000,117378.1,120249.3,116116.0,119954.9,8684.56371028
1753228800000,119955.0,120080.0,117313.6,118757.9,5470.70412554
1753315200000,118757.9,119500.0,117072.0,118341.8,5881.01567022
1753401600000,118341.9,118462.5,114712.4,117615.8,14823.02724256
1753488000000,117615.9,118290.0,117129.7,117917.3,2430.31755294
1753574400000,117917.9,119786.0,117818.0,119439.3,3485.56258046
1753660800000,119440.0,119828.0,117400.4,118073.9,3487.35110145
1753747200000,118073.9,119300.0,116954.4,117944.1,3928.207275
1753833600000,117944.0,118800.0,115716.3,117836.4,4649.59239764
1753920000000,117836.4,118936.8,115500.0,115754.8,5196.99532531
1754006400000,115754.8,116063.2,112724.3,113294.3,9645.42555018
1754092800000,113294.4,114061.3,112005.4,112559.9,3426.81807393
1754179200000,112560.0,114780.4,111903.1,114202.0,2552.42393238
1754265600000,114202.1,115738.9,114109.1,115053.6,3315.32238925
1754352000000,115053.7,115128.4,112653.0,114126.8,4101.6529488
1754438400000,114126.8,115711.0,113357.6,114999.8,2974.29718039
1754524800000,114999.6,117636.4,114260.7,117478.0,4452.50279353
1754611200000,117478.1,117663.8,115888.0,116665.9,4460.09866834
1754697600000,116666.0,117923.2,116348.8,116470.0,3761.2912021
1754784000000,116470.1,119317.7,116457.9,119287.8,5027.46131999
1754870400000,119287.7,122335.8,118036.2,118686.1,7775.95484853
1754956800000,118686.1,120320.0,118203.7,120132.0,5405.85257172
1755043200000,120132.1,123700.0,118929.1,123308.0,7114.74615589
1755129600000,123308.1,124500.0,117156.1,118298.5,10097.11692672
1755216000000,118298.5,119229.5,116800.0,117338.1,4584.12398379
1755302400000,117338.0,117899.1,117136.3,117386.1,3442.14475639
1755388800000,117386.1,118585.5,117180.0,117409.6,1768.99653256
1755475200000,117409.6,117555.6,114652.5,116234.4,5644.55917177
1755561600000,116234.4,116732.0,112710.9,112865.6,5571.6285604
1755648000000,112864.1,114625.0,112371.6,114279.6,5351.37742744
1755734400000,114279.7,114824.5,112006.0,112511.4,5071.84426752
1755820800000,112511.5,117420.0,111684.0,116943.7,7512.6901424
1755907200000,116943.8,117031.5,114540.4,115424.1,3400.32292093
1755993600000,115424.1,115666.6,110481.8,113490.0,6587.56573637
1756080000000,113491.9,113662.8,109284.7,110119.0,8239.77025488
1756166400000,110119.0,112373.0,108680.6,111771.8,6606.803999
1756252800000,111771.9,112625.3,110355.8,111254.1,4014.08770145
1756339200000,111254.1,113484.9,110869.6,112564.0,5118.99688195
1756425600000,112564.1,112642.0,107474.9,108385.7,7323.83695577
1756512000000,108385.8,108922.9,107343.7,108815.0,4987.66420971
1756598400000,108815.1,109486.0,108064.9,108248.3,2305.23228201
1756684800000,108248.0,109911.0,107250.0,109235.9,4341.71247647
1756771200000,109236.0,111773.1,108386.5,111233.7,6750.52120518
1756857600000,111234.0,112571.3,110530.0,111700.0,3836.68043118
1756944000000,111700.0,112180.0,109312.3,110721.1,3662.33534638
1757030400000,110720.1,113400.0,110215.8,110673.3,6218.27440149
1757116800000,110673.4,111356.1,109967.1,110192.1,3205.72863749
1757203200000,110192.1,111610.2,110181.0,111137.6,3544.13363623
1757289600000,111137.6,112920.4,110608.8,112063.4,3788.40757221
1757376000000,112063.5,113277.5,110762.0,111541.9,5970.02422484
1757462400000,111542.0,114318.0,110923.1,113957.7,6538.89192451
1757548800000,113957.7,115480.0,113417.5,115477.9,5119.6697022
1757635200000,115477.9,116666.0,114750.1,116030.1,4903.5352177
1757721600000,116030.1,116285.3,115116.5,115924.4,2669.70971954
1757808000000,115924.5,116164.4,115131.3,115268.3,2130.28715071
1757894400000,115268.4,116773.1,114370.0,115350.6,5582.08594181
1757980800000,115350.6,116969.3,114708.0,116797.7,4630.81546719
1758067200000,116797.8,117282.0,114722.0,116451.3,6594.46931541
1758153600000,116451.3,117910.0,116095.4,117081.1,4986.60814027
1758240000000,117081.0,117469.0,115088.0,115630.1,3257.80512752
1758326400000,115630.1,116136.9,115408.0,115685.9,1471.32130708
1758412800000,115686.0,115826.0,115162.2,115236.0,1234.06021168
1758499200000,115236.0,115382.8,111514.3,112656.0,7377.14046326
1758585600000,112656.1,113290.8,111466.0,112004.6,2770.71046801
1758672000000,112004.6,113946.0,111020.0,113303.1,3635.88743619
1758758400000,113303.1,113514.0,108625.1,108990.8,6115.00812749
1758844800000,108990.9,110294.3,108617.3,109639.9,5217.06440714
1758931200000,109640.0,109755.4,109064.9,109630.7,1957.47292025
1759017600000,109630.8,112354.8,109200.0,112172.1,2371.07384593
1759104000000,112171.0,114425.7,111558.4,114313.0,6537.3281361
1759190400000,114313.0,114800.0,112666.9,114047.2,5678.99752315
1759276800000,114047.1,118655.7,113955.4,118607.7,6608.0933567
1759363200000,118607.7,121039.9,118279.1,120540.8,7743.90309204
1759449600000,120540.8,123888.0,119257.0,122239.4,8590.4680947
1759536000000,122239.4,122800.0,121519.4,122396.9,4185.93935742
1759622400000,122397.0,125790.0,122133.9,123480.1,8311.35846876
1759708800000,123480.1,126200.0,123088.0,124673.0,6691.19721072
1759795200000,124674.9,125139.2,120592.0,121344.9,7435.59875393
1759881600000,121344.9,124200.0,121072.1,123304.1,5206.72827438
1759968000000,123304.1,123793.6,119651.4,121656.4,5870.26042236
1760054400000,121656.5,122564.1,101500.0,112769.0,23711.49830368
1760140800000,112770.0,113298.5,109568.2,110654.0,13770.38563849
1760227200000,110654.0,115766.0,109588.0,114972.6,10145.28056504
1760313600000,114972.6,115960.0,113603.6,115174.9,6762.78418259
1760400000000,115174.9,115417.2,109872.7,113036.0,11879.73626893
1760486400000,113035.1,113619.9,110158.7,110763.2,8793.94839052
1760572800000,110763.1,112000.0,107430.9,108195.1,11472.66295222
1760659200000,108195.1,109244.2,103514.5,106430.8,12910.0292239
1760745600000,106430.9,107500.0,106330.6,107175.6,3763.30012826
1760832000000,107175.5,109450.0,106110.5,108649.8,6780.74873937
1760918400000,108649.6,111719.3,107425.6,110544.4,9254.80679875
1761004800000,110544.5,114013.6,107476.8,108310.0,14396.3938266
1761091200000,108310.0,109150.0,106650.9,107584.0,11528.41126347
1761177600000,107584.0,111291.9,107517.1,110073.8,7999.13226216
1761264000000,110073.9,112188.0,109700.6,111010.0,7717.40881826
1761350400000,111009.9,111950.0,110663.3,111650.0,2966.22654876
1761436800000,111650.0,115590.0,111250.2,114554.6,5405.32815725
1761523200000,114555.7,116400.0,113850.0,114111.7,8251.60171444
1761609600000,114111.8,116100.0,112200.0,112892.9,7869.52559162
1761696000000,112892.9,113652.8,109145.5,110024.2,11064.92775666
1761782400000,110024.2,111600.0,106308.9,108311.6,9835.61810913
1761868800000,108311.7,111172.7,108269.2,109604.1,10233.37611091
1761955200000,109604.1,110548.0,109390.0,110096.0,3075.64924341
1762041600000,110096.0,111245.5,109500.0,110550.0,4295.29049449
1762128000000,110550.0,110757.5,105305.0,106584.3,11801.11488933
1762214400000,106584.1,107291.6,98941.2,101490.4,15537.56527228
1762300800000,101491.5,104546.5,98968.4,103883.0,10082.46010836
1762387200000,103882.9,104210.0,100257.0,101349.9,8760.13404143
1762473600000,101350.0,104082.6,99267.9,103335.4,10281.12032161
1762560000000,103335.4,103410.0,101474.3,102320.1,3535.8938561
1762646400000,102320.1,105478.0,101375.0,104722.4,5134.63588229
1762732800000,104722.5,106663.2,104274.5,106012.0,8034.03364606
1762819200000,106012.0,107500.0,102500.0,103061.7,9421.81062782
1762905600000,103062.2,105332.8,100800.0,101658.0,8079.47285307
1762992000000,101658.0,104039.0,98000.9,99688.7,13485.33460073
1763078400000,99688.7,99876.3,94000.1,94581.9,15313.89001829
1763164800000,94581.9,96818.1,94558.9,95603.0,3901.86407994
1763251200000,95603.1,96626.6,93000.0,94269.5,6344.33747837
1763337600000,94269.5,96055.8,91313.7,92226.8,10075.7408505
1763424000000,92226.8,93836.5,89281.8,92967.1,13146.47353932
1763510400000,92967.1,92992.3,88611.7,91561.1,9285.9802484
1763596800000,91561.0,93158.5,86100.0,86636.1,13214.58947409
1763683200000,86638.0,87504.5,80636.3,85135.0,22296.3773605
1763769600000,85135.0,85618.8,83503.5,84741.1,5507.0070623
1763856000000,84741.2,88129.3,84679.3,86846.6,6068.47497467
1763942400000,86846.7,89230.5,85278.2,88281.8,8666.42133535
1764028800000,88281.8,88507.3,86118.2,87359.1,6818.72540239
1764115200000,87359.1,90646.1,86317.4,90482.1,7335.19600438
1764201600000,90482.1,91949.5,90090.0,91330.3,6756.87270739
1764288000000,91330.2,93079.0,90213.9,90890.5,7436.66069644
1764374400000,90890.6,91171.0,90168.0,90801.9,3643.79065006
1764460800000,90801.9,91972.1,90351.3,90367.3,3088.17194025
1764547200000,90367.2,90421.5,83833.4,86283.3,12363.90401424
1764633600000,86283.4,92299.4,86183.3,91284.0,8748.47151802
1764720000000,91283.9,94162.8,91004.0,93423.0,9388.45778426
1764806400000,93423.0,94074.9,90887.6,92062.7,6854.45339631
1764892800000,92062.7,92696.1,88040.4,89330.8,6047.23882895
1764979200000,89330.9,90279.8,88914.1,89233.9,3427.90123353
1765065600000,89234.0,91759.5,87731.7,90394.1,4751.37259871
1765152000000,90394.1,92288.0,89612.7,90639.9,5600.21704218
1765238400000,90642.0,94600.0,89500.0,92682.5,8776.97605985
1765324800000,92682.4,94495.2,91567.6,92013.7,8044.94435586
1765411200000,92013.6,93564.4,89255.9,92522.3,7958.2599013
1765497600000,92522.2,92752.5,89466.6,90268.1,5511.80479965
1765584000000,90268.1,90638.2,89764.8,90241.1,2819.40303924
1765670400000,90241.1,90475.0,87564.5,88162.9,3552.87392212
1765756800000,88163.0,90021.9,85147.7,86432.9,5736.06956705
1765843200000,86433.0,88180.0,85265.2,87863.0,5373.95660569
1765929600000,87863.0,90375.0,85328.4,86248.1,6686.79430148
1766016000000,86248.1,89480.0,84456.2,85506.1,8128.21719039
1766102400000,85506.1,89426.3,85120.0,88143.1,6489.32277787
1766188800000,88143.0,88574.9,87800.0,88366.1,1511.89716034
1766275200000,88366.0,89081.6,87607.6,88656.1,3364.77250826
1766361600000,88656.2,90598.0,87886.9,88621.2,6037.16392184
1766448000000,88621.3,88938.2,86578.9,87487.4,5392.7918953
1766534400000,87487.5,88054.8,86400.0,87669.9,3120.378339
1766620800000,87670.0,88603.5,86947.4,87232.0,2000.95986322
1766707200000,87232.1,89569.3,86666.0,87362.0,5918.20822602
1766793600000,87362.0,87981.4,87245.1,87872.1,2098.42083197
1766880000000,87872.1,88088.0,87442.1,87951.0,3006.20345725
1766966400000,87951.0,90389.4,86804.2,87232.1,7112.87060387
1767052800000,87232.1,89400.0,86825.6,88496.6,4229.18768261
1767139200000,88496.5,89217.5,87240.0,87638.9,3782.07607056
1767225600000,87638.8,88920.5,87551.9,88847.1,2017.00913845
1767312000000,88847.0,90960.0,88382.0,89986.9,6964.4537711
1767398400000,89987.0,90736.1,89321.2,90633.0,2146.28500197
1767484800000,90632.9,91820.0,90632.9,91537.1,4333.41832597
1767571200000,91537.0,94793.7,91523.0,93870.9,6965.04515109
1767657600000,93871.0,94446.6,91277.7,93750.0,6550.24189979
1767744000000,93750.0,93750.0,90670.0,91370.9,6447.03806565
1767830400000,91373.7,91669.7,89327.8,91097.2,6038.35715496
1767916800000,91097.2,92020.2,89700.0,90636.0,5393.36156387
1768003200000,90636.0,90836.3,90396.3,90504.9,2414.18746294
1768089600000,90504.9,91284.6,90230.3,91012.0,2258.22222152
1768176000000,91008.3,92520.6,90132.1,91304.0,6340.09278025
1768262400000,91304.0,96543.0,91054.3,95411.8,9462.4540697
1768348800000,95411.8,97925.4,94521.7,96945.9,11411.40972987
1768435200000,96946.0,97189.9,95132.9,95607.0,6053.95072037
1768521600000,95607.0,95852.7,94303.6,95560.0,3869.99659847
1768608000000,95560.1,95638.0,95000.0,95153.9,1728.27590115
1768694400000,95153.9,95529.0,93600.0,93674.1,2311.62353634
1768780800000,93674.0,93674.0,91900.0,92628.0,7023.41998217
1768867200000,92627.9,92870.0,87806.2,88418.6,9201.55415081
1768953600000,88418.6,90592.0,87258.7,89456.1,9323.32904221
1769040000000,89456.1,90355.0,88515.3,89560.2,4841.74533245
1769126400000,89560.2,91222.0,88563.6,89608.0,5837.12593085
1769212800000,89608.1,89933.1,89169.6,89227.6,1366.85511715
1769299200000,89227.5,89326.0,86090.0,86666.8,4612.21135512
1769385600000,86666.8,88857.0,86515.2,88347.9,5853.69447255
1769472000000,88348.0,89526.3,87311.7,89250.0,4935.64132169
1769558400000,89250.1,90606.1,88811.0,89299.9,6016.22635118
1769644800000,89299.9,89348.7,83371.0,84654.7,9718.32390488
1769731200000,84654.7,84735.7,81010.0,84253.2,12672.19276314
1769817600000,84253.3,84276.9,75678.0,78738.9,15054.27902927
1769904000000,78739.0,79422.0,75715.3,76978.0,8458.48518949
1769990400000,76978.0,79335.5,74612.0,78737.9,13997.3772474
1770076800000,78734.1,79196.9,72917.8,75778.0,12033.99215346
1770163200000,75778.0,76974.4,71877.5,73168.1,11132.68278238
1770249600000,73166.0,73333.0,62277.0,62913.2,33667.51596919
1770336000000,62913.1,71745.8,60000.0,70571.8,30965.35770714
1770422400000,70569.6,71690.0,67350.0,69296.3,13624.06904138
1770508800000,69296.1,72288.0,68888.9,70334.0,7053.10421223
1770595200000,70332.8,71444.9,68309.4,70136.4,8040.3482191
1770681600000,70141.0,70533.2,67911.6,68841.3,6760.77048465
1770768000000,68841.3,69291.6,65759.1,67081.7,10187.40563609
1770854400000,67085.8,68421.6,65120.1,66281.4,8478.91733474
1770940800000,66277.2,69486.5,65871.9,68850.0,8425.14105321
1771027200000,68850.9,70576.8,68730.0,69821.7,4849.96455846
1771113600000,69821.8,70969.2,68060.0,68837.9,5331.51562092
1771200000000,68838.0,70118.0,67288.0,68895.1,5101.91251236
1771286400000,68895.1,69249.1,66622.8,67509.0,4807.78104388
1771372800000,67509.0,68470.9,65876.1,66466.6,5383.21912933
1771459200000,66465.4,67326.4,65641.2,67003.2,5349.10249561
1771545600000,67002.3,68333.3,66458.3,68014.0,7389.30856177
1771632000000,68014.1,68706.9,67540.0,67977.1,3392.39539555
1771718400000,67977.2,68246.4,67187.8,67637.0,3008.44661279
1771804800000,67637.1,67686.1,63888.0,64658.1,12677.37749267
1771891200000,64658.1,65007.9,62500.2,64057.6,9271.81958338
1771977600000,64060.0,69999.9,63910.1,67989.9,13545.47444884
1772064000000,67990.0,68854.8,66500.0,67482.3,9433.78873257
1772150400000,67482.3,68221.0,64924.0,65873.2,9981.81748036
1772236800000,65873.2,67758.9,63020.1,66969.0,11051.8889713
1772323200000,66969.1,68194.4,65051.5,65770.6,9624.61181245
1772409600000,65771.2,70100.0,65276.0,68832.3,10811.20205391
1772496000000,68832.2,69250.0,66149.5,68332.0,10751.03330411
1772582400000,68332.0,74096.0,67401.1,72678.3,16901.02384564
1772668800000,72678.4,73559.7,70644.5,70884.4,10964.36658461
1772755200000,70886.0,71419.3,67745.2,68117.1,11138.35592349
1772841600000,68116.6,68544.8,66919.1,67263.0,4458.74645746
1772928000000,67263.1,68195.4,65616.3,65973.2,5341.68933315
1773014400000,65973.2,69522.0,65833.3,68423.3,11272.1643625
1773100800000,68423.2,71782.3,68389.9,69950.0,9567.93633383
1773187200000,69950.0,71320.0,68977.4,70194.8,6507.11590557
1773273600000,70194.8,70800.0,69210.7,70525.0,6166.30564763
1773360000000,70525.1,73893.0,70389.0,70931.1,9488.56041461
1773446400000,70931.0,71305.2,70320.0,71213.5,3005.52976524
1773532800000,71213.5,73195.9,70857.0,72806.8,3818.85596405
1773619200000,72806.9,74934.7,72268.3,74883.5,8939.47877565
1773705600000,74883.6,76011.8,73389.0,73904.2,7711.4484215
1773792000000,73904.3,74668.6,70500.0,71253.1,7533.38053923
1773878400000,71253.1,71618.0,68796.3,69923.7,7331.20585428
1773964800000,69923.7,71366.0,69393.5,70515.7,5670.28010951
1774051200000,70515.6,71100.0,68555.0,68921.1,3290.10397182
1774137600000,68921.1,69584.8,67360.1,67860.1,4774.15793079
1774224000000,67860.1,71809.4,67452.4,70900.0,10569.06173019
1774310400000,70900.0,71400.0,68924.0,70557.5,6869.95982992
1774396800000,70557.5,72012.0,70414.1,71334.9,5943.66968273
1774483200000,71334.9,71440.9,68153.3,68827.2,6581.53238138
1774569600000,68827.2,69185.6,65559.6,66403.9,9636.0549431
1774656000000,66403.9,67300.0,65933.2,66369.0,3546.47276002
1774742400000,66369.0,67124.6,65000.0,66017.2,3940.22378216
1774828800000,66019.7,68181.6,65800.0,66799.9,6831.23854632
1774915200000,66800.0,68588.0,66000.0,68278.0,8553.22550196
1775001600000,68277.9,69318.0,67584.1,68111.8,6202.52965842
1775088000000,68111.9,68653.7,65701.7,66897.9,6876.83731911
1775174400000,66898.0,67375.2,66284.1,66960.0,3420.64752912
1775260800000,66960.0,67545.7,66775.0,67302.5,1719.4549984
1775347200000,67302.6,69130.5,66606.7,69030.0,3070.93660355
1775433600000,69030.0,70344.8,68297.1,68841.0,7875.80427056
1775520000000,68840.9,72760.0,67730.1,71915.1,9078.69492626
1775606400000,71915.0,72858.0,70703.9,71072.5,7846.03166302
1775692800000,71073.0,73130.0,70463.1,71786.9,5939.82437854
1775779200000,71795.0,73444.5,71428.0,72957.4,5784.17348305
1775865600000,72959.1,73807.2,72527.8,73054.3,3057.75312086
1775952000000,73054.3,73138.2,70505.9,70742.7,5678.55322432
1776038400000,70746.6,74904.2,70574.3,74418.2,8212.01158174
1776124800000,74418.2,76048.1,73803.2,74148.8,7933.35783022
1776211200000,74148.8,75429.9,73507.1,74812.5,5933.47685202
1776297600000,74812.5,75535.0,73302.8,75147.0,5675.50991381
1776384000000,75147.0,78344.3,74537.4,77073.6,12586.89303385
1776470400000,77073.6,77415.3,75442.0,75699.1,3703.8962143
1776556800000,75699.0,76248.7,73759.5,73806.1,4473.54037822
1776643200000,73808.0,76564.2,73717.9,75840.4,5744.02162078
1776729600000,75840.4,76954.1,74825.6,76329.7,4714.75776918
1776816000000,76329.7,79462.3,76140.4,78183.1,7308.17393636
1776902400000,78183.1,78666.2,76953.8,78250.5,8150.01280046
1776988800000,78250.5,78571.4,77260.8,77413.5,6395.30111603
1777075200000,77413.5,77880.0,77129.5,77619.5,2485.45525089
1777161600000,77619.5,78938.6,77322.2,78649.0,3134.91980834
1777248000000,78649.3,79488.0,76450.0,77371.2,6133.05420139
1777334400000,77371.3,77494.5,75660.1,76342.2,4250.23419337
1777420800000,76342.2,77891.7,74943.7,75784.4,6258.06304815
1777507200000,75784.4,76660.0,75319.7,76344.9,7176.79413168
1777593600000,76344.9,78919.7,76324.5,78234.4,12909.03343591
1777680000000,78234.4,79198.6,78034.5,78693.0,2098.70623272
1777766400000,78693.0,79449.3,78061.9,78577.0,2910.16197198
1777852800000,78577.0,80777.5,78205.0,79865.0,10545.52456647
1777939200000,79865.0,81795.3,79801.1,80911.3,6821.63500804
1778025600000,80911.0,82842.0,80722.8,81440.3,6703.12288755
1778112000000,81440.3,81705.5,79501.0,80018.2,4973.37942551
1778198400000,80018.2,80513.2,79164.5,80196.5,4682.83299569
1778284800000,80196.5,81074.5,80128.6,80675.7,1926.99441458
1778371200000,80675.7,82473.6,80280.1,82213.9,2973.69008403
1778457600000,82213.9,82384.5,80460.3,81741.4,4651.8099788
1778544000000,81741.4,81790.1,79839.9,80492.9,11599.69172554
1778630400000,80492.9,81324.6,78760.1,79320.5,5937.32849022
1778716800000,79320.5,82048.1,78906.4,81084.9,7975.39472897
1778803200000,81085.0,81667.7,78650.0,79116.6,6742.71107026
1778889600000,79116.9,79232.1,77656.0,78140.2,4622.09356832
1778976000000,78140.2,78605.4,76700.6,77455.5,4000.37063884
1779062400000,77453.8,77800.0,76053.0,77007.5,11568.51209827
1779148800000,77007.5,77410.9,76151.0,76838.0,8179.10028197
1779235200000,76838.0,77853.0,76515.5,77550.3,4459.04043397
1779321600000,77550.3,78200.0,76734.5,77619.7,6307.28613577
1779408000000,77619.7,77900.0,75359.8,75542.2,9258.59426754
1779494400000,75542.3,77403.2,74258.6,76748.0,5347.20756535
1779580800000,76748.0,77529.3,76109.7,77072.3,3324.44379383
1779667200000,77072.3,77906.8,76915.8,77325.7,3148.44873347
1779753600000,77325.8,78084.5,75680.6,75942.0,6009.04574558
1779840000000,75942.0,76181.9,74250.5,74451.1,4770.8133642
1779926400000,74451.0,74589.7,72584.1,73621.8,7525.6426169
1780012800000,73621.9,74335.0,72508.0,73468.4,5908.95138663
1780099200000,73468.5,74140.0,73185.0,73883.2,6691.74947568
1780185600000,73883.2,74276.6,73402.1,73681.6,3812.24571648
1780272000000,73681.7,74097.6,70688.0,71415.0,7410.44154505
1780358400000,71417.3,71417.4,66201.3,66757.5,15238.59740561
1780444800000,66757.5,67508.6,64088.3,64146.3,11039.76603294
1780531200000,64147.8,64760.8,61365.0,63889.1,16682.9332959
1780617600000,63889.0,63981.9,59111.2,61055.5,21342.90312874
1780704000000,61058.4,61527.5,59491.0,60885.3,7195.94980742
1780790400000,60885.4,64381.9,60750.0,63331.3,8350.66515734
1780876800000,63337.0,64218.6,62412.7,63093.2,7024.0840285
1780963200000,63092.0,63523.8,60770.0,61730.0,38783.20531636
1781049600000,61730.0,62857.1,60687.2,61506.9,8524.70819641
1781136000000,61513.4,63955.0,61513.4,63628.0,8274.92601853
1781222400000,63628.0,64388.0,62844.5,63578.2,5912.47947579
1781308800000,63578.3,64758.8,63423.9,64454.4,5491.88910711
1781395200000,64454.4,65797.2,63683.9,65744.1,8697.30326503
1781481600000,65744.1,67300.0,65349.9,66323.1,10389.23434219
1781568000000,66323.1,66994.9,65366.0,65680.0,4488.63700784
1781654400000,65680.0,66436.1,63917.1,64501.9,6665.5709238
1781740800000,64501.9,64811.9,62270.0,62953.3,12083.82876521
1781827200000,62953.3,63664.0,62310.1,63541.0,5700.90718931
1781913600000,63541.0,64384.5,63200.0,64300.0,7039.78879507
1782000000000,64300.1,64594.0,63262.0,63313.0,6447.30197621
1782086400000,63313.1,65629.5,63313.1,64027.6,6066.3150318
1782172800000,64027.6,64277.3,61930.0,62731.5,5129.61528268
1782259200000,62731.5,63244.7,59107.0,61079.0,10260.56787319
1782345600000,61079.1,61964.2,58110.0,59798.4,10477.85239211
1782432000000,59798.8,60764.2,58330.5,60104.2,9970.80446572
1782518400000,60104.3,60947.7,59857.5,60040.6,2891.97487255
1782604800000,60027.9,60551.6,58896.2,59575.9,2776.6924158
1782691200000,59575.8,60789.4,58896.0,60259.0,7671.16380836
1782777600000,60259.0,60277.2,58200.0,58628.0,21286.25513742
1782864000000,58628.1,61342.0,57809.4,60036.0,10890.87408578
1782950400000,60036.1,62209.2,59582.6,61559.1,19402.209959
1783036800000,61559.1,62964.6,61241.0,62590.5,6281.95172635
1783123200000,62587.1,63469.3,62333.1,63140.6,4209.31572107
1783209600000,63140.6,63999.8,62444.4,63644.4,3536.47148117
1783296000000,63646.6,64706.3,61318.3,64049.0,8944.3163599
1783382400000,64049.1,64314.2,62663.1,63368.1,6268.95477279
1783468800000,63366.4,63762.4,61548.4,62286.5,10529.76065934
1783555200000,62283.4,63500.0,61697.0,63228.5,17224.7566
1783641600000,63228.6,64694.9,62920.1,64169.6,7611.63836589
1783728000000,64169.7,64520.2,63817.2,63817.2,2734.46730111
1783814400000,63817.3,64296.1,63643.2,63785.6,2611.25693306
1783900800000,63785.7,64424.9,61830.0,62332.1,9418.51274835
1783987200000,62332.1,65112.8,62278.1,65037.3,8022.92125283
1784073600000,65037.4,65600.0,64486.0,64760.3,5769.9185297
1784160000000,64760.3,64998.6,63750.0,63830.8,4209.46222691
1784246400000,63830.9,64391.9,62536.4,63937.3,5902.50964255
1784332800000,63937.3,64872.7,63886.6,64833.9,1809.65919575
1784419200000,64834.0,64967.9,64270.0,64730.7,6258.51230954
1784505600000,64730.8,65797.8,63762.4,65259.4,6784.73202021
1784592000000,65259.5,66955.0,65153.6,66564.3,7423.97865964
1784678400000,66564.3,66749.8,65552.6,66113.8,6211.8252446
1784764800000,66113.9,66322.0,64647.1,65096.0,6096.49807112
1784851200000,65096.1,65800.0,63740.0,64150.4,9145.54288589
1784937600000,64150.5,64449.0,63806.4,64375.5,2445.671421
1785024000000,64375.6,65584.0,64291.3,65407.1,2498.93793273
1785110400000,65407.2,65750.0,63610.2,63759.9,6206.39345042
1785196800000,63759.9,64100.0,62741.1,63929.0,5296.50781204
1785283200000,63929.0,64751.6,63261.6,63984.2,6169.23292419
1785369600000,63984.3,65180.0,63606.0,64782.6,4023.54422578
1785456000000,64782.7,65423.7,62457.1,62891.1,6692.02845583
1785542400000,62891.1,63150.0,62268.5,62820.2,2106.52082533
1785628800000,62820.3,63799.3,62806.6,63574.6,2332.35405918
1785715200000,63574.6,64085.9,62300.0,63527.6,4731.40191501
1785801600000,63527.7,64542.7,63328.0,64090.6,4419.61121987
1785888000000,64090.7,65026.6,63880.7,64659.3,6980.7551259
1785974400000,64660.6,65000.0,64172.6,64325.8,3068.98454726
1786060800000,64326.7,65388.0,64159.6,64916.5,3485.10925856
1786147200000,64916.6,65189.8,64821.8,64956.9,1131.08088875
1786233600000,64957.0,65490.3,64722.7,64899.3,1324.30287881
1786320000000,64899.2,65388.0,63818.1,63974.3,3596.83611038
1786406400000,63974.4,64500.0,63237.6,63589.4,3617.69166942
1786492800000,63589.4,64496.9,63309.4,63484.7,5336.37281678
1786579200000,63484.7,64014.2,62846.3,63478.9,5529.51267912
1786665600000,63479.0,63618.7,62521.8,63042.8,5438.46588538
1786752000000,63042.9,63189.1,62913.3,63084.2,1069.75254187
1786838400000,63084.2,63390.0,62715.7,62903.9,1122.10725922
1786924800000,62904.0,64630.3,62750.0,64532.4,4631.70287267
1787011200000,64532.5,65066.1,64039.0,64730.8,4111.37772666
1787097600000,64730.9,70064.2,64163.6,69337.1,13812.31991052
1787184000000,69337.2,73405.4,68916.6,73031.7,13122.88584132
1787270400000,73031.7,79515.7,73020.2,78339.3,18344.39276084
1787356800000,78338.1,78832.2,76515.0,77070.7,6674.53748534
1787443200000,77070.8,78065.7,75559.5,77742.9,5362.94747589
1787529600000,77742.9,79999.8,76681.1,78992.1,8938.77133105
1787616000000,78991.9,81280.0,77854.1,78542.1,8956.16212497
1787702400000,78542.2,79244.8,77615.1,79031.1,4478.21952002
1787788800000,79031.2,80850.0,78552.7,80246.3,6032.38386001
1787875200000,80253.5,81499.9,76888.0,77844.7,8246.62724146
1787961600000,77844.7,78336.6,77384.9,78233.0,2258.1224789
1788048000000,78233.1,79401.4,77000.0,77677.7,3139.07657701
1788134400000,77683.6,79256.0,77385.5,78582.1,5422.7026439
1788220800000,78582.2,79219.6,76416.6,77434.7,4901.96861335
1788307200000,77435.4,77788.1,76261.0,77339.6,5195.78437195
1788393600000,77339.7,82285.0,76963.2,81260.1,8416.06241712
1788480000000,81260.1,81433.9,78650.0,79660.7,7765.22726538
1788566400000,79660.8,80197.6,79449.5,79830.2,2281.80891692
1788652800000,79830.2,80555.4,79199.0,80341.4,2867.78213314
1788739200000,80341.4,80441.4,78682.0,79111.8,3752.97143817
1788825600000,79111.8,79485.9,77624.6,78458.7,5399.86592307
1788912000000,78458.8,79768.0,77764.1,78300.7,4876.12868855
1788998400000,78300.6,78552.6,76464.7,76570.0,5346.31934946
1789084800000,76574.2,79896.3,76001.0,77223.4,7877.12881998
1789171200000,77223.5,77507.1,77064.9,77281.0,1775.32971932
1789257600000,77281.0,77452.1,76500.0,76836.0,2304.96029958
1789344000000,76832.3,79600.0,76394.9,78195.7,6356.1198059
1789430400000,78195.7,78262.5,74955.5,75641.0,9229.75762607
1789516800000,75640.2,76558.7,75055.0,76201.2,6108.31872134
1789603200000,76201.2,77167.3,76011.0,76419.3,5005.71410462
1789689600000,76419.2,81407.0,76298.2,80903.0,8849.36030363
1789776000000,80903.0,81953.1,80847.5,81265.8,4232.76233754
1789862400000,81265.8,81500.0,80133.4,81179.6,3666.84735897
1789948800000,81180.1,87399.0,80857.6,86617.8,12440.58479602
1790035200000,86617.9,86731.0,85111.1,86209.1,6191.92163765
1790121600000,86209.2,87283.0,83500.2,84399.5,8084.52345268
1790208000000,84399.5,84944.4,82874.5,84409.8,7733.78272937
1790294400000,84409.9,85258.8,83174.7,84099.0,5067.97958795
1790380800000,84099.0,84477.9,83791.1,84439.9,2685.00438244
1790467200000,84439.9,85199.8,84125.0,84479.0,2946.64058149
1790553600000,84479.1,85000.0,82556.6,83500.1,7710.06041096
1790640000000,83500.1,84557.8,82778.1,83657.5,5147.2173577
1790726400000,83663.9,85650.0,82960.1,83618.4,8095.19510372
1790812800000,83618.4,85266.0,83168.9,84877.4,6558.93403346
1790899200000,84877.5,87238.3,83884.0,84518.9,10300.53374509
1790985600000,84519.0,85027.8,84451.4,84754.9,2583.20448584
1791072000000,84755.0,86798.8,84720.4,86525.1,2267.80438643
1791158400000,86522.4,86994.3,84979.5,85759.7,5794.43639327
1791244800000,85759.7,86693.7,85141.5,85553.9,4608.12358842
1791331200000,85553.9,85604.3,82753.0,83323.0,6409.48096515
1791417600000,83323.0,83520.0,80400.0,81760.0,10282.17487873
