ts,open,high,low,close,volume
1515628800000,1197.72,1247.96,1110.13,1143.53,31873.073143
1515715200000,1143.53,1280.99,1092.11,1252.43,56689.996999
1515801600000,1252.43,1418.0,1252.43,1380.0,63341.059061
1515888000000,1380.83,1386.82,1199.0,1339.69,92134.708535
1515974400000,1339.69,1376.0,1232.0,1274.61,45898.708829
1516060800000,1274.61,1277.74,853.0,1012.47,111623.795535
1516147200000,1012.47,1080.61,766.01,1004.81,115780.551209
1516233600000,1004.53,1071.41,930.38,995.51,67172.789819
1516320000000,995.44,1077.66,952.0,1029.83,39551.83903
1516406400000,1029.83,1161.56,1001.0,1144.53,28564.154272
1516492800000,1144.2,1147.0,1008.1,1046.25,40482.830833
1516579200000,1046.7,1082.15,916.97,995.99,49438.978074
1516665600000,996.22,1022.4,911.09,984.11,49689.137303
1516752000000,983.74,1067.52,954.98,1061.48,32519.582549
1516838400000,1061.48,1108.5,1032.36,1052.76,43253.073713
1516924800000,1053.6,1081.09,993.0,1051.34,43158.082498
1517011200000,1051.34,1124.49,1035.01,1114.46,37505.524418
1517097600000,1114.46,1269.07,1111.09,1245.59,53528.704592
1517184000000,1245.59,1257.45,1163.51,1177.92,40777.056157
1517270400000,1177.92,1186.82,1050.0,1081.14,70885.703249
1517356800000,1081.14,1131.73,1030.0,1124.78,52898.990314
1517443200000,1124.54,1161.0,989.89,1040.5,73072.898926
1517529600000,1040.9,1046.24,790.0,923.17,104641.325648
1517616000000,922.95,995.0,855.74,972.14,33559.183816
1517702400000,972.43,973.98,793.04,825.12,41773.325814
1517788800000,825.36,858.87,641.1,701.25,106796.711477
1517875200000,701.25,797.19,575.0,780.93,173439.525195
1517961600000,780.93,849.72,709.0,753.96,49733.867951
1518048000000,753.96,846.88,752.0,813.75,24135.633896
1518134400000,813.42,880.0,777.5,878.07,29596.528214
1518220800000,877.18,906.0,815.47,850.47,38270.931096
1518307200000,850.47,853.88,777.0,811.82,59858.655956
1518393600000,811.57,875.0,810.0,865.0,51902.656204
1518480000000,865.99,869.0,818.18,840.27,45122.105305
1518566400000,842.5,922.99,837.27,919.99,41885.667729
1518652800000,918.0,943.1,898.72,925.56,39244.410633
1518739200000,925.0,945.0,903.25,936.0,37229.594461
1518825600000,936.5,970.0,931.96,968.44,40687.746116
1518912000000,967.02,980.0,901.97,912.12,43092.482771
1518998400000,913.68,955.01,910.0,941.07,37331.541233
1519084800000,940.62,959.97,875.99,883.96,40626.397944
1519171200000,883.96,905.45,816.21,836.51,43285.879833
1519257600000,836.51,870.18,787.16,800.59,37397.027822
1519344000000,800.59,882.32,785.0,855.24,41244.718918
1519430400000,854.47,874.88,808.18,832.88,37446.43124
1519516800000,832.71,848.79,815.34,840.0,34406.579204
1519603200000,840.0,879.29,832.8,865.94,36812.141812
1519689600000,865.95,895.37,860.12,871.0,37610.734484
1519776000000,871.0,889.0,850.0,853.45,38387.020598
1519862400000,853.14,879.39,846.89,871.46,36964.74249
1519948800000,871.39,875.93,849.3,855.13,38238.233811
1520035200000,856.56,870.99,852.09,855.48,38671.376125
1520121600000,855.48,868.0,837.09,865.12,38318.366601
1520208000000,865.15,876.51,850.0,850.0,39888.476241
1520294400000,850.0,851.99,803.7,813.84,39619.920851
1520380800000,814.5,825.42,723.28,748.71,43716.002233
1520467200000,748.07,772.12,688.0,695.86,40850.946863
1520553600000,697.14,727.85,638.0,724.5,41373.492541
1520640000000,724.5,745.41,675.36,681.17,36808.423614
1520726400000,680.28,733.55,660.33,720.08,39158.559175
1520812800000,720.08,739.0,677.77,696.2,39003.687469
1520899200000,696.1,727.0,679.0,688.8,21917.878019
1520985600000,687.4,702.0,585.07,611.5,27465.214593
1521072000000,611.1,619.99,570.0,610.5,28793.687434
1521158400000,609.01,648.0,584.97,600.0,22509.401898
1521244800000,599.64,609.89,542.38,549.99,23350.610469
1521331200000,549.57,560.99,453.91,533.65,55265.442601
1521417600000,536.89,558.98,514.99,555.11,38428.701513
1521504000000,555.5,566.26,517.0,556.06,33870.536173
1521590400000,556.23,591.55,545.46,559.58,36285.011051
1521676800000,559.0,577.93,517.0,539.51,30902.350049
1521763200000,538.5,543.93,506.1,542.11,29836.99
1521849600000,543.11,545.0,520.0,520.1,16248.579759
1521936000000,520.0,535.0,511.81,523.11,16334.761586
1522022400000,523.53,525.86,467.42,486.45,32068.781496
1522108800000,485.07,492.78,445.36,448.0,40743.553821
1522195200000,448.47,464.99,440.0,445.63,31310.728918
1522281600000,445.14,449.17,380.11,383.99,50155.877453
1522368000000,384.0,412.02,364.42,393.5,44857.910188
1522454400000,393.58,418.91,388.02,393.88,32933.698365
1522540800000,394.25,399.0,358.09,379.36,38311.740539
1522627200000,378.56,394.0,375.19,384.99,22945.092906
1522713600000,384.99,418.27,380.1,415.0,28866.549866
1522800000000,415.0,416.04,370.0,378.73,34402.659343
1522886400000,378.73,386.8,366.38,381.34,29394.329344
1522972800000,381.94,410.0,363.0,369.83,25332.78617
1523059200000,369.85,394.68,368.42,384.6,20974.225045
1523145600000,384.6,406.0,384.01,400.01,19821.213564
1523232000000,400.01,431.67,387.25,399.97,34211.684859
1523318400000,399.31,418.0,391.37,415.45,21101.694128
1523404800000,415.44,433.19,410.34,429.41,22716.205818
1523491200000,429.41,498.82,413.0,494.39,45662.170577
1523577600000,494.39,529.0,481.07,494.69,47760.362659
1523664000000,494.69,514.78,486.21,502.89,31683.814533
1523750400000,502.23,534.0,502.23,533.0,28747.746927
1523836800000,533.73,537.99,498.01,511.2,29068.449595
1523923200000,511.19,521.0,501.34,503.3,24084.704056
1524009600000,503.12,527.49,501.88,525.79,24343.319266
1524096000000,525.7,570.0,521.0,568.53,31165.580069
1524182400000,568.53,621.0,557.94,616.58,43673.940278
1524268800000,616.5,624.6,574.13,604.77,44799.452303
1524355200000,604.82,642.91,590.63,620.91,35500.893937
1524441600000,620.78,648.89,618.16,644.46,33877.633669
1524528000000,644.61,713.09,643.7,702.51,53713.01324
1524614400000,702.67,703.0,596.02,618.01,89659.513138
1524700800000,617.24,666.0,600.0,662.0,53355.527099
1524787200000,662.0,688.0,641.0,644.19,43665.465727
1524873600000,644.07,694.99,640.0,684.06,34473.212684
1524960000000,683.71,700.62,665.2,689.99,38328.513022
1525046400000,690.0,694.8,663.19,670.96,38283.838636
1525132800000,670.67,675.06,628.52,671.26,38110.187734
1525219200000,671.26,691.76,663.5,689.98,41784.909219
1525305600000,689.98,791.54,686.77,780.81,77751.207284
1525392000000,780.79,811.31,759.12,785.85,75718.568577
1525478400000,785.88,831.95,782.03,820.63,66457.783227
1525564800000,821.26,841.25,754.49,794.98,77349.349569
1525651200000,794.94,798.89,701.22,752.2,100817.046932
1525737600000,752.22,777.0,720.53,748.0,69980.939034
1525824000000,747.97,760.72,710.74,752.9,70381.498422
1525910400000,752.85,769.0,722.01,723.26,77540.869846
1525996800000,724.41,737.85,665.2,677.66,103950.131695
1526083200000,677.6,689.58,631.0,682.69,115805.843269
1526169600000,682.76,740.51,667.3,729.77,80736.169036
1526256000000,728.72,741.92,685.89,727.76,99714.487917
1526342400000,726.33,739.79,695.13,706.46,89489.347158
1526428800000,706.45,711.47,675.0,706.41,74232.867401
1526515200000,706.12,720.0,661.6,668.12,65698.225931
1526601600000,668.17,694.87,656.11,693.04,65747.867747
1526688000000,692.75,717.99,681.39,696.7,59290.434038
1526774400000,695.68,723.86,688.03,716.5,50449.955998
1526860800000,716.5,719.75,688.0,696.4,48132.816365
1526947200000,696.4,736.0,638.36,641.11,61614.668156
1527033600000,641.08,650.09,550.0,576.69,84058.319109
1527120000000,576.71,609.99,546.78,602.26,92880.878713
1527206400000,602.05,618.0,568.44,585.35,80316.521053
1527292800000,585.01,606.98,579.0,586.19,53314.115041
1527379200000,586.2,593.89,556.66,570.94,59828.939219
1527465600000,571.27,575.98,507.19,511.99,85489.258463
1527552000000,512.0,573.3,510.61,566.75,94606.925069
1527638400000,566.75,585.65,541.77,557.66,87342.270385
1527724800000,557.77,586.89,553.43,577.54,68775.055728
1527811200000,577.62,589.91,565.59,578.91,60421.217765
1527897600000,578.67,599.67,573.22,591.38,57698.001766
1527984000000,591.38,630.0,590.12,619.8,54320.056648
1528070400000,619.0,625.73,580.37,591.47,56887.211026
1528156800000,591.12,633.0,557.18,609.89,62463.772822
1528243200000,609.76,612.57,593.3,607.22,57523.184183
1528329600000,606.29,617.8,593.0,605.13,75997.25601
1528416000000,605.37,609.2,593.4,599.82,62184.554407
1528502400000,599.79,609.47,591.58,593.35,53481.54343
1528588800000,593.33,593.33,502.02,524.45,97931.668997
1528675200000,524.33,535.77,509.08,531.41,87790.328592
1528761600000,531.61,540.0,484.13,493.85,84242.620151
1528848000000,493.62,520.0,446.0,476.25,107510.72152
1528934400000,476.32,526.48,460.13,519.48,109674.550317
1529020800000,519.46,520.85,483.0,487.39,93464.865191
1529107200000,487.42,502.62,484.27,496.52,54677.436057
1529193600000,496.74,506.99,494.16,497.34,45364.102205
1529280000000,497.56,523.89,488.0,518.05,52666.634511
1529366400000,517.9,549.9,513.89,537.66,73899.894439
1529452800000,537.6,541.41,516.4,536.18,68479.658714
1529539200000,536.29,545.3,522.06,526.5,49234.41037
1529625600000,526.34,526.49,449.63,462.52,97301.192099
1529712000000,462.53,480.7,455.0,473.86,74432.871217
1529798400000,473.86,477.52,420.0,454.35,119871.91389
1529884800000,454.44,474.0,445.0,458.85,71497.902321
1529971200000,458.71,461.97,429.62,429.87,71539.641913
1530057600000,429.93,446.22,419.99,441.85,73186.357964
1530144000000,441.85,443.43,418.0,420.54,59693.474238
1530230400000,420.46,441.89,405.14,434.62,83848.650124
1530316800000,434.62,462.53,434.46,454.0,69220.345905
1530403200000,454.14,460.0,443.88,452.46,51011.701477
1530489600000,452.31,481.84,443.02,475.83,77364.126085
1530576000000,475.94,487.23,460.38,462.19,67095.444577
1530662400000,462.14,482.63,450.0,467.08,62502.225267
1530748800000,467.08,479.73,459.26,467.99,67078.111121
1530835200000,468.08,475.1,452.0,470.6,64226.692397
1530921600000,470.53,487.59,461.63,486.14,51514.19362
1531008000000,486.14,494.84,480.15,486.41,51244.557897
1531094400000,486.48,489.16,468.2,471.64,56209.751788
1531180800000,471.57,473.11,427.51,431.98,81991.488584
1531267200000,432.0,447.33,423.7,444.57,62269.866536
1531353600000,444.71,445.12,418.0,431.29,61889.499358
1531440000000,431.29,442.36,425.0,432.45,58139.551329
1531526400000,432.49,440.0,428.47,433.11,36807.48764
1531612800000,433.46,455.41,431.26,449.74,44790.649484
1531699200000,449.98,480.4,445.0,478.53,66073.480787
1531785600000,478.53,512.0,430.0,498.93,76626.427809
1531872000000,499.07,517.8,470.0,479.23,86081.628733
1531958400000,479.82,484.0,462.99,468.87,69821.006597
1532044800000,468.91,471.03,440.76,449.63,82961.350236
1532131200000,449.63,468.95,441.71,460.33,68407.998455
1532217600000,460.33,474.0,454.5,457.8,57614.834824
1532304000000,457.4,470.09,447.55,450.09,70716.279238
1532390400000,450.44,485.85,448.61,479.8,82384.731881
1532476800000,479.8,485.32,464.26,472.45,75853.622576
1532563200000,471.88,484.79,460.0,462.76,62026.343728
1532649600000,462.72,474.0,457.0,470.34,62102.250866
1532736000000,470.44,471.88,461.18,468.71,43486.782855
1532822400000,468.63,471.99,461.36,466.36,41747.104022
1532908800000,466.36,469.0,446.69,456.6,71090.779443
1532995200000,456.91,457.5,427.25,431.86,81170.840161
1533081600000,432.09,434.48,407.49,420.52,97771.522769
1533168000000,418.51,424.89,408.0,411.2,67690.43611
1533254400000,410.91,419.79,398.0,417.77,68307.601985
1533340800000,417.52,419.36,402.19,407.58,61774.251066
1533427200000,407.35,412.92,400.36,408.66,46544.576766
1533513600000,408.71,412.9,401.72,405.33,59886.122538
1533600000000,405.35,410.83,369.14,377.78,90304.774167
1533686400000,377.83,380.21,347.0,355.25,126128.786646
1533772800000,355.47,369.56,350.74,363.07,78175.983047
1533859200000,363.07,365.87,324.29,331.67,96443.312411
1533945600000,331.67,332.86,303.56,317.72,127209.879299
1534032000000,317.76,327.0,313.01,318.15,78712.89616
1534118400000,318.06,321.71,280.47,283.81,115288.272959
1534204800000,283.75,283.93,250.31,278.46,270774.564034
1534291200000,278.55,304.0,277.08,281.36,167541.86354
1534377600000,281.36,298.72,277.87,286.91,122257.257712
1534464000000,286.72,318.39,285.0,317.4,177246.051485
1534550400000,317.59,321.0,282.35,294.0,111743.842619
1534636800000,294.0,306.57,288.66,299.21,86860.272798
1534723200000,299.27,303.89,269.65,270.59,108720.356795
1534809600000,270.38,285.99,269.6,281.25,95299.223397
1534896000000,281.16,298.89,259.5,270.57,126551.588623
1534982400000,270.62,279.98,268.16,276.18,90210.839313
1535068800000,276.24,283.0,270.01,280.76,98225.820337
1535155200000,280.74,282.8,275.94,277.55,82461.373025
1535241600000,277.69,277.94,269.17,274.41,67889.034408
1535328000000,274.41,288.0,271.8,287.63,79408.420916
1535414400000,287.61,298.05,282.62,295.44,76674.12159
1535500800000,295.44,298.86,284.3,288.72,86351.69184
1535587200000,288.54,290.88,272.21,283.76,97696.531712
1535673600000,283.78,285.36,276.68,281.39,68084.226747
1535760000000,281.4,302.0,281.33,295.68,140013.206384
1535846400000,295.68,299.6,289.0,295.55,85690.493912
1535932800000,295.51,296.52,286.03,289.04,84373.941241
1536019200000,289.02,292.87,283.0,285.51,88676.400484
1536105600000,285.51,287.69,226.59,228.77,252257.011755
1536192000000,228.61,233.15,210.1,229.55,251365.281995
1536278400000,229.55,234.59,213.05,215.35,177587.943116
1536364800000,215.36,220.0,189.77,196.81,161152.605557
1536451200000,196.81,208.55,184.7,195.99,245759.921548
1536537600000,196.07,203.83,187.09,197.3,158679.468009
1536624000000,197.28,199.24,176.02,185.11,186749.511618
1536710400000,185.17,185.21,167.28,183.13,249361.157651
1536796800000,183.05,214.96,183.05,210.94,268028.188636
1536883200000,210.94,223.9,202.74,208.42,284236.208181
1536969600000,208.47,227.0,208.11,221.6,200068.940032
1537056000000,221.64,223.5,207.0,220.19,152444.03201
1537142400000,220.14,224.96,192.34,195.95,270163.928155
1537228800000,196.13,214.78,194.0,208.31,207528.055165
1537315200000,208.31,215.29,198.0,209.76,195464.404234
1537401600000,209.87,226.35,205.67,224.05,154131.517077
1537488000000,224.0,251.72,220.71,247.88,247904.287958
1537574400000,247.97,255.0,233.0,240.83,179792.026793
1537660800000,240.83,249.59,235.94,244.68,120219.682884
1537747200000,244.49,246.23,225.21,228.01,148261.096346
1537833600000,227.99,228.01,203.7,219.5,233262.218341
1537920000000,219.55,222.88,207.38,214.31,177565.898183
1538006400000,214.31,235.0,210.26,229.15,150242.114193
1538092800000,229.15,234.0,215.08,221.91,167795.111919
1538179200000,221.91,239.49,214.0,231.54,219052.941683
1538265600000,231.58,239.0,226.03,233.05,154408.174705
1538352000000,233.01,236.0,224.55,231.57,120151.546335
1538438400000,231.52,232.2,223.42,225.9,88542.391053
1538524800000,225.9,226.47,216.35,220.6,127378.800556
1538611200000,220.61,227.12,219.55,222.53,105559.909969
1538697600000,222.4,232.14,219.55,228.29,102499.641006
1538784000000,228.29,229.0,223.25,225.24,63868.922853
1538870400000,225.16,227.8,221.03,226.2,59740.166042
1538956800000,226.19,232.09,224.25,230.16,92602.747773
1539043200000,230.13,231.0,226.64,228.35,76718.165047
1539129600000,228.35,228.59,224.38,226.62,68977.667881
1539216000000,226.57,226.7,188.08,191.5,243673.346472
1539302400000,191.43,202.0,190.0,196.94,139337.194821
1539388800000,196.94,202.97,196.39,201.32,69303.070591
1539475200000,201.32,203.45,194.33,196.82,68600.955462
1539561600000,196.83,239.0,194.63,214.32,268150.387994
1539648000000,214.33,219.49,211.0,215.3,76203.840773
1539734400000,215.3,216.96,210.27,212.98,64006.771638
1539820800000,212.84,215.21,204.19,206.27,78939.305561
1539907200000,206.27,208.0,200.0,204.99,67725.505035
1539993600000,204.99,209.83,203.3,207.84,49603.589791
1540080000000,207.84,212.18,206.85,207.47,53970.91851
1540166400000,207.46,209.12,205.08,206.71,61051.335632
1540252800000,206.7,207.79,202.8,205.9,61384.109118
1540339200000,205.9,207.59,205.04,205.29,52499.665608
1540425600000,205.32,205.88,202.84,203.77,49869.731111
1540512000000,203.77,209.09,202.8,204.87,59249.875851
1540598400000,204.87,205.83,203.16,204.41,39549.688391
1540684800000,204.41,205.74,203.83,204.96,42344.476367
1540771200000,204.96,205.47,194.9,196.92,74976.681707
1540857600000,196.93,199.0,196.0,197.22,49599.594053
1540944000000,197.22,201.46,192.77,198.7,73255.045431
1541030400000,198.68,200.96,197.98,199.87,49711.28225
1541116800000,199.87,203.81,199.58,202.3,58586.901095
1541203200000,202.31,202.67,199.1,200.25,43903.784857
1541289600000,200.25,218.97,198.96,212.0,100514.960856
1541376000000,212.08,213.81,207.5,210.49,81367.890486
1541462400000,210.65,221.07,209.11,220.53,99612.766302
1541548800000,220.57,224.95,217.0,219.0,100119.998904
1541635200000,219.0,220.78,212.65,212.92,86320.271625
1541721600000,212.94,215.4,209.0,210.83,67752.951199
1541808000000,210.83,215.5,210.45,213.25,50710.272357
1541894400000,213.25,213.93,209.0,212.81,55301.250331
1541980800000,212.81,214.3,211.06,212.76,66802.60024
1542067200000,212.78,213.41,209.05,209.88,83993.454839
1542153600000,209.86,211.2,176.78,187.52,287435.014206
1542240000000,187.48,189.89,171.0,184.19,243534.12554
1542326400000,184.19,185.24,173.3,176.91,126893.303467
1542412800000,176.91,177.87,174.0,176.1,69215.026775
1542499200000,176.1,182.99,176.06,178.96,76890.041716
1542585600000,178.99,179.21,145.73,150.85,342110.161358
1542672000000,150.87,154.7,125.0,133.88,516532.723447
1542758400000,133.85,142.0,126.0,138.21,335450.767946
1542844800000,138.22,140.5,125.5,126.49,181572.351213
1542931200000,126.54,129.0,119.82,125.04,311586.960756
1543017600000,125.04,130.23,112.0,114.89,260471.922533
1543104000000,114.93,122.2,102.32,118.7,496093.545803
1543190400000,118.65,121.35,106.73,110.71,313495.378016
1543276800000,110.73,114.19,102.54,111.42,285093.576086
1543363200000,111.44,126.7,111.4,122.94,321534.390058
1543449600000,122.94,124.05,114.9,117.95,278063.601561
1543536000000,117.96,120.01,111.51,113.85,231710.571292
1543622400000,113.86,120.33,111.32,118.12,216229.15935
1543708800000,118.11,120.78,116.05,116.62,177672.157013
1543795200000,116.55,117.0,106.66,108.75,214287.995166
1543881600000,108.73,120.0,106.0,109.96,207767.728885
1543968000000,109.93,110.59,102.28,102.75,177520.555617
1544054400000,102.64,104.6,90.5,91.04,349815.770963
1544140800000,91.04,96.88,82.3,93.07,536507.794694
1544227200000,93.15,97.96,84.6,90.35,367284.782422
1544313600000,90.37,98.7,88.63,93.38,284404.290352
1544400000000,93.33,95.22,88.07,89.9,231890.751777
1544486400000,89.9,91.69,85.52,87.76,252314.537396
1544572800000,87.62,91.24,86.85,89.36,181702.16498
1544659200000,89.33,92.18,84.74,86.33,200444.683758
1544745600000,86.32,87.0,82.31,83.83,205630.438103
1544832000000,83.83,85.08,81.93,83.77,176632.10158
1544918400000,83.75,87.7,83.72,84.7,216352.667814
1545004800000,84.69,96.95,84.43,94.03,363981.425809
1545091200000,94.03,101.25,91.57,100.36,328709.766012
1545177600000,100.36,107.47,97.88,98.81,435090.991976
1545264000000,98.76,115.74,97.97,113.7,514449.364771
1545350400000,113.7,117.95,104.86,107.7,418446.584101
1545436800000,107.7,115.49,105.43,115.18,261437.399433
1545523200000,115.14,131.88,114.97,129.01,529212.682152
1545609600000,129.06,159.0,128.87,138.04,734926.57236
1545696000000,137.99,139.18,120.87,127.59,563651.013281
1545782400000,127.58,135.36,122.52,129.34,424917.063602
1545868800000,129.35,130.99,111.59,113.78,349938.616897
1545955200000,113.84,136.3,112.1,135.24,391215.663435
1546041600000,135.26,145.06,129.0,132.81,411253.286931
1546128000000,132.9,139.08,128.48,137.7,317726.231078
1546214400000,137.73,138.15,128.8,131.38,211806.589556
1546300800000,131.37,140.14,130.0,138.94,224749.915109
1546387200000,138.88,155.04,137.81,152.1,397428.396819
1546473600000,152.01,153.66,143.15,146.16,312460.702714
1546560000000,146.17,154.78,144.1,151.93,369704.037433
1546646400000,151.94,159.08,151.81,152.81,405703.411722
1546732800000,152.78,157.32,147.35,153.97,321728.005745
1546819200000,153.96,155.47,147.77,149.38,222488.866316
1546905600000,149.39,151.5,145.28,147.62,245157.438469
1546992000000,147.63,152.0,146.92,148.08,186661.626247
1547078400000,148.12,149.49,120.85,124.88,586670.787153
1547164800000,124.87,127.16,120.23,124.72,335394.39561
1547251200000,124.65,125.99,122.0,123.34,181535.816269
1547337600000,123.34,124.27,112.0,114.18,239023.36585
1547424000000,114.18,130.01,113.99,126.9,286120.918572
1547510400000,126.96,129.21,116.05,119.07,283520.066076
1547596800000,119.02,126.87,118.53,121.45,287531.69757
1547683200000,121.47,123.0,117.0,121.67,271088.684664
1547769600000,121.59,121.99,117.56,119.2,163729.792657
1547856000000,119.2,125.3,119.2,122.62,229826.28883
1547942400000,122.62,123.43,115.77,117.44,269596.91047
1548028800000,117.51,118.07,113.53,115.65,202074.233587
1548115200000,115.65,119.47,111.08,117.77,254227.941625
1548201600000,117.74,118.79,114.9,116.38,162180.86409
1548288000000,116.39,117.11,114.0,116.38,137522.722099
1548374400000,116.41,117.46,114.5,115.17,183603.79697
1548460800000,115.18,117.97,114.98,115.34,120551.050549
1548547200000,115.34,116.14,111.2,112.09,162100.508421
1548633600000,112.09,112.91,100.91,105.51,338625.158463
1548720000000,105.51,106.59,102.33,104.49,202312.275229
1548806400000,104.48,109.77,103.51,108.23,209618.673946
1548892800000,108.27,110.57,105.53,106.44,179771.946716
1548979200000,106.45,108.32,103.88,106.73,185533.102641
1549065600000,106.76,111.22,106.12,110.34,150032.006048
1549152000000,110.37,111.07,105.86,107.32,166826.261926
1549238400000,107.31,109.32,106.59,107.67,120557.387737
1549324800000,107.64,108.16,106.56,107.28,115857.406846
1549411200000,107.28,107.63,101.35,104.53,222765.109003
1549497600000,104.52,106.11,104.0,104.44,111139.574146
1549584000000,104.44,123.25,103.5,119.24,328533.169626
1549670400000,119.25,128.0,117.7,119.19,172132.400774
1549756800000,119.15,126.0,115.91,125.02,220316.717613
1549843200000,125.02,125.18,119.31,120.89,227176.304288
1549929600000,120.93,123.74,118.46,122.39,162793.718489
1550016000000,122.37,126.5,120.68,121.95,198678.153171
1550102400000,121.92,124.5,120.09,120.51,204006.950834
1550188800000,120.5,124.26,120.26,121.69,175691.313767
1550275200000,121.68,124.78,121.58,122.69,148703.765387
1550361600000,122.63,135.66,122.34,133.74,315660.452991
1550448000000,133.71,146.9,132.51,145.77,382649.792733
1550534400000,145.76,150.1,143.31,143.62,552473.434862
1550620800000,143.62,149.63,139.97,148.34,387890.364718
1550707200000,148.34,149.8,142.93,145.66,268012.849535
1550793600000,145.66,148.78,143.85,147.4,250800.220417
1550880000000,147.38,159.59,145.83,157.83,348874.374099
1550966400000,157.82,166.15,131.31,132.4,770754.086162
1551052800000,132.48,141.39,132.03,137.87,610593.107037
1551139200000,137.89,138.48,133.21,136.24,380212.833572
1551225600000,136.28,140.07,126.66,135.09,610458.644329
1551312000000,135.11,139.17,132.24,135.33,582583.30421
1551398400000,135.33,138.0,135.0,135.3,348716.984074
1551484800000,135.25,136.09,129.93,132.55,387065.679227
1551571200000,132.5,134.59,127.98,130.55,329365.271514
1551657600000,130.5,131.06,122.73,125.68,519365.294752
1551744000000,125.69,137.99,125.2,136.73,613403.445476
1551830400000,136.71,140.17,133.4,137.38,521744.879375
1551916800000,137.45,139.97,135.16,136.81,362218.103778
1552003200000,136.83,139.39,130.61,133.57,475799.087643
1552089600000,133.51,138.5,132.99,137.28,420872.910087
1552176000000,137.27,137.55,133.9,135.38,391757.086531
1552262400000,135.38,136.09,131.21,132.62,416332.253314
1552348800000,132.65,135.11,128.19,133.53,316412.880373
1552435200000,133.52,133.59,130.69,131.68,239833.768523
1552521600000,131.68,135.03,129.0,132.16,269975.235057
1552608000000,132.16,137.62,132.16,136.62,311919.241869
1552694400000,136.61,144.37,136.59,140.99,382082.281891
1552780800000,140.99,141.03,137.18,138.68,229298.673695
1552867200000,138.68,142.0,136.24,137.62,265563.694061
1552953600000,137.61,139.4,136.96,138.55,223753.087978
1553040000000,138.55,139.66,136.09,139.05,266094.264625
1553126400000,139.03,139.55,131.5,134.84,284749.689325
1553212800000,134.84,137.19,134.31,135.96,287667.35066
1553299200000,135.97,138.18,135.61,137.28,298534.091535
1553385600000,137.28,137.31,135.02,136.09,283588.37569
1553472000000,136.09,136.84,131.71,133.99,306478.67287
1553558400000,134.0,134.72,132.3,134.15,247627.165909
1553644800000,134.13,140.09,133.84,139.4,400976.821198
1553731200000,139.4,139.4,137.21,137.9,319424.829011
1553817600000,137.9,143.63,137.65,143.3,402444.660789
1553904000000,143.31,146.02,140.03,142.46,400737.455877
1553990400000,142.44,142.5,140.0,141.43,314785.812976
1554076800000,141.43,143.09,139.0,141.27,382595.441672
1554163200000,141.28,165.52,141.0,163.34,891277.05416
1554249600000,163.4,177.84,149.71,160.12,1349549.379524
1554336000000,160.18,163.91,152.81,157.31,862389.928097
1554422400000,157.33,167.68,156.06,164.8,579408.610382
1554508800000,164.81,172.5,159.75,165.56,638556.766568
1554595200000,165.56,175.43,164.0,174.31,613436.731836
1554681600000,174.25,185.83,170.97,178.71,902494.509735
1554768000000,178.71,178.96,171.93,174.65,543411.697525
1554854400000,174.63,183.87,169.0,177.08,669747.672944
1554940800000,177.11,177.38,158.0,164.09,793149.620486
1555027200000,164.09,166.28,158.08,163.25,522280.380383
1555113600000,163.22,165.25,160.93,162.97,351132.266737
1555200000000,162.96,168.16,161.12,167.21,364339.149813
1555286400000,167.22,168.72,155.68,159.99,507359.164653
1555372800000,159.97,167.0,159.4,165.41,397230.858976
1555459200000,165.37,167.34,163.87,165.77,364199.939244
1555545600000,165.8,175.19,165.12,173.24,507598.17245
1555632000000,173.22,173.59,168.72,172.65,427593.175083
1555718400000,172.68,177.0,169.87,172.86,395202.158148
1555804800000,172.81,173.41,164.9,168.68,429940.926254
1555891200000,168.62,172.21,166.97,170.56,400728.824845
1555977600000,170.56,175.66,167.87,169.16,490522.837271
1556064000000,169.15,169.9,159.24,164.75,552217.216728
1556150400000,164.72,165.5,150.0,154.62,543074.424887
1556236800000,154.59,163.0,151.37,157.96,623309.716475
1556323200000,158.0,183.0,156.4,159.27,365835.856349
1556409600000,159.22,160.24,157.06,157.9,320725.39895
1556496000000,157.91,159.03,152.09,155.09,401728.425594
1556582400000,155.09,162.83,155.06,161.86,445896.215092
1556668800000,161.88,163.84,158.46,160.21,355609.909808
1556755200000,160.21,163.46,158.62,161.84,413711.716186
1556841600000,161.83,170.78,160.99,168.03,507664.52429
1556928000000,168.03,171.3,159.93,163.65,434499.650736
1557014400000,163.68,165.3,159.25,163.0,343529.753198
1557100800000,163.02,178.08,159.36,173.02,566934.506164
1557187200000,173.03,182.87,168.0,168.9,748436.934844
1557273600000,168.96,173.22,164.87,170.88,505349.487257
1557360000000,170.9,173.71,166.62,170.96,467848.115285
1557446400000,170.97,176.3,168.46,172.84,615856.063986
1557532800000,172.86,205.21,172.86,192.08,1169708.044668
1557619200000,192.0,203.09,182.78,188.21,985445.527187
1557705600000,188.19,207.47,185.56,195.93,745946.027453
1557792000000,195.97,220.8,192.74,217.71,907407.230798
1557878400000,217.69,250.24,208.46,248.08,1011169.189114
1557964800000,248.06,279.76,241.28,264.35,1478852.83831
1558051200000,264.24,268.7,224.12,244.19,1382127.291107
1558137600000,244.21,247.87,230.61,233.58,653195.727255
1558224000000,233.58,264.14,232.34,259.6,818599.46691
1558310400000,259.6,259.6,237.97,250.5,726468.67578
1558396800000,250.5,261.77,246.4,253.44,587975.846144
1558483200000,253.43,260.12,240.0,243.68,603685.95473
1558569600000,243.8,247.37,230.0,244.61,710523.920325
1558656000000,244.71,254.38,241.46,248.94,669731.972151
1558742400000,248.96,257.27,247.19,250.18,545572.648451
1558828800000,250.16,269.31,245.19,264.44,599108.853433
1558915200000,264.41,279.94,262.55,270.76,690195.204888
1559001600000,270.79,276.12,264.79,271.12,564776.278006
1559088000000,271.12,274.0,260.26,268.87,506251.94846
1559174400000,268.87,288.17,236.99,254.19,834851.214774
1559260800000,254.37,269.04,245.28,268.04,722271.380059
1559347200000,267.93,276.44,261.0,264.11,567977.868924
1559433600000,264.24,273.18,263.24,268.93,427578.426392
1559520000000,268.88,270.0,247.5,250.0,563367.465797
1559606400000,250.05,251.71,234.56,241.4,645261.630682
1559692800000,241.41,248.75,237.34,245.71,490538.92238
1559779200000,245.71,250.62,235.3,248.68,452919.27105
1559865600000,248.87,253.02,243.78,248.83,414332.746519
1559952000000,248.84,250.5,240.83,243.31,337877.472511
1560038400000,243.25,244.5,226.46,231.0,453137.549722
1560124800000,230.94,247.24,226.99,246.71,450384.197912
1560211200000,246.69,247.93,236.5,244.24,396451.803418
1560297600000,244.19,262.19,242.15,261.37,466080.902217
1560384000000,261.25,262.98,253.77,254.8,441528.368339
1560470400000,254.72,264.37,251.84,262.31,431711.569093
1560556800000,262.43,272.35,260.68,267.81,392070.208638
1560643200000,267.87,276.98,263.5,267.69,502421.999401
1560729600000,267.81,274.61,266.39,273.14,455743.874521
1560816000000,273.18,273.58,261.36,264.69,390855.971496
1560902400000,264.62,270.0,263.62,268.13,331691.574614
1560988800000,268.18,273.55,262.74,271.32,333629.976673
1561075200000,271.38,296.0,271.33,294.56,533397.2278
1561161600000,294.69,314.0,292.18,310.79,615910.900875
1561248000000,310.77,321.51,305.89,308.5,510281.25023
1561334400000,308.45,314.43,297.6,311.8,424749.327513
1561420800000,311.81,318.94,307.12,318.12,419479.289556
1561507200000,318.27,366.57,315.74,339.39,842565.485548
1561593600000,339.36,346.98,273.25,298.6,883377.018883
1561680000000,298.35,313.63,295.39,311.14,499889.010804
1561766400000,311.23,324.61,295.19,317.86,403421.238145
1561852800000,317.79,322.99,290.01,292.64,414067.988784
1561939200000,292.62,303.31,280.17,294.97,390163.711078
1562025600000,294.95,297.56,272.5,291.39,471412.65421
1562112000000,291.54,302.77,289.32,301.12,306556.683408
1562198400000,301.12,302.75,279.97,282.74,236368.849092
1562284800000,282.73,294.57,281.1,287.52,236351.594898
1562371200000,287.47,296.48,285.31,288.06,215219.871937
1562457600000,288.04,309.83,284.25,304.64,275473.4591
1562544000000,304.68,313.55,301.1,311.99,233466.005547
1562630400000,311.95,318.05,302.73,307.39,228594.726619
1562716800000,307.43,314.18,280.0,289.06,392622.485129
1562803200000,289.06,289.13,261.69,268.56,439420.448141
1562889600000,268.62,278.42,266.22,274.66,228462.926786
1562976000000,274.62,274.94,262.3,268.79,185321.087027
1563062400000,268.79,269.6,222.74,225.69,574912.511429
1563148800000,225.87,235.66,202.75,228.11,628376.896157
1563235200000,228.09,234.58,191.0,198.87,751640.225097
1563321600000,198.88,219.55,191.93,210.81,643470.384093
1563408000000,210.81,229.43,206.0,225.74,474547.636829
1563494400000,225.74,226.34,213.19,220.87,266368.799886
1563580800000,220.78,235.0,219.87,228.25,242767.314757
1563667200000,228.21,229.56,216.97,225.41,247112.664549
1563753600000,225.41,228.09,212.09,217.5,317810.412469
1563840000000,217.5,219.87,208.5,212.5,281872.075702
1563926400000,212.53,218.25,201.93,216.34,312882.768198
1564012800000,216.36,225.11,215.34,219.05,260493.168928
1564099200000,219.03,219.99,212.68,218.83,207324.045158
1564185600000,218.78,223.46,203.0,207.27,360401.299692
1564272000000,207.31,213.63,198.9,211.66,293765.530157
1564358400000,211.72,215.59,206.59,210.93,244486.215847
1564444800000,210.93,214.3,204.53,209.58,186023.05184
1564531200000,209.53,218.84,209.27,218.46,187641.088568
1564617600000,218.44,219.24,210.71,216.83,196814.480087
1564704000000,216.84,222.18,214.62,217.72,170691.895855
1564790400000,217.71,224.59,216.71,222.02,160447.004427
1564876800000,222.02,223.02,217.05,221.75,131906.892018
1564963200000,221.77,236.27,221.75,233.56,266116.952786
1565049600000,233.58,239.08,223.12,226.33,252875.656385
1565136000000,226.31,231.19,221.09,226.13,234427.822377
1565222400000,226.18,226.91,215.68,221.34,181419.354615
1565308800000,221.36,221.78,207.19,210.53,225260.241861
1565395200000,210.53,214.91,202.31,206.5,223877.520434
1565481600000,206.46,216.97,206.15,216.3,168646.8702
1565568000000,216.4,216.83,209.86,211.5,107501.048265
1565654400000,211.5,211.65,203.99,209.34,133577.688896
1565740800000,209.28,209.83,182.41,187.03,429153.201541
1565827200000,187.0,189.91,174.46,187.99,354804.260362
1565913600000,187.97,188.3,178.59,184.9,219399.155535
1566000000000,184.9,187.05,182.0,185.59,108037.931041
1566086400000,185.62,197.87,183.36,194.36,168225.709914
1566172800000,194.36,203.53,192.65,202.22,175994.780586
1566259200000,202.22,202.78,194.53,196.55,134255.937562
1566345600000,196.55,197.09,180.9,187.49,248287.609733
1566432000000,187.5,195.09,182.86,190.34,168863.776633
1566518400000,190.37,196.08,188.13,194.02,144414.881969
1566604800000,194.03,194.05,185.46,190.65,111986.711449
1566691200000,190.66,192.62,182.97,186.53,116701.400939
1566777600000,186.55,193.84,186.0,188.63,181880.876485
1566864000000,188.65,189.43,184.8,187.27,105246.040413
1566950400000,187.25,188.18,165.0,173.0,268488.637159
1567036800000,173.0,173.44,163.65,169.0,233483.878141
1567123200000,169.02,170.99,165.62,168.44,149306.06524
1567209600000,168.43,174.75,165.9,171.59,108459.893653
1567296000000,171.59,173.34,167.65,170.75,89327.550246
1567382400000,170.72,181.13,170.12,178.02,135212.780205
1567468800000,178.03,182.9,174.21,178.75,169255.057448
1567555200000,178.75,180.12,173.18,174.66,133373.272952
1567641600000,174.68,175.71,169.3,173.77,122822.827004
1567728000000,173.84,177.87,165.0,169.03,241182.27649
1567814400000,169.06,180.81,168.3,177.59,170508.650363
1567900800000,177.59,184.27,176.19,181.19,208720.347403
1567987200000,181.21,186.56,175.97,180.53,200629.289756
1568073600000,180.53,184.4,176.94,179.88,124381.459511
1568160000000,179.88,182.68,173.78,178.31,161685.671464
1568246400000,178.3,182.43,176.61,180.75,65484.287853
1568332800000,180.75,181.37,177.56,180.87,125883.441037
1568419200000,180.87,188.78,179.81,188.15,146222.562565
1568505600000,188.15,190.38,185.77,188.96,78874.385846
1568592000000,188.97,199.41,188.31,197.24,192935.166675
1568678400000,197.27,215.0,195.75,207.75,285647.638451
1568764800000,207.78,217.09,207.75,210.19,227271.042454
1568851200000,210.21,223.93,202.3,220.27,315295.03729
1568937600000,220.18,221.58,212.19,218.03,192918.300122
1569024000000,217.96,221.4,213.25,215.06,157943.793292
1569110400000,215.03,215.53,206.08,211.16,194253.38322
1569196800000,211.15,211.62,198.84,201.34,221800.675411
1569283200000,201.3,202.87,146.0,165.81,768375.017626
1569369600000,165.81,174.74,161.87,169.96,414147.199886
1569456000000,169.96,170.96,152.4,165.93,349618.271272
1569542400000,165.91,176.58,161.06,173.75,256821.127726
1569628800000,173.83,175.43,168.0,173.55,222343.419882
1569715200000,173.58,174.5,164.21,169.19,202684.022764
1569801600000,169.25,181.34,165.25,180.75,275438.933465
1569888000000,180.77,185.58,173.23,175.72,350082.253362
1569974400000,175.69,181.11,173.67,180.27,254003.605964
1570060800000,180.29,180.7,169.56,174.67,286940.99009
1570147200000,174.7,178.94,170.81,175.48,230268.133983
1570233600000,175.52,176.71,172.03,176.27,185744.220198
1570320000000,176.25,176.81,167.73,170.17,324435.449504
1570406400000,170.11,182.2,168.68,179.81,407078.251656
1570492800000,179.83,184.79,177.3,180.58,267689.800142
1570579200000,180.58,195.48,179.0,192.66,455412.214261
1570665600000,192.65,194.2,186.89,191.05,268675.496616
1570752000000,191.12,196.66,179.44,180.64,493601.208828
1570838400000,180.68,184.61,177.5,179.72,197479.849558
1570924800000,179.7,184.43,178.58,181.04,191183.972802
1571011200000,180.99,187.5,180.46,186.69,271674.36501
1571097600000,186.73,188.24,176.75,180.52,362875.79086
1571184000000,180.52,181.49,171.84,174.41,297965.853005
1571270400000,174.46,179.0,172.64,177.14,159584.411547
1571356800000,177.15,177.34,168.58,172.84,267649.408878
1571443200000,172.82,175.01,169.26,171.8,185212.825382
1571529600000,171.86,176.38,169.2,175.15,198342.752501
1571616000000,175.15,177.89,171.58,173.95,198498.835605
1571702400000,173.95,175.0,170.33,171.22,150932.067861
1571788800000,171.22,171.5,153.35,162.29,478922.701323
1571875200000,162.3,163.73,158.5,160.44,162321.470436
1571961600000,160.43,188.0,160.32,181.56,633621.331306
1572048000000,181.59,198.0,173.72,179.4,997644.881183
1572134400000,179.4,188.6,176.2,183.8,418433.098747
1572220800000,183.79,189.5,180.27,181.63,310352.854983
1572307200000,181.65,192.79,181.3,190.5,339806.267878
1572393600000,190.48,191.79,180.0,183.09,351165.684733
1572480000000,183.11,185.26,177.64,182.17,236122.072291
1572566400000,182.17,184.5,176.58,182.87,219429.805972
1572652800000,182.88,185.6,181.52,183.0,124226.344653
1572739200000,182.93,184.75,178.96,181.55,146666.985145
1572825600000,181.57,188.66,180.36,185.8,364227.882003
1572912000000,185.79,192.43,181.35,188.64,327105.261272
1572998400000,188.62,194.54,187.71,191.14,457760.885207
1573084800000,191.15,192.3,184.57,186.72,261911.956835
1573171200000,186.77,188.25,181.38,183.78,322229.288192
1573257600000,183.78,185.76,182.61,184.88,115883.109464
1573344000000,184.88,191.68,183.27,188.96,220213.057846
1573430400000,188.96,190.17,184.0,184.93,228360.411338
1573516800000,184.93,187.62,182.5,187.03,164933.838697
1573603200000,187.03,189.73,185.18,188.16,135020.262145
1573689600000,188.14,188.74,183.04,184.92,191544.982401
1573776000000,184.92,187.21,177.1,180.01,342807.771822
1573862400000,180.0,183.46,179.27,182.33,112760.209152
1573948800000,182.32,186.15,180.06,183.84,149952.006964
1574035200000,183.82,184.04,175.0,178.19,236448.925723
1574121600000,178.15,178.55,172.68,175.84,205556.228324
1574208000000,175.84,177.42,173.5,174.75,170457.139632
1574294400000,174.74,175.84,156.16,160.9,654836.512521
1574380800000,160.9,162.74,138.0,149.54,1281860.623937
1574467200000,149.55,154.26,146.11,151.78,418090.766044
1574553600000,151.82,152.88,138.61,139.96,461754.021012
1574640000000,139.98,151.49,131.43,145.72,1073970.003171
1574726400000,145.75,150.0,143.58,147.46,356290.606815
1574812800000,147.47,155.45,140.86,152.54,680189.155064
1574899200000,152.61,154.71,149.1,150.7,319095.762033
1574985600000,150.73,157.44,150.21,154.49,318481.256008
1575072000000,154.49,155.3,149.6,151.38,209747.563802
1575158400000,151.36,152.49,145.88,150.69,297760.304622
1575244800000,150.69,151.46,146.76,148.63,216382.339892
1575331200000,148.71,149.85,145.71,147.13,152303.623896
1575417600000,147.13,152.5,143.19,145.41,490066.256427
1575504000000,145.46,148.89,143.7,148.09,295430.50898
1575590400000,148.1,149.5,145.79,148.48,198403.284016
1575676800000,148.49,149.41,146.82,147.12,104693.22704
1575763200000,147.15,151.54,146.12,150.39,155929.187722
1575849600000,150.39,151.14,146.7,147.4,201459.189622
1575936000000,147.39,148.36,143.88,145.54,143223.483345
1576022400000,145.54,146.33,142.0,143.36,121979.898523
1576108800000,143.39,145.8,139.2,144.89,237465.795289
1576195200000,144.86,145.28,143.0,144.79,133434.914125
1576281600000,144.79,145.05,141.14,141.85,121486.142205
1576368000000,141.85,144.09,139.95,142.46,162255.476374
1576454400000,142.47,142.67,128.88,132.7,456388.542391
1576540800000,132.71,132.94,119.5,121.98,435233.146418
1576627200000,121.93,134.55,115.98,132.78,723644.440185
1576713600000,132.81,133.88,125.73,128.1,414261.417488
1576800000000,128.11,129.41,126.0,128.18,172253.251355
1576886400000,128.19,128.42,126.49,126.99,97664.454757
1576972800000,126.99,132.99,126.78,132.05,270545.881027
1577059200000,132.12,135.11,126.08,127.8,380875.412608
1577145600000,127.83,129.65,126.66,127.7,196298.45789
1577232000000,127.7,127.82,123.37,125.11,241214.300415
1577318400000,125.12,132.36,124.29,125.64,296198.741721
1577404800000,125.64,127.04,122.46,126.29,269517.386002
1577491200000,126.3,129.67,125.87,128.1,198205.012421
1577577600000,128.13,138.0,127.53,134.35,417141.529927
1577664000000,134.33,136.28,130.3,131.57,297043.932084
1577750400000,131.58,133.66,128.18,129.18,296281.496062
1577836800000,129.19,133.0,128.72,130.68,179388.635683
1577923200000,130.69,130.72,126.44,127.15,335976.32151
1578009600000,127.15,135.16,126.0,134.44,425923.860375
1578096000000,134.44,135.78,132.53,134.19,199330.854673
1578182400000,134.18,138.2,134.18,135.4,251961.650639
1578268800000,135.38,144.39,134.87,144.1,340211.424623
1578355200000,144.12,145.34,138.83,142.8,333557.091683
1578441600000,142.8,148.0,137.12,140.75,480340.285865
1578528000000,140.77,141.52,135.38,137.77,277816.387083
1578614400000,137.77,145.29,135.33,144.88,353272.771668
1578700800000,144.85,148.09,142.0,142.38,380889.117887
1578787200000,142.39,146.64,142.0,146.61,194748.283196
1578873600000,146.61,147.03,142.0,143.52,186460.346349
1578960000000,143.53,171.05,143.49,165.66,1085671.131355
1579046400000,165.65,171.91,159.26,166.37,739316.662542
1579132800000,166.36,167.39,158.56,164.22,448422.641043
1579219200000,164.24,174.7,162.11,169.88,700094.701596
1579305600000,169.89,179.74,165.0,174.13,618647.738504
1579392000000,174.1,178.06,161.7,166.82,514993.606555
1579478400000,166.81,169.32,161.36,166.83,237604.509077
1579564800000,166.85,170.1,164.89,169.42,224912.913985
1579651200000,169.47,171.82,160.8,168.09,241725.34551
1579737600000,168.09,168.22,159.3,162.86,346863.626018
1579824000000,162.87,164.47,155.57,162.57,354940.319197
1579910400000,162.55,162.75,157.71,160.39,177180.088419
1579996800000,160.32,168.07,159.38,167.83,215562.583824
1580083200000,167.84,172.02,165.26,170.08,344266.153331
1580169600000,170.08,176.2,170.08,175.56,367687.565628
1580256000000,175.53,178.47,173.3,173.75,298045.937982
1580342400000,173.74,187.03,170.91,184.65,392168.583118
1580428800000,184.69,185.8,175.19,179.96,336020.17922
1580515200000,179.98,184.26,179.18,183.64,235095.438626
1580601600000,183.71,193.47,179.04,188.5,413529.934074
1580688000000,188.5,195.24,186.32,189.71,320183.034823
1580774400000,189.7,191.6,184.67,188.87,271408.592195
1580860800000,188.87,207.58,188.22,203.79,367651.986869
1580947200000,203.79,216.33,201.0,213.22,465293.390962
1581033600000,213.25,224.76,213.25,223.31,442682.941484
1581120000000,223.34,227.71,213.36,223.05,430283.110621
1581206400000,223.03,230.64,222.87,228.55,261169.746178
1581292800000,228.56,229.49,216.52,222.86,359365.872899
1581379200000,222.86,239.04,218.09,236.68,338243.846486
1581465600000,236.67,275.31,236.67,265.72,539257.15159
1581552000000,265.85,277.79,256.12,268.32,895612.888867
1581638400000,268.35,287.1,260.39,285.11,427501.718271
1581724800000,285.1,288.32,262.0,264.86,584749.126372
1581811200000,264.82,273.95,237.36,258.82,758730.211955
1581897600000,258.89,268.69,242.05,267.88,754946.598194
1581984000000,267.93,285.9,258.63,282.76,759158.953476
1582070400000,282.76,285.8,251.0,258.41,755517.456287
1582156800000,258.41,264.33,245.0,256.94,787612.775765
1582243200000,256.95,268.18,253.72,265.27,492883.968788
1582329600000,265.32,266.79,256.12,261.54,258998.829122
1582416000000,261.52,275.63,261.01,274.51,276911.804861
1582502400000,274.5,277.16,256.35,265.55,480967.589956
1582588800000,265.57,266.22,244.8,246.68,540749.384418
1582675200000,246.7,250.28,215.59,224.01,984019.437026
1582761600000,224.02,238.31,210.0,227.76,962439.457981
1582848000000,227.75,234.55,214.0,226.7,936300.214159
1582934400000,226.69,232.98,217.0,217.19,516074.346513
1583020800000,217.19,227.96,212.42,217.8,664751.757681
1583107200000,217.82,234.37,216.13,232.03,661400.700275
1583193600000,232.04,232.39,220.0,223.84,618353.745652
1583280000000,223.8,228.85,220.21,224.31,459884.513318
1583366400000,224.31,234.0,224.31,228.44,483371.86468
1583452800000,228.39,245.2,227.36,244.9,624073.653373
1583539200000,244.9,251.84,236.0,237.25,458889.144386
1583625600000,237.2,237.2,195.8,199.4,961476.120682
1583712000000,199.48,208.5,190.0,202.89,1151824.762907
1583798400000,202.8,206.0,195.63,200.75,665768.014299
1583884800000,200.76,203.18,181.73,194.59,751333.895086
1583971200000,194.59,195.52,101.38,107.74,3129794.097414
1584057600000,107.72,139.76,87.08,132.01,3085505.940302
1584144000000,134.22,134.9,121.18,122.6,752899.317775
1584230400000,122.61,133.24,120.46,123.85,801874.702026
1584316800000,123.85,124.37,101.2,111.05,1603176.90447
1584403200000,111.06,121.0,109.38,115.69,771153.08584
1584489600000,115.68,118.44,110.0,118.14,654660.056418
1584576000000,118.15,143.0,115.48,136.28,1012644.939207
1584662400000,136.28,152.54,117.0,133.48,1290568.357234
1584748800000,133.48,137.55,125.7,132.61,626589.774068
1584835200000,132.64,137.14,121.08,122.32,653815.801725
1584921600000,122.32,137.53,119.65,135.94,803399.471961
1585008000000,135.91,145.0,132.49,138.42,801998.549771
1585094400000,138.41,142.32,132.5,136.08,678089.047422
1585180800000,136.08,139.75,132.99,138.34,411162.799803
1585267200000,138.41,141.29,129.72,131.34,341328.653764
1585353600000,131.36,132.93,124.88,131.0,412690.767755
1585440000000,130.98,131.78,123.88,124.44,195129.1315
1585526400000,124.51,135.15,124.11,132.06,346794.599697
1585612800000,132.07,135.02,130.37,132.7,249862.099965
1585699200000,132.7,136.88,128.65,135.65,343309.778359
1585785600000,135.64,150.0,135.01,141.33,638422.763415
1585872000000,141.32,146.68,137.8,141.39,460130.144673
1585958400000,141.34,146.32,138.87,144.12,278756.948923
1586044800000,144.13,145.58,140.68,142.6,192404.719725
1586131200000,142.63,171.97,142.63,171.32,881948.441691
1586217600000,171.33,176.19,162.23,164.6,698436.180358
1586304000000,164.6,174.44,163.57,173.09,526532.190769
1586390400000,173.1,173.35,165.15,169.58,377631.799346
1586476800000,169.56,170.08,152.1,157.85,824853.62651
1586563200000,157.81,161.23,153.93,158.35,303928.489632
1586649600000,158.33,164.81,155.0,158.61,597432.089045
1586736000000,158.61,158.98,149.63,156.3,697738.667186
1586822400000,156.29,161.85,155.34,158.44,496234.740686
1586908800000,158.44,161.3,152.0,152.72,463164.473506
1586995200000,152.72,174.8,148.19,172.29,1292653.431952
1587081600000,172.34,174.97,168.3,170.61,495827.800009
1587168000000,170.65,189.43,170.46,187.4,691783.146844
1587254400000,187.4,188.26,176.1,180.02,639757.884882
1587340800000,179.99,186.43,165.0,170.2,890179.127189
1587427200000,170.2,174.7,168.1,170.75,528022.07166
1587513600000,170.73,184.0,169.82,182.74,597618.547057
1587600000000,182.77,194.0,178.12,185.5,925044.6508
1587686400000,185.56,189.77,184.7,187.6,431145.801964
1587772800000,187.61,198.3,185.76,194.18,579400.679837
1587859200000,194.18,200.0,192.34,197.49,529868.351266
1587945600000,197.47,199.13,189.47,196.35,541492.906589
1588032000000,196.33,197.6,192.24,196.27,390759.18212
1588118400000,196.27,219.11,196.27,215.39,972438.237877
1588204800000,215.4,227.23,201.4,206.1,1309784.473526
1588291200000,206.07,217.11,205.95,212.09,622578.741315
1588377600000,212.02,215.43,210.39,213.88,436908.324178
1588464000000,213.87,219.2,204.7,209.84,646112.218843
1588550400000,209.86,210.67,194.89,206.48,611087.664697
1588636800000,206.52,211.72,201.16,205.31,489061.380146
1588723200000,205.31,210.76,198.0,198.92,541403.232138
1588809600000,198.92,215.0,196.72,212.0,874162.110509
1588896000000,212.0,216.56,206.95,211.26,527458.727248
1588982400000,211.27,214.61,208.35,210.12,501373.209317
1589068800000,210.13,210.13,180.3,187.57,1159672.995695
1589155200000,187.54,193.44,176.0,185.71,693755.22414
1589241600000,185.75,192.27,185.53,189.83,390060.172191
1589328000000,189.8,200.89,188.33,199.58,363309.050007
1589414400000,199.59,206.01,195.7,203.29,639491.15581
1589500800000,203.28,204.09,191.5,194.78,476036.944369
1589587200000,194.79,203.38,193.29,200.49,412875.453491
1589673600000,200.48,209.87,199.68,206.99,412776.296275
1589760000000,206.99,217.1,206.99,214.91,533074.101457
1589846400000,214.92,215.97,209.52,214.6,343665.245935
1589932800000,214.59,215.67,206.1,209.98,370163.063782
1590019200000,209.97,211.67,191.6,198.81,557427.351462
1590105600000,198.81,209.21,196.25,207.33,348254.269219
1590192000000,207.34,211.2,204.62,206.63,225213.978713
1590278400000,206.62,210.58,199.3,199.84,342581.059179
1590364800000,199.85,205.69,198.0,204.16,275897.789026
1590451200000,204.18,205.0,196.7,200.9,285613.630752
1590537600000,200.89,208.47,200.76,208.31,277162.094202
1590624000000,208.32,220.6,204.66,220.23,440612.310289
1590710400000,220.22,224.88,217.61,220.63,455544.321748
1590796800000,220.63,247.25,218.79,243.65,629721.259148
1590883200000,243.65,245.35,229.72,231.58,497784.10137
1590969600000,231.55,250.87,230.67,248.25,704516.735749
1591056000000,248.27,253.84,224.3,237.71,709532.921243
1591142400000,237.69,245.17,233.21,244.56,344635.642691
1591228800000,244.55,246.64,236.2,243.22,509732.574686
1591315200000,243.18,247.93,239.0,240.06,655880.914717
1591401600000,240.03,244.79,238.0,241.99,348146.468281
1591488000000,241.95,245.33,235.0,244.61,588548.858783
1591574400000,244.6,247.83,240.97,246.45,312203.597398
1591660800000,246.45,249.9,238.0,243.83,388350.916483
1591747200000,243.84,251.69,240.69,247.8,516808.262971
1591833600000,247.81,250.17,226.0,230.49,995791.442283
1591920000000,230.49,239.47,228.37,237.57,410832.069453
1592006400000,237.56,238.7,234.67,238.12,213098.394395
1592092800000,238.13,238.59,229.8,231.75,216637.229755
1592179200000,231.72,233.53,218.3,230.82,504310.288617
1592265600000,230.83,235.96,228.7,235.32,263050.428925
1592352000000,235.32,237.31,227.7,233.8,276854.763838
1592438400000,233.82,234.74,227.97,231.28,215096.938858
1592524800000,231.28,231.98,226.66,229.02,231050.132345
1592611200000,229.04,230.85,225.1,228.86,196160.489555
1592697600000,228.89,231.5,227.21,228.09,146784.726639
1592784000000,228.08,246.83,227.52,243.11,443674.508581
1592870400000,243.11,244.82,240.8,243.17,249473.015249
1592956800000,243.14,249.3,231.01,234.58,560820.581495
1593043200000,234.56,235.42,227.35,232.53,311586.15403
1593129600000,232.53,233.6,227.56,229.65,314727.001018
1593216000000,229.69,231.35,215.22,221.01,316161.665996
1593302400000,221.01,227.93,218.0,224.96,189810.24055
1593388800000,224.97,229.97,221.24,227.89,252568.592458
1593475200000,227.93,228.67,222.88,225.52,209727.733352
1593561600000,225.55,232.7,224.15,230.95,234972.927857
1593648000000,230.99,232.08,222.82,226.48,379960.776365
1593734400000,226.49,228.18,224.18,224.89,184830.888827
1593820800000,224.88,230.74,224.46,229.16,185404.741041
1593907200000,229.19,229.84,223.02,227.57,192918.054863
1593993600000,227.56,242.13,226.96,241.73,470951.809229
1594080000000,241.73,243.81,234.57,239.36,306755.439122
1594166400000,239.38,248.79,237.84,246.95,408290.202044
1594252800000,246.92,247.7,237.95,242.01,288542.04122
1594339200000,242.01,242.15,235.8,241.28,212057.26969
1594425600000,241.29,241.69,237.55,239.15,114598.036531
1594512000000,239.15,244.0,236.0,242.79,245833.033272
1594598400000,242.78,245.33,237.31,239.57,262308.60691
1594684800000,239.56,242.13,236.65,240.42,201184.988724
1594771200000,240.42,241.44,236.88,238.64,164512.091484
1594857600000,238.64,239.48,230.0,233.6,319641.828486
1594944000000,233.61,234.8,231.74,232.7,132129.381139
1595030400000,232.7,236.9,232.34,235.63,118426.469636
1595116800000,235.63,239.82,233.26,239.07,145421.538163
1595203200000,239.08,239.68,233.99,236.04,143689.928299
1595289600000,236.05,246.64,235.55,245.52,255194.539506
1595376000000,245.52,269.8,241.63,263.86,446930.391787
1595462400000,263.85,280.0,259.99,275.33,692798.717099
1595548800000,275.32,287.28,268.0,279.15,510879.24936
1595635200000,279.16,308.8,279.09,305.29,679663.655658
1595721600000,305.29,319.93,299.78,310.99,734767.011353
1595808000000,311.01,333.0,310.88,321.91,1233557.546041
1595894400000,321.89,326.76,306.0,316.72,692660.224609
1595980800000,316.77,325.12,312.35,317.87,515015.871807
1596067200000,317.82,341.92,314.04,334.87,482977.944499
1596153600000,334.82,349.31,328.51,346.27,585797.283249
1596240000000,346.25,393.0,343.08,386.98,748583.586393
1596326400000,386.96,415.8,327.8,372.53,1414595.553702
1596412800000,372.48,397.9,366.5,385.95,582632.498932
1596499200000,385.95,403.0,380.71,389.63,581365.575136
1596585600000,389.63,406.92,384.0,400.69,450967.763823
1596672000000,400.74,403.52,390.68,394.86,376262.464131
1596758400000,394.8,398.29,362.88,379.25,634394.409233
1596844800000,379.25,397.24,375.86,397.09,283303.232302
1596931200000,397.1,400.0,383.13,390.13,334882.28414
1597017600000,390.19,399.0,385.0,395.41,372939.313246
1597104000000,395.4,398.0,367.02,379.09,492668.985468
1597190400000,379.08,389.28,365.92,387.14,372390.696798
1597276800000,387.15,431.5,383.01,424.52,528135.551714
1597363200000,424.44,444.54,417.2,438.13,429452.498816
1597449600000,438.16,442.71,426.86,432.24,288011.331312
1597536000000,432.3,436.87,412.5,433.63,303624.105022
1597622400000,433.63,446.25,420.46,430.69,391683.176841
1597708800000,430.75,433.6,414.0,421.96,343321.301049
1597795200000,421.95,426.67,393.46,407.42,422664.341809
1597881600000,407.33,418.9,402.34,415.86,241423.545663
1597968000000,415.89,418.56,385.07,387.99,324871.660757
1598054400000,387.99,396.99,380.0,395.33,214904.392754
1598140800000,395.33,396.89,383.17,390.61,166230.490082
1598227200000,390.73,410.3,387.53,407.78,226679.312371
1598313600000,407.78,409.02,370.0,383.03,450614.48813
1598400000000,383.03,393.0,377.46,385.92,255017.704571
1598486400000,385.85,397.0,371.5,383.24,324621.080747
1598572800000,383.29,397.97,379.88,395.11,208714.888787
1598659200000,395.1,405.67,391.89,398.62,203952.737738
1598745600000,398.58,429.8,398.3,428.83,324801.696573
1598832000000,428.94,439.0,418.03,433.71,364756.447549
1598918400000,433.71,488.73,429.38,475.23,608594.819516
1599004800000,475.25,481.45,415.39,439.58,822824.558751
1599091200000,439.53,450.78,370.92,381.39,965544.831959
1599177600000,381.38,400.15,356.0,385.23,708482.437603
1599264000000,385.28,394.68,307.35,335.07,1359939.127246
1599350400000,335.08,359.97,316.27,352.75,708893.894477
1599436800000,352.7,358.52,323.28,353.54,538782.2257
1599523200000,353.57,356.59,325.36,337.31,391398.736093
1599609600000,337.38,358.93,330.73,350.78,278020.049455
1599696000000,350.78,377.36,350.07,368.08,393414.85758
1599782400000,367.86,375.21,355.78,373.62,246559.26807
1599868800000,373.6,388.29,364.76,387.8,236378.723833
1599955200000,387.8,390.17,353.55,366.39,381667.6354
1600041600000,366.4,384.37,355.76,377.15,324704.303678
1600128000000,377.13,382.48,362.5,364.02,410708.350154
1600214400000,364.07,373.34,355.13,365.13,324603.911776
1600300800000,365.08,394.0,363.35,389.37,456676.062378
1600387200000,389.36,392.57,375.71,384.46,299426.407962
1600473600000,384.46,388.61,377.05,385.2,139823.430899
1600560000000,385.16,385.5,365.0,370.98,219918.123307
1600646400000,371.04,376.9,331.07,340.31,522816.135639
1600732800000,340.35,346.88,335.56,344.23,281537.284088
1600819200000,344.23,344.71,313.28,320.7,337737.45568
1600905600000,320.7,353.15,316.56,349.02,415484.265175
1600992000000,348.94,357.83,337.46,351.89,291911.038758
1601078400000,351.9,356.55,346.02,353.98,196701.390946
1601164800000,353.93,362.19,347.21,357.57,242891.470882
1601251200000,357.56,368.09,351.88,354.0,266058.754517
1601337600000,354.0,361.3,350.51,359.79,188181.333747
1601424000000,359.79,361.5,351.28,359.82,151699.371162
1601510400000,359.95,369.9,345.35,352.75,279230.869238
1601596800000,352.76,354.49,334.22,345.54,266109.015983
1601683200000,345.5,350.96,343.66,345.92,128124.076261
1601769600000,345.9,354.34,343.96,352.37,122787.888685
1601856000000,352.36,356.26,348.51,353.66,125540.78788
1601942400000,353.71,355.0,336.89,340.71,196637.706661
1602028800000,340.77,343.0,333.08,341.58,174159.356572
1602115200000,341.55,353.26,334.18,350.8,187517.100612
1602201600000,350.88,368.28,347.2,365.06,184056.521067
1602288000000,364.99,378.4,364.71,370.59,191348.48721
1602374400000,370.58,377.76,369.0,374.18,123697.029168
1602460800000,374.17,394.81,364.0,386.53,278513.118465
1602547200000,386.5,387.68,374.52,381.02,207547.679798
1602633600000,381.07,387.42,373.14,378.61,203446.378994
1602720000000,378.64,381.54,369.86,377.7,247791.033023
1602806400000,377.66,379.71,359.72,365.24,278673.681142
1602892800000,365.28,370.5,363.08,368.17,103728.185555
1602979200000,368.09,378.6,366.86,378.19,87968.698565
1603065600000,378.19,384.32,372.5,379.05,132067.761243
1603152000000,379.15,380.44,364.22,368.6,188595.325016
1603238400000,368.6,401.77,367.82,390.88,262799.945586
1603324800000,390.86,420.0,390.2,413.08,244115.31921
1603411200000,413.06,418.99,400.44,408.61,128186.159207
1603497600000,408.61,416.27,406.45,411.64,84533.686612
1603584000000,411.64,417.0,402.12,405.04,94074.367605
1603670400000,404.9,410.61,382.0,392.54,149417.050738
1603756800000,392.45,409.71,389.13,402.73,150145.670516
1603843200000,402.72,409.0,380.0,387.91,175391.99841
1603929600000,387.97,393.06,380.68,386.77,117018.639326
1604016000000,386.63,391.42,373.0,381.32,136744.672449
1604102400000,381.46,393.2,379.36,384.71,123018.890045
1604188800000,384.71,395.4,382.2,393.98,81153.995111
1604275200000,394.1,402.05,374.11,380.07,156525.01828
1604361600000,380.06,387.69,367.17,385.59,165430.335081
1604448000000,385.6,407.0,374.3,400.83,153348.998095
1604534400000,400.84,418.78,395.6,415.22,218686.744801
1604620800000,415.24,457.78,413.49,455.49,269665.043401
1604707200000,455.49,467.97,425.0,436.44,251978.033883
1604793600000,436.45,461.25,433.6,454.98,126870.539275
1604880000000,454.97,459.5,434.46,444.49,145584.978553
1604966400000,444.41,455.74,439.02,448.88,133162.364897
1605052800000,448.87,475.0,447.81,462.31,167321.73331
1605139200000,462.31,467.94,446.92,460.65,147331.972576
1605225600000,460.65,475.0,455.56,473.34,147558.943821
1605312000000,473.33,474.6,447.25,457.42,120257.357301
1605398400000,457.42,459.39,436.1,444.18,107068.739102
1605484800000,444.22,463.1,442.01,457.3,114298.335054
1605571200000,457.25,481.99,456.56,479.47,149119.165321
1605657600000,479.47,492.5,453.17,474.27,239008.451293
1605744000000,474.39,478.0,461.33,469.71,129764.496603
1605830400000,469.78,514.24,469.2,509.54,233969.844465
1605916800000,509.51,551.0,501.0,550.07,226807.704054
1606003200000,550.26,581.07,510.0,559.47,231070.689547
1606089600000,559.58,611.86,549.77,607.8,281124.150708
1606176000000,607.66,622.1,587.41,604.68,232207.813005
1606262400000,604.65,605.36,554.2,568.05,202315.136517
1606348800000,567.83,574.98,481.51,519.67,598692.13365
1606435200000,519.74,530.39,493.92,518.44,202342.043748
1606521600000,518.62,547.79,506.82,537.67,171525.958017
1606608000000,537.49,576.71,530.23,576.13,169380.262652
1606694400000,576.13,616.66,571.01,616.66,297080.008568
1606780800000,616.63,636.0,560.56,585.21,404509.999344
1606867200000,585.25,604.8,574.88,596.95,178883.46539
1606953600000,596.92,623.83,586.0,616.01,159675.461361
1607040000000,615.96,620.2,565.0,567.52,191752.881192
1607126400000,567.36,597.21,561.0,596.93,119345.647932
1607212800000,596.98,607.52,582.56,601.79,123813.017311
1607299200000,601.89,603.35,584.39,591.15,103509.432438
1607385600000,591.31,595.14,550.0,554.98,164384.184162
1607472000000,554.95,578.0,530.12,572.98,209951.479076
1607558400000,573.17,575.39,548.41,558.93,119105.313604
1607644800000,559.03,560.49,535.22,544.29,140681.916085
1607731200000,544.44,573.8,543.16,568.15,84627.917978
1607817600000,568.08,595.32,563.28,590.95,100021.881096
1607904000000,590.73,591.58,575.71,586.3,71053.077903
1607990400000,586.44,597.47,580.0,588.71,81765.751748
1608076800000,588.74,639.0,581.0,637.48,197393.538426
1608163200000,637.39,676.56,626.54,642.76,344863.936329
1608249600000,642.95,665.65,629.68,653.76,168013.839149
1608336000000,654.16,670.36,645.76,658.14,139805.911022
1608422400000,658.06,661.29,621.0,638.14,138550.117178
1608508800000,638.01,648.18,595.05,607.95,204371.899603
1608595200000,607.82,637.8,588.01,636.67,145070.725751
1608681600000,636.6,638.79,547.25,585.35,255087.656006
1608768000000,585.36,615.25,565.51,612.67,175308.133835
1608854400000,612.37,634.47,604.61,627.02,165024.225813
1608940800000,626.99,653.98,616.0,637.59,200170.78482
1609027200000,637.59,717.56,626.0,685.2,404872.357235
1609113600000,684.98,748.08,681.6,730.5,272187.12312
1609200000000,730.49,740.49,689.0,732.43,183585.225304
1609286400000,732.49,758.6,716.75,751.97,150205.430062
1609372800000,752.03,755.93,721.19,736.4,130125.565951
1609459200000,736.34,749.25,715.0,729.26,106228.009162
1609545600000,729.14,787.41,714.58,774.36,131758.613861
1609632000000,774.32,1011.0,768.82,978.6,301695.853029
1609718400000,978.8,1167.99,885.0,1041.34,576857.53053
1609804800000,1041.36,1134.49,975.17,1099.82,383913.560853
1609891200000,1100.2,1213.0,1057.34,1208.42,386176.656404
1609977600000,1208.4,1288.8,1145.03,1224.78,293929.225738
1610064000000,1224.93,1273.87,1065.6,1217.1,500788.83978
1610150400000,1217.04,1302.36,1171.4,1275.99,234552.949898
1610236800000,1275.91,1349.03,1170.0,1254.0,368221.689572
1610323200000,1254.35,1259.65,915.0,1087.15,764622.821334
1610409600000,1086.97,1150.0,1007.29,1049.85,365289.374325
1610496000000,1050.56,1136.72,986.59,1129.51,293408.250057
1610582400000,1129.71,1248.25,1086.66,1231.89,303706.995547
1610668800000,1231.89,1256.37,1070.0,1168.24,410199.264116
1610755200000,1168.16,1293.39,1151.66,1227.64,293436.15616
1610841600000,1228.0,1269.15,1164.0,1232.16,239732.949262
1610928000000,1232.17,1260.9,1182.21,1258.47,197425.730806
1611014400000,1258.66,1438.0,1252.0,1365.97,410211.682293
1611100800000,1365.56,1408.24,1235.33,1377.04,361536.36403
1611187200000,1377.19,1388.99,1083.61,1111.62,438948.704896
1611273600000,1111.3,1273.63,1042.01,1232.54,394453.725974
1611360000000,1232.58,1272.82,1196.0,1233.53,237163.299157
1611446400000,1233.46,1398.0,1220.02,1392.2,241382.285072
1611532800000,1392.5,1475.41,1293.25,1318.44,335631.495772
1611619200000,1317.82,1378.15,1243.59,1366.42,390408.008942
1611705600000,1366.46,1373.45,1206.01,1238.99,347033.846213
1611792000000,1238.99,1360.0,1217.0,1329.23,204661.680322
1611878400000,1329.59,1437.75,1285.6,1377.75,355471.09189
1611964800000,1379.2,1406.12,1325.76,1378.37,176109.076539
1612051200000,1377.79,1380.17,1281.33,1312.96,138012.04046
1612137600000,1312.73,1377.35,1269.71,1374.46,161469.045438
1612224000000,1374.64,1547.95,1361.18,1512.22,240267.673926
1612310400000,1512.38,1669.3,1508.99,1664.51,158542.760999
1612396800000,1664.4,1695.0,1555.69,1595.41,240902.618686
1612483200000,1595.08,1762.0,1591.2,1719.37,175343.446178
1612569600000,1719.07,1743.89,1644.01,1676.43,128964.50024
1612656000000,1676.66,1692.18,1491.09,1612.27,204148.061029
1612742400000,1612.31,1776.04,1564.43,1750.41,220828.433227
1612828800000,1750.55,1820.84,1708.44,1769.53,151094.677399
1612915200000,1769.54,1839.67,1678.14,1741.71,152086.662284
1613001600000,1740.72,1818.19,1703.44,1785.89,115910.433353
1613088000000,1785.89,1864.0,1740.54,1840.31,133216.936672
1613174400000,1840.14,1871.29,1764.91,1815.01,99127.285198
1613260800000,1815.24,1850.0,1784.16,1800.5,91374.746061
1613347200000,1801.04,1835.81,1655.0,1779.3,179074.283652
1613433600000,1779.5,1828.71,1723.9,1781.79,140894.399137
1613520000000,1781.63,1854.27,1730.0,1849.63,106709.947274
1613606400000,1849.64,1950.0,1849.64,1937.28,114855.679875
1613692800000,1938.54,1971.42,1890.67,1955.72,105518.07177
1613779200000,1955.71,2041.0,1795.56,1912.15,170161.77765
1613865600000,1911.98,1975.0,1883.0,1933.43,91880.589055
1613952000000,1933.79,1936.89,1550.0,1776.9,269076.199132
1614038400000,1776.36,1781.62,1355.1,1577.12,491249.826984
1614124800000,1577.12,1712.25,1500.26,1624.03,211728.949722
1614211200000,1623.38,1671.17,1458.58,1482.43,154759.768756
1614297600000,1482.25,1561.92,1399.6,1444.82,253807.498858
1614384000000,1444.82,1528.78,1425.13,1457.94,125518.942278
1614470400000,1457.91,1468.53,1292.9,1419.2,261589.290088
1614556800000,1418.86,1572.02,1409.69,1569.94,158269.298236
1614643200000,1569.95,1603.3,1455.78,1487.4,161506.760649
1614729600000,1487.2,1656.52,1475.82,1568.03,161487.434579
1614816000000,1568.36,1625.05,1506.41,1539.29,154048.462634
1614902400000,1539.33,1548.62,1441.66,1528.38,163592.484639
1614988800000,1528.4,1671.08,1512.81,1650.38,149132.529676
1615075200000,1651.18,1734.0,1630.39,1726.59,124403.662446
1615161600000,1726.89,1842.48,1664.39,1832.72,184015.515217
1615248000000,1833.06,1870.93,1797.93,1870.93,115911.342994
1615334400000,1870.68,1877.45,1757.86,1795.16,147081.914967
1615420800000,1795.16,1845.76,1724.67,1826.12,126280.961782
1615507200000,1826.12,1841.89,1720.41,1767.41,112575.032213
1615593600000,1766.13,1945.4,1728.19,1921.43,112061.139136
1615680000000,1921.43,1932.77,1836.02,1849.06,69972.595458
1615766400000,1848.54,1891.91,1733.0,1792.99,169809.463561
1615852800000,1793.28,1820.02,1711.64,1804.95,101418.949587
1615939200000,1805.36,1838.58,1741.0,1823.58,89592.040566
1616025600000,1823.59,1851.0,1759.0,1775.77,66740.386246
1616112000000,1775.72,1840.09,1732.42,1809.18,74761.299473
1616198400000,1808.85,1869.62,1800.51,1805.81,59020.500898
1616284800000,1805.8,1816.78,1745.0,1783.5,84871.21942
1616371200000,1783.09,1807.84,1655.0,1680.71,94219.40456
1616457600000,1681.37,1720.85,1650.96,1667.96,78873.761214
1616544000000,1668.15,1740.63,1542.85,1582.39,115544.096289
1616630400000,1582.54,1622.01,1548.19,1586.26,127392.311879
1616716800000,1586.12,1699.59,1586.12,1698.58,67129.166071
1616803200000,1698.68,1732.76,1666.51,1713.25,52410.755635
1616889600000,1713.09,1726.18,1661.85,1687.2,45483.385614
1616976000000,1687.19,1840.0,1677.96,1816.59,88190.115026
1617062400000,1816.58,1859.0,1786.71,1840.35,64144.675142
1617148800000,1840.35,1947.0,1770.65,1919.16,114662.913614
1617235200000,1919.15,1984.9,1885.09,1968.36,102917.150653
1617321600000,1968.46,2145.16,1948.71,2134.18,108353.126093
1617408000000,2134.08,2138.86,2001.0,2008.79,105891.717181
1617494400000,2008.8,2091.83,1978.16,2076.0,61488.442598
1617580800000,2076.01,2131.09,2002.01,2107.16,94181.375744
1617667200000,2107.75,2152.14,2045.0,2111.16,98122.230345
1617753600000,2111.82,2128.86,1930.0,1963.66,148178.018487
1617840000000,1963.96,2084.52,1948.21,2080.55,75946.408176
1617926400000,2080.48,2102.01,2050.0,2066.71,69274.281736
1618012800000,2066.72,2199.0,2057.58,2133.48,101199.373641
1618099200000,2134.06,2165.0,2113.52,2151.18,59078.067619
1618185600000,2151.18,2200.0,2102.03,2137.88,88786.930442
1618272000000,2137.78,2316.54,2136.38,2299.8,126538.384416
1618358400000,2299.74,2446.85,2280.8,2432.82,151763.230686
1618444800000,2432.41,2542.85,2400.11,2513.36,120194.007565
1618531200000,2514.33,2546.13,2298.32,2422.52,163572.101354
1618617600000,2422.34,2495.02,2307.24,2316.77,105572.647737
1618704000000,2316.79,2338.98,1885.0,2235.25,364152.567692
1618790400000,2235.68,2277.59,2078.89,2160.66,172783.776986
1618876800000,2161.26,2346.61,2050.56,2330.28,228415.360453
1618963200000,2330.03,2468.92,2236.43,2357.21,207414.373345
1619049600000,2356.91,2644.0,2305.0,2397.61,403894.944652
1619136000000,2397.67,2442.8,2107.91,2367.78,459150.894089
1619222400000,2367.77,2369.25,2155.5,2213.01,195216.319025
1619308800000,2213.4,2355.56,2163.0,2320.01,198848.217232
1619395200000,2319.91,2542.64,2304.09,2532.65,190647.015958
1619481600000,2532.68,2681.63,2480.5,2666.33,116290.903136
1619568000000,2666.26,2759.4,2560.61,2746.54,175383.472557
1619654400000,2746.89,2797.75,2668.02,2757.21,135625.349856
1619740800000,2757.2,2799.0,2724.38,2772.34,94523.121679
1619827200000,2772.34,2954.14,2752.14,2945.46,98263.826211
1619913600000,2945.65,2984.12,2852.55,2948.66,77951.536907
1620000000000,2948.9,3454.99,2948.74,3429.19,182409.093901
1620086400000,3429.9,3527.74,3160.0,3238.82,302423.954592
1620172800000,3238.61,3548.41,3208.16,3523.35,183852.647237
1620259200000,3523.35,3605.6,3375.29,3488.33,135911.926682
1620345600000,3488.38,3585.21,3352.03,3479.73,117480.930944
1620432000000,3479.72,3958.45,3449.29,3908.82,130249.017383
1620518400000,3909.01,3983.0,3721.54,3924.07,137431.256841
1620604800000,3924.07,4206.65,3648.0,3945.89,222742.424187
1620691200000,3946.61,4179.76,3769.96,4173.36,140343.475789
1620777600000,4172.99,4371.96,3723.13,3825.99,230022.524389
1620864000000,3824.21,4033.24,3500.0,3718.33,336116.305153
1620950400000,3718.73,4169.57,3692.22,4075.68,186039.813271
1621036800000,4075.13,4133.47,3633.0,3646.87,187183.121861
1621123200000,3646.55,3880.0,3339.89,3581.26,233896.195381
1621209600000,3581.02,3586.31,3120.0,3282.2,299634.45183
1621296000000,3281.54,3561.98,3239.51,3374.61,197747.893574
1621382400000,3374.81,3441.11,1764.5,2438.45,1028378.02882
1621468800000,2441.69,2989.6,2166.0,2768.77,530745.530092
1621555200000,2767.99,2937.99,2101.1,2430.4,468583.950131
1621641600000,2430.44,2485.0,2152.66,2294.23,342544.109429
1621728000000,2294.56,2381.67,1728.58,2097.6,544368.447758
1621814400000,2097.22,2680.0,2079.24,2648.0,341862.891694
1621900800000,2648.44,2750.13,2380.0,2704.95,239182.254161
1621987200000,2704.92,2909.68,2642.92,2885.27,196557.2367
1622073600000,2885.44,2889.18,2633.0,2742.37,157117.463121
1622160000000,2742.27,2761.81,2328.0,2412.99,251593.323852
1622246400000,2412.56,2574.23,2206.46,2278.64,189167.889236
1622332800000,2278.84,2476.1,2180.0,2386.1,157934.368865
1622419200000,2385.83,2720.0,2272.68,2705.65,176198.992109
1622505600000,2705.99,2740.9,2523.73,2634.76,174078.059652
1622592000000,2634.77,2815.0,2551.01,2706.27,139391.188333
1622678400000,2706.7,2891.0,2663.0,2856.79,135116.85322
1622764800000,2856.94,2861.0,2550.0,2688.36,162540.8634
1622851200000,2688.75,2817.17,2555.0,2628.67,175077.693805
1622937600000,2628.67,2744.69,2614.76,2711.48,115383.724106
1623024000000,2712.05,2849.0,2571.42,2592.25,148510.109567
1623110400000,2592.0,2621.43,2305.78,2506.88,237032.27157
1623196800000,2506.7,2627.65,2405.11,2609.95,174560.542927
1623283200000,2610.4,2624.55,2426.53,2470.89,96337.375482
1623369600000,2471.12,2497.95,2321.0,2354.42,79689.180304
1623456000000,2354.22,2454.86,2256.0,2370.0,87627.479379
1623542400000,2370.0,2548.27,2308.18,2509.0,99425.481208
1623628800000,2508.99,2608.09,2461.34,2580.04,89737.776674
1623715200000,2581.37,2639.86,2508.89,2543.7,86870.876118
1623801600000,2543.83,2555.42,2351.5,2368.76,82205.797044
1623888000000,2368.76,2461.18,2306.28,2373.18,78588.583389
1623974400000,2373.39,2377.83,2138.0,2233.99,133838.509416
1624060800000,2233.99,2275.0,2161.57,2164.82,94526.008034
1624147200000,2164.83,2277.34,2041.5,2243.7,112180.126546
1624233600000,2243.69,2260.0,1865.2,1886.16,256846.088432
1624320000000,1885.96,1997.5,1700.0,1879.72,226635.044392
1624406400000,1879.29,2044.98,1822.0,1967.97,132153.470558
1624492800000,1968.01,2036.47,1884.0,1990.24,70459.506958
1624579200000,1989.96,2019.96,1791.16,1808.89,124876.121864
1624665600000,1808.89,1852.57,1717.17,1829.84,116762.50742
1624752000000,1829.83,1985.41,1806.01,1982.88,91758.586611
1624838400000,1982.84,2146.37,1961.27,2084.11,123687.710121
1624924800000,2084.21,2245.87,2074.01,2164.84,95384.458934
1625011200000,2165.0,2287.9,2088.58,2275.2,104231.939724
1625097600000,2275.2,2275.45,2074.03,2106.63,97907.699938
1625184000000,2106.61,2160.0,2018.0,2154.06,89185.601691
1625270400000,2154.13,2240.0,2112.77,2227.46,66558.111131
1625356800000,2227.46,2391.48,2189.42,2322.52,77182.353593
1625443200000,2322.59,2325.0,2157.43,2195.36,97133.943886
1625529600000,2196.51,2349.88,2192.3,2322.76,109454.911257
1625616000000,2322.67,2410.82,2293.55,2315.67,80938.099545
1625702400000,2316.53,2324.98,2084.4,2116.17,119302.358869
1625788800000,2115.63,2189.1,2047.0,2146.89,95506.759886
1625875200000,2146.68,2192.64,2073.54,2110.82,63397.971452
1625961600000,2110.77,2174.86,2081.07,2140.52,43373.560489
1626048000000,2141.49,2168.03,2006.0,2032.03,54624.499917
1626134400000,2031.75,2046.4,1917.12,1940.38,73211.166181
1626220800000,1940.87,2019.11,1862.7,1994.89,73377.225321
1626307200000,1993.94,2041.37,1880.0,1919.17,69843.270794
1626393600000,1919.63,1965.0,1848.35,1876.49,66314.30877
1626480000000,1876.38,1919.79,1843.85,1899.01,56331.000683
1626566400000,1899.02,1994.0,1877.22,1891.15,61420.890666
1626652800000,1891.4,1918.07,1803.68,1818.47,62151.972501
1626739200000,1818.99,1841.06,1718.29,1785.08,104873.032821
1626825600000,1786.8,2033.52,1751.52,1995.65,124861.656201
1626912000000,1995.79,2046.52,1947.34,2024.46,85569.766152
1626998400000,2024.68,2130.89,1995.77,2124.97,71041.930992
1627084800000,2124.11,2198.56,2105.58,2184.13,62657.226603
1627171200000,2184.85,2197.0,2106.66,2190.59,59096.520749
1627257600000,2189.91,2431.7,2171.73,2228.46,196936.873437
1627344000000,2228.12,2319.0,2151.63,2299.58,99963.722488
1627430400000,2299.57,2346.18,2242.68,2299.92,81748.074224
1627516800000,2300.36,2411.21,2266.0,2383.04,62881.94962
1627603200000,2383.04,2471.78,2316.44,2462.2,91736.315354
1627689600000,2462.19,2553.43,2421.0,2531.13,69393.076237
1627776000000,2531.3,2698.0,2512.0,2554.6,103102.943724
1627862400000,2555.2,2665.88,2507.53,2607.09,87055.294986
1627948800000,2607.09,2631.99,2442.35,2508.66,107405.313326
1628035200000,2508.65,2772.18,2458.57,2725.01,113168.979069
1628121600000,2725.0,2844.56,2526.35,2827.35,171770.341834
1628208000000,2827.34,2947.25,2720.03,2891.21,91298.345186
1628294400000,2891.2,3172.45,2865.0,3160.39,125115.348177
1628380800000,3160.7,3190.0,2948.62,3011.22,96464.415613
1628467200000,3011.34,3186.3,2892.29,3161.49,112838.250501
1628553600000,3161.04,3234.56,3048.8,3140.89,79778.003917
1628640000000,3140.89,3274.76,3120.0,3160.02,78248.958597
1628726400000,3160.02,3239.9,2980.12,3046.32,79870.655564
1628812800000,3046.5,3329.13,3034.52,3323.2,72346.760754
1628899200000,3323.25,3336.5,3204.6,3263.62,51056.722648
1628985600000,3263.71,3321.0,3110.0,3308.82,75343.650618
1629072000000,3308.35,3337.0,3133.28,3146.49,74929.987234
1629158400000,3146.49,3290.89,2992.0,3012.2,115051.996721
1629244800000,3012.38,3125.23,2950.27,3014.3,83742.931826
1629331200000,3015.23,3189.31,2959.01,3184.35,61020.562787
1629417600000,3184.96,3301.69,3177.96,3284.98,55903.224542
1629504000000,3285.38,3309.16,3206.5,3223.73,42789.626206
1629590400000,3223.6,3273.0,3124.69,3239.03,49316.167092
1629676800000,3239.03,3377.0,3231.3,3321.09,73930.760068
1629763200000,3320.82,3358.0,3146.38,3170.77,75118.246343
1629849600000,3170.77,3248.33,3076.3,3227.46,76056.428787
1629936000000,3226.87,3250.0,3044.76,3092.2,69134.618498
1630022400000,3092.2,3280.83,3061.22,3273.23,63137.625554
1630108800000,3273.93,3286.0,3210.85,3244.83,25900.703008
1630195200000,3244.8,3287.0,3151.5,3223.63,53253.180228
1630281600000,3223.64,3347.09,3142.74,3228.35,88242.353591
1630368000000,3228.34,3473.41,3188.17,3430.22,138270.657097
1630454400000,3430.22,3843.27,3382.06,3829.11,117021.843552
1630540800000,3829.11,3837.99,3721.48,3785.61,49422.1138
1630627200000,3786.0,4029.74,3709.03,3937.93,94324.883042
1630713600000,3938.47,3969.98,3832.66,3885.54,42837.385202
1630800000000,3886.52,3982.87,3832.47,3950.04,41544.148706
1630886400000,3949.9,3971.37,3865.0,3926.0,45789.820673
1630972800000,3925.91,3946.19,2991.64,3434.06,292536.351167
1631059200000,3434.06,3560.0,3215.73,3498.72,149755.877395
1631145600000,3498.72,3567.71,3390.0,3425.13,84255.87834
1631232000000,3425.17,3514.73,3145.01,3209.18,103338.716042
1631318400000,3208.9,3347.4,3200.0,3266.78,47546.094322
1631404800000,3266.77,3473.53,3231.0,3404.12,57163.463326
1631491200000,3404.12,3430.75,3110.32,3284.16,148160.430149
1631577600000,3284.16,3437.98,3269.38,3434.79,56828.468309
1631664000000,3434.42,3620.0,3357.75,3614.0,69705.464262
1631750400000,3614.0,3677.17,3481.25,3568.0,79563.95157
1631836800000,3568.0,3595.3,3349.01,3398.86,62191.953206
1631923200000,3400.0,3541.7,3368.62,3435.2,41580.94656
1632009600000,3434.91,3457.91,3277.29,3328.06,51407.499849
1632096000000,3328.73,3346.13,2912.78,2977.47,196317.917023
1632182400000,2977.1,3105.99,2646.33,2765.63,207163.539007
1632268800000,2765.62,3089.0,2737.13,3077.41,116680.745174
1632355200000,3077.41,3173.17,3033.95,3152.84,76456.908017
1632441600000,3152.84,3158.64,2732.85,2927.87,212503.771028
1632528000000,2927.88,2966.8,2800.0,2922.17,104490.9058
1632614400000,2922.49,3121.37,2738.16,3059.42,132369.877029
1632700800000,3059.43,3164.48,2923.0,2924.57,77300.139994
1632787200000,2924.67,2970.39,2787.63,2804.87,82612.784851
1632873600000,2804.88,2949.4,2782.13,2849.99,67425.697667
1632960000000,2849.87,3049.88,2837.62,3000.28,83186.843169
1633046400000,3000.28,3330.0,2968.61,3309.54,105800.109887
1633132800000,3309.87,3470.73,3258.0,3386.6,63868.708005
1633219200000,3387.88,3487.88,3341.31,3418.36,73914.557118
1633305600000,3418.05,3438.5,3275.37,3384.14,110025.673701
1633392000000,3385.85,3546.0,3364.21,3514.83,91739.334357
1633478400000,3515.97,3631.69,3341.23,3574.46,99397.49334
1633564800000,3574.97,3654.99,3465.89,3587.7,78851.74683
1633651200000,3587.69,3670.0,3531.91,3563.65,62247.532435
1633737600000,3563.82,3635.0,3538.08,3575.73,34211.762728
1633824000000,3575.35,3605.0,3400.1,3413.85,75897.972289
1633910400000,3413.66,3623.33,3370.01,3542.01,78273.478271
1633996800000,3541.51,3549.3,3401.78,3492.21,76380.249365
1634083200000,3492.21,3615.08,3412.42,3607.4,64107.240233
1634169600000,3607.52,3825.0,3588.75,3791.41,77085.190399
1634256000000,3790.56,3907.71,3732.46,3869.69,81251.954405
1634342400000,3869.93,3971.35,3800.0,3830.36,57174.866075
1634428800000,3830.35,3919.99,3628.85,3847.91,72184.946834
1634515200000,3847.91,3894.36,3675.43,3744.78,76086.979245
1634601600000,3744.78,3887.0,3732.15,3878.26,61544.148148
1634688000000,3878.38,4169.56,3826.47,4161.31,75602.945452
1634774400000,4161.22,4375.0,4010.0,4053.64,111028.130577
1634860800000,4053.58,4167.37,3889.94,3972.5,63819.053138
1634947200000,3971.95,4172.9,3936.47,4167.49,47013.191469
1635033600000,4167.33,4186.88,3958.76,4082.12,55731.708696
1635120000000,4082.12,4236.94,4069.41,4220.47,53600.694155
1635206400000,4221.0,4297.24,4090.87,4129.1,52003.78987
1635292800000,4129.11,4319.66,3906.62,3920.62,129499.360874
1635379200000,3920.63,4295.0,3886.13,4285.92,99506.748727
1635465600000,4286.38,4460.0,4266.51,4418.57,82149.326158
1635552000000,4418.57,4434.18,4229.95,4323.11,45499.978207
1635638400000,4322.44,4394.03,4162.33,4286.53,128241.191605
1635724800000,4286.79,4382.1,4141.47,4318.6,86715.071181
1635811200000,4318.6,4600.0,4284.54,4590.0,65888.547522
1635897600000,4590.46,4668.0,4454.0,4603.45,62950.337627
1635984000000,4603.46,4605.98,4419.0,4532.75,47792.371473
1636070400000,4532.75,4570.84,4442.0,4473.78,38490.08073
1636156800000,4473.77,4531.34,4324.54,4519.04,55215.744537
1636243200000,4519.07,4636.39,4503.27,4613.54,33465.304656
1636329600000,4613.79,4824.21,4612.6,4809.63,61114.016551
1636416000000,4809.63,4838.87,4713.89,4732.41,134907.983662
1636502400000,4732.41,4871.42,4460.0,4629.0,103727.788197
1636588800000,4629.0,4780.72,4578.0,4719.17,39893.347583
1636675200000,4719.18,4809.0,4507.0,4666.14,74668.593912
1636761600000,4665.92,4707.87,4584.0,4644.63,35909.373017
1636848000000,4644.63,4696.71,4515.42,4627.61,40545.750003
1636934400000,4627.62,4770.0,4540.82,4564.0,59994.170135
1637020800000,4563.68,4563.68,4099.88,4207.4,142973.023491
1637107200000,4207.54,4299.32,4063.43,4288.1,69897.860896
1637193600000,4288.1,4343.72,3958.82,3996.78,82995.483637
1637280000000,3997.86,4308.33,3974.08,4293.99,64684.569197
1637366400000,4294.57,4435.08,4200.39,4413.0,53469.696283
1637452800000,4413.0,4426.56,4242.47,4257.12,57569.411159
1637539200000,4257.86,4320.99,4021.6,4086.02,97155.380294
1637625600000,4086.03,4386.0,4059.46,4339.29,86025.72677
1637712000000,4339.29,4374.0,4167.5,4269.55,72068.217561
1637798400000,4269.36,4553.82,4249.04,4525.12,74322.890128
1637884800000,4525.42,4552.42,3909.89,4041.73,154533.422409
1637971200000,4041.73,4183.0,4028.02,4096.13,55843.50203
1638057600000,4095.6,4299.0,3962.69,4295.58,72834.945539
1638144000000,4295.58,4458.95,4278.0,4444.76,65960.290143
1638230400000,4444.51,4754.0,4347.44,4627.5,143003.942985
1638316800000,4629.55,4778.79,4525.89,4583.88,91032.77729
1638403200000,4583.46,4634.69,4433.23,4513.25,80003.471384
1638489600000,4512.54,4655.66,4015.12,4215.58,140161.152511
1638576000000,4215.27,4238.0,3356.56,4116.72,258710.169582
1638662400000,4117.4,4249.49,4031.74,4196.96,106203.085325
1638748800000,4197.56,4375.83,3921.65,4347.1,153503.323082
1638835200000,4347.01,4424.65,4256.75,4306.78,84608.825366
1638921600000,4306.79,4450.0,4225.15,4437.57,92298.588968
1639008000000,4437.57,4489.31,4076.47,4104.45,106054.709048
1639094400000,4104.4,4232.83,3887.74,3898.47,123127.219424
1639180800000,3897.92,4096.32,3834.19,4089.99,83235.492471
1639267200000,4090.0,4173.52,3987.0,4130.63,55437.245585
1639353600000,4130.02,4143.34,3671.0,3782.16,127275.547129
1639440000000,3781.91,3881.02,3685.0,3859.9,90022.612342
1639526400000,3859.9,4096.36,3641.66,4020.02,133578.331421
1639612800000,4020.22,4113.39,3954.4,3958.8,75792.188804
1639699200000,3958.89,3994.05,3696.67,3874.65,111171.672421
1639785600000,3874.64,3998.0,3765.53,3959.41,71999.151268
1639872000000,3959.42,4039.01,3884.8,3923.92,76286.667452
1639958400000,3923.92,3981.8,3753.64,3944.43,93765.23839
1640044800000,3945.0,4061.31,3913.64,4015.55,72226.028269
1640131200000,4015.55,4074.82,3931.15,3978.84,53373.756846
1640217600000,3978.6,4152.12,3890.81,4112.22,87375.678592
1640304000000,4112.23,4134.68,4018.01,4046.92,61369.990306
1640390400000,4046.99,4138.3,4019.14,4094.31,45583.78524
1640476800000,4094.98,4104.54,4004.99,4062.58,38155.135354
1640563200000,4063.12,4127.12,4031.15,4037.63,43505.956555
1640649600000,4037.15,4037.15,3759.12,3792.59,107810.801406
1640736000000,3792.59,3826.64,3603.0,3629.68,85047.91303
1640822400000,3629.67,3768.0,3583.42,3709.39,55025.005451
1640908800000,3709.22,3814.65,3623.0,3676.49,67427.053944
1640995200000,3676.75,3776.52,3673.8,3765.62,36756.844352
1641081600000,3765.62,3858.42,3716.9,3828.49,34783.485666
1641168000000,3828.01,3851.65,3679.62,3764.88,59748.312263
1641254400000,3764.88,3900.01,3713.09,3785.3,70688.090715
1641340800000,3785.29,3847.31,3410.0,3539.83,99324.524014
1641427200000,3539.78,3550.69,3298.76,3406.24,96361.435722
1641513600000,3406.24,3415.72,3056.25,3197.31,213442.432211
1641600000000,3197.7,3246.66,3000.0,3080.61,93079.39987
1641686400000,3080.18,3210.65,3058.52,3152.06,79964.923522
1641772800000,3152.05,3180.94,2933.0,3082.33,183063.849781
1641859200000,3082.33,3264.0,3052.48,3238.86,135920.891955
1641945600000,3238.88,3412.81,3206.0,3371.34,137510.434619
1642032000000,3371.33,3411.73,3233.13,3241.78,99766.068584
1642118400000,3241.33,3342.29,3190.94,3307.87,99799.053135
1642204800000,3307.97,3371.76,3261.84,3326.33,52209.235533
1642291200000,3326.49,3393.25,3273.33,3346.94,50366.125192
1642377600000,3347.17,3356.99,3140.15,3209.45,80667.024305
1642464000000,3209.45,3244.45,3083.18,3160.23,92161.276887
1642550400000,3160.24,3174.96,3047.16,3084.42,112979.003349
1642636800000,3084.42,3271.88,2987.07,3001.68,111002.990772
1642723200000,3001.68,3033.29,2456.98,2568.8,324212.353984
1642809600000,2568.03,2625.38,2298.94,2411.42,391300.892698
1642896000000,2411.42,2550.0,2371.0,2539.84,165179.31471
1642982400000,2539.84,2540.12,2158.2,2439.75,462148.654267
1643068800000,2438.7,2510.0,2350.18,2457.85,170617.117755
1643155200000,2457.85,2721.7,2402.4,2462.93,310988.420043
1643241600000,2462.92,2520.44,2316.0,2424.69,186731.467241
1643328000000,2424.86,2559.11,2358.37,2545.0,146478.801382
1643414400000,2545.0,2637.0,2519.84,2600.93,109986.892585
1643500800000,2601.35,2640.0,2541.76,2602.18,98698.067896
1643587200000,2601.87,2707.0,2476.19,2686.6,126907.658269
1643673600000,2686.72,2813.93,2674.0,2788.5,107631.762318
1643760000000,2788.2,2811.22,2613.83,2679.8,111082.437679
1643846400000,2680.0,2724.8,2576.08,2696.15,109451.247562
1643932800000,2695.83,2995.17,2671.42,2994.97,186358.356268
1644019200000,2994.53,3060.0,2958.83,3013.46,85376.308373
1644105600000,3013.45,3074.65,2952.0,3055.39,55941.948621
1644192000000,3055.4,3186.0,2992.85,3139.2,119509.970422
1644278400000,3139.21,3232.2,3025.5,3116.0,154112.933341
1644364800000,3116.0,3270.0,3054.82,3243.45,92097.600318
1644451200000,3243.46,3283.16,3056.01,3072.2,165265.379317
1644537600000,3072.32,3138.62,2879.95,2927.41,127726.49971
1644624000000,2927.4,2985.0,2858.4,2919.36,80466.706939
1644710400000,2919.36,2953.0,2835.17,2871.09,59795.771043
1644796800000,2871.1,2965.0,2830.0,2929.8,93720.528631
1644883200000,2929.81,3197.4,2913.01,3184.55,92841.455254
1644969600000,3184.54,3186.34,3042.34,3122.26,75502.890156
1645056000000,3122.26,3159.7,2852.0,2891.77,159895.676411
1645142400000,2891.78,2943.0,2752.84,2779.6,120715.086284
1645228800000,2779.6,2831.0,2694.21,2763.2,65978.560654
1645315200000,2763.21,2764.91,2577.0,2621.99,105556.873535
1645401600000,2621.99,2758.87,2559.2,2568.6,188341.796509
1645488000000,2568.6,2666.0,2500.0,2636.77,167149.698212
1645574400000,2636.92,2752.88,2577.0,2579.81,105170.249187
1645660800000,2579.81,2741.06,2302.0,2596.99,386046.912919
1645747200000,2597.0,2835.4,2572.69,2767.64,143327.380651
1645833600000,2767.65,2878.76,2727.99,2779.0,126090.552547
1645920000000,2779.2,2836.49,2557.8,2616.7,154560.344337
1646006400000,2616.7,2953.16,2569.2,2921.6,162607.52177
1646092800000,2921.6,3034.63,2853.94,2975.26,173175.835623
1646179200000,2975.25,3044.6,2913.8,2947.8,116182.435317
1646265600000,2947.8,2970.4,2782.7,2833.4,88393.822455
1646352000000,2833.67,2836.0,2575.0,2622.03,150487.514537
1646438400000,2622.1,2685.0,2589.41,2664.93,43653.64263
1646524800000,2664.93,2675.38,2533.6,2550.67,68630.864541
1646611200000,2550.68,2649.0,2444.78,2491.41,143407.65161
1646697600000,2491.41,2624.33,2480.84,2576.42,109557.198395
1646784000000,2576.58,2773.95,2568.0,2727.6,114654.674962
1646870400000,2727.59,2733.69,2550.3,2606.4,119924.481505
1646956800000,2606.4,2676.81,2522.22,2557.16,85935.972433
1647043200000,2557.07,2614.52,2553.71,2568.78,26527.096153
1647129600000,2568.77,2602.6,2492.19,2514.8,46114.138381
1647216000000,2514.99,2609.96,2498.89,2589.81,64456.621878
1647302400000,2589.99,2668.53,2506.55,2618.16,88988.075462
1647388800000,2618.06,2788.0,2603.61,2773.73,166637.909428
1647475200000,2773.78,2836.89,2747.21,2812.18,78266.329804
1647561600000,2812.09,2984.46,2765.41,2938.57,105792.176934
1647648000000,2938.56,2985.95,2892.57,2950.53,57785.373462
1647734400000,2950.54,2964.0,2818.66,2861.24,78516.367039
1647820800000,2861.23,2959.77,2831.39,2889.79,82363.845181
1647907200000,2889.77,3053.0,2886.67,2969.51,96760.20729
1647993600000,2969.51,3046.0,2920.52,3036.04,80003.957835
1648080000000,3036.04,3129.27,3002.0,3111.29,85136.073997
1648166400000,3110.94,3193.68,3077.0,3103.07,84310.29823
1648252800000,3103.06,3152.0,3085.15,3145.01,28677.657286
1648339200000,3145.0,3299.38,3126.46,3296.13,62405.619747
1648425600000,3296.09,3429.83,3274.39,3333.24,107662.461627
1648512000000,3333.24,3481.0,3330.23,3401.01,90574.743693
1648598400000,3401.01,3446.92,3333.0,3385.86,73336.201018
1648684800000,3385.86,3444.61,3262.0,3281.78,94914.064004
1648771200000,3281.79,3481.4,3211.01,3455.04,89622.7103
1648857600000,3455.05,3530.0,3432.59,3443.35,78626.929996
1648944000000,3443.36,3579.78,3409.99,3521.89,53825.73085
1649030400000,3522.0,3547.16,3407.33,3519.29,63906.955159
1649116800000,3519.29,3554.99,3396.0,3406.01,54652.207385
1649203200000,3406.17,3407.04,3162.46,3168.72,137627.440671
1649289600000,3168.72,3268.67,3143.01,3227.13,75654.982175
1649376000000,3227.13,3314.77,3174.0,3192.54,76154.223334
1649462400000,3192.13,3268.62,3181.87,3257.99,32822.647063
1649548800000,3258.0,3307.39,3191.66,3202.0,45955.350047
1649635200000,3202.0,3213.33,2949.0,2980.08,136654.92279
1649721600000,2980.07,3084.26,2950.44,3028.04,129929.455694
1649808000000,3027.68,3129.0,2998.33,3117.63,85667.746714
1649894400000,3117.63,3144.9,2975.13,3021.45,90763.380093
1649980800000,3021.45,3062.0,2993.69,3040.01,36973.179625
1650067200000,3040.28,3086.45,3010.15,3059.13,28629.297567
1650153600000,3059.19,3081.99,2982.48,2987.31,38254.709064
1650240000000,2987.3,3069.1,2882.28,3055.3,96079.698273
1650326400000,3055.3,3131.09,3029.86,3101.59,50635.051923
1650412800000,3101.7,3168.68,3036.74,3076.63,68023.80295
1650499200000,3076.18,3180.0,2940.16,2983.13,74398.154623
1650585600000,2983.13,3035.48,2934.0,2962.67,58465.700726
1650672000000,2962.62,2978.26,2915.01,2932.75,25756.136941
1650758400000,2932.76,2967.23,2912.51,2921.46,40553.293156
1650844800000,2921.46,3026.49,2794.01,3006.85,107186.892714
1650931200000,3006.85,3038.0,2765.4,2809.35,81430.738489
1651017600000,2809.35,2919.98,2793.4,2889.2,56190.662415
1651104000000,2889.32,2980.55,2854.69,2936.85,68263.981074
1651190400000,2936.8,2947.33,2776.62,2817.0,59931.243359
1651276800000,2816.73,2842.29,2713.42,2726.53,46337.294228
1651363200000,2726.59,2848.51,2715.87,2825.54,47789.284966
1651449600000,2824.89,2882.49,2778.61,2856.52,56742.705192
1651536000000,2856.52,2861.2,2755.16,2781.17,36160.116891
1651622400000,2782.02,2966.32,2771.94,2940.57,104040.527088
1651708800000,2940.57,2954.66,2688.0,2747.53,124126.192771
1651795200000,2747.53,2757.98,2632.6,2693.18,121173.4382
1651881600000,2693.18,2705.0,2587.13,2636.53,66234.086843
1651968000000,2636.54,2642.96,2482.33,2519.4,156057.398088
1652054400000,2520.08,2531.24,2224.0,2229.53,389973.685876
1652140800000,2228.76,2456.77,2200.0,2341.62,281032.461769
1652227200000,2342.21,2452.61,2005.0,2085.14,480407.157523
1652313600000,2085.21,2194.65,1791.85,1960.11,488715.136508
1652400000000,1960.1,2148.0,1940.61,2009.76,174648.511827
1652486400000,2009.76,2070.0,1951.82,2055.89,78921.28484
1652572800000,2055.71,2167.59,2000.87,2145.6,62565.821065
1652659200000,2145.59,2145.59,1978.0,2023.56,115678.438276
1652745600000,2023.65,2122.2,2008.47,2091.04,107415.919237
1652832000000,2091.05,2110.88,1908.0,1915.22,130898.860895
1652918400000,1915.11,2040.0,1903.15,2019.31,112419.306106
1653004800000,2019.49,2064.49,1923.0,1959.23,107599.070392
1653091200000,1959.04,1991.12,1937.2,1974.89,42614.627685
1653177600000,1974.9,2056.93,1966.5,2043.05,63750.24656
1653264000000,2043.04,2088.51,1957.0,1973.4,93331.452345
1653350400000,1973.47,1993.56,1912.77,1979.5,76628.852548
1653436800000,1979.5,2022.0,1934.0,1942.91,90964.434175
1653523200000,1942.9,1965.68,1732.73,1791.95,244355.408243
1653609600000,1791.86,1821.87,1704.43,1727.43,228357.497357
1653696000000,1727.35,1809.0,1722.25,1792.22,81384.20698
1653782400000,1792.22,1827.23,1761.77,1813.59,69364.509325
1653868800000,1813.62,2012.97,1803.34,1998.8,158026.075181
1653955200000,1998.8,2016.0,1924.75,1941.86,110922.754485
1654041600000,1941.86,1972.79,1761.56,1818.02,142721.061657
1654128000000,1818.02,1853.0,1782.34,1834.46,92629.441089
1654214400000,1834.47,1844.0,1736.16,1775.2,87119.768382
1654300800000,1775.2,1815.79,1748.5,1804.1,32090.013415
1654387200000,1804.4,1830.26,1773.0,1806.07,36550.507912
1654473600000,1806.14,1920.74,1804.0,1859.96,101307.114704
1654560000000,1859.97,1875.56,1725.8,1813.04,170665.858672
1654646400000,1813.24,1840.0,1765.21,1791.56,91957.689419
1654732800000,1791.57,1832.87,1777.35,1788.63,48402.148353
1654819200000,1788.64,1804.53,1655.55,1662.89,156333.737959
1654905600000,1662.89,1681.84,1500.0,1532.96,223472.61482
1654992000000,1533.05,1547.57,1424.19,1435.3,221444.223563
1655078400000,1435.19,1455.55,1164.4,1209.51,848814.770738
1655164800000,1209.82,1269.21,1075.02,1208.89,692524.967046
1655251200000,1208.89,1250.0,1012.17,1237.76,893564.115955
1655337600000,1237.69,1257.78,1052.0,1068.42,285271.169419
1655424000000,1068.43,1118.0,1051.13,1086.59,188253.220211
1655510400000,1086.62,1097.65,881.0,995.2,406620.303658
1655596800000,995.06,1159.0,936.1,1128.17,489339.875383
1655683200000,1128.06,1170.57,1052.56,1128.51,289396.201105
1655769600000,1128.5,1193.74,1109.21,1126.1,273990.907137
1655856000000,1125.98,1127.4,1043.34,1050.12,237029.489605
1655942400000,1050.12,1154.19,1045.0,1144.41,210107.810495
1656028800000,1144.27,1245.95,1131.0,1224.85,363510.239735
1656115200000,1225.0,1257.0,1180.09,1241.98,242469.438313
1656201600000,1241.94,1280.0,1195.0,1198.02,228401.072014
1656288000000,1198.02,1239.32,1173.01,1192.31,210207.737024
1656374400000,1192.31,1239.85,1136.01,1144.19,295519.300477
1656460800000,1144.11,1157.32,1087.0,1100.04,351817.886431
1656547200000,1100.08,1106.8,997.51,1071.44,395803.970047
1656633600000,1071.43,1117.83,1033.33,1059.53,384116.590187
1656720000000,1059.53,1079.11,1028.17,1066.95,159418.841354
1656806400000,1066.93,1088.06,1040.49,1074.12,125749.737421
1656892800000,1074.12,1161.0,1045.0,1150.94,227418.934836
1656979200000,1151.01,1175.0,1076.85,1132.67,264326.359737
1657065600000,1132.59,1205.0,1111.51,1186.49,239052.590092
1657152000000,1186.48,1253.99,1162.36,1237.25,171136.619776
1657238400000,1237.25,1276.8,1193.33,1214.17,230258.156313
1657324800000,1213.85,1234.76,1204.39,1217.0,103991.497207
1657411200000,1217.02,1220.05,1152.12,1168.42,144096.713831
1657497600000,1168.32,1171.2,1091.07,1096.46,140421.419057
1657584000000,1096.31,1098.44,1033.25,1038.63,161880.794782
1657670400000,1038.52,1119.55,1006.0,1114.9,304708.273297
1657756800000,1114.93,1214.58,1071.53,1193.45,234614.699258
1657843200000,1193.39,1289.67,1180.56,1231.32,257279.5912
1657929600000,1231.32,1434.0,1191.43,1355.93,306662.631492
1658016000000,1355.87,1387.53,1317.7,1338.28,222519.460409
1658102400000,1338.27,1598.0,1335.54,1581.02,496350.704697
1658188800000,1581.22,1632.55,1492.35,1542.44,493099.332316
1658275200000,1542.29,1621.0,1484.51,1521.91,382394.404171
1658361600000,1521.96,1606.46,1463.2,1575.48,280817.19897
1658448000000,1575.49,1646.66,1516.7,1535.36,258222.347051
1658534400000,1535.23,1596.67,1488.0,1548.77,209859.507311
1658620800000,1548.81,1664.7,1545.74,1597.72,266021.998086
1658707200000,1597.92,1609.23,1434.46,1440.93,312706.278098
1658793600000,1440.62,1454.0,1355.81,1448.43,268909.065047
1658880000000,1448.92,1644.87,1420.72,1636.07,355504.595036
1658966400000,1636.08,1784.2,1590.53,1724.53,347915.59158
1659052800000,1724.54,1765.34,1656.5,1721.47,265420.521278
1659139200000,1721.51,1744.34,1673.53,1696.99,164740.868297
1659225600000,1697.0,1754.55,1666.87,1678.5,178768.484281
1659312000000,1678.52,1704.35,1606.25,1630.03,167588.052772
1659398400000,1630.04,1677.79,1558.94,1630.5,237169.055078
1659484800000,1630.67,1684.77,1589.29,1618.59,149560.263992
1659571200000,1618.59,1663.0,1580.7,1607.79,141970.659528
1659657600000,1607.94,1743.0,1605.08,1736.52,221463.977469
1659744000000,1736.48,1750.0,1685.55,1690.52,163480.572581
1659830400000,1690.51,1729.54,1668.18,1700.11,104208.267482
1659916800000,1700.12,1818.88,1694.21,1777.17,206827.849168
1660003200000,1777.07,1791.0,1668.58,1703.25,144198.864088
1660089600000,1702.81,1886.0,1656.39,1853.7,276119.719906
1660176000000,1853.67,1978.38,1850.55,1880.19,284131.341209
1660262400000,1880.2,1964.95,1851.19,1958.43,142519.722002
1660348800000,1958.49,2019.3,1946.28,1983.58,141739.075942
1660435200000,1983.58,2030.49,1906.66,1935.28,122165.032814
1660521600000,1935.45,2013.95,1872.68,1898.86,159539.695125
1660608000000,1898.77,1914.9,1852.55,1876.76,133187.754545
1660694400000,1876.77,1957.23,1819.15,1833.92,221506.240742
1660780800000,1834.1,1882.05,1822.0,1846.25,135539.024161
1660867200000,1846.25,1848.16,1603.0,1608.83,347494.385842
1660953600000,1608.9,1657.08,1523.29,1575.73,198881.61023
1661040000000,1575.73,1647.0,1562.39,1618.12,165495.936466
1661126400000,1618.13,1629.28,1530.09,1624.75,199690.392301
1661212800000,1624.76,1677.73,1563.6,1665.47,179527.141711
1661299200000,1665.48,1693.8,1605.5,1656.65,148423.485095
1661385600000,1656.66,1723.0,1654.0,1695.01,115459.022022
1661472000000,1695.01,1705.88,1486.6,1508.35,338532.300364
1661558400000,1508.2,1518.69,1447.0,1490.92,200940.212204
1661644800000,1491.16,1511.67,1423.9,1426.78,137632.354522
1661731200000,1426.74,1559.94,1422.33,1552.0,182967.574193
1661817600000,1551.98,1607.0,1473.67,1524.2,252831.308672
1661904000000,1524.34,1619.8,1524.17,1554.36,248818.180232
1661990400000,1554.21,1599.29,1513.2,1585.92,181301.010353
1662076800000,1586.06,1648.88,1546.65,1575.35,185992.225101
1662163200000,1575.35,1582.42,1534.44,1557.32,76811.550145
1662249600000,1557.33,1583.85,1540.59,1579.37,64186.818899
1662336000000,1579.37,1632.15,1557.63,1617.42,99982.975212
1662422400000,1617.43,1686.86,1553.0,1558.86,245022.26983
1662508800000,1558.86,1658.0,1485.51,1629.77,228296.808224
1662595200000,1629.5,1664.78,1595.05,1635.19,172950.542402
1662681600000,1635.35,1747.27,1630.58,1718.29,189109.270429
1662768000000,1718.28,1789.31,1706.53,1773.8,83421.616092
1662854400000,1773.79,1789.36,1721.0,1766.33,70921.127556
1662940800000,1766.26,1783.4,1693.23,1716.7,144753.156965
1663027200000,1716.69,1760.78,1560.24,1574.55,252075.495878
1663113600000,1574.54,1647.25,1552.62,1639.54,140509.950573
1663200000000,1639.54,1655.28,1453.12,1472.43,401760.88188
1663286400000,1472.62,1482.85,1405.22,1434.2,176998.860711
1663372800000,1433.97,1476.19,1409.14,1468.53,90163.377204
1663459200000,1468.53,1469.82,1322.62,1334.46,172727.251341
1663545600000,1334.46,1393.24,1280.0,1375.78,212063.319707
1663632000000,1375.72,1384.67,1312.63,1323.02,140303.479897
1663718400000,1323.02,1413.51,1218.73,1245.52,323044.838857
1663804800000,1245.51,1348.88,1237.12,1326.32,201632.631624
1663891200000,1326.32,1359.96,1261.6,1327.0,185098.76513
1663977600000,1327.01,1349.24,1306.61,1317.02,89758.427041
1664064000000,1317.02,1337.38,1268.97,1294.77,77286.647954
1664150400000,1294.61,1340.33,1278.34,1336.24,161432.830097
1664236800000,1336.18,1400.23,1303.58,1328.14,169631.536856
1664323200000,1328.1,1355.67,1252.39,1337.14,190279.295726
1664409600000,1337.06,1352.21,1288.21,1335.57,123406.712315
1664496000000,1335.58,1373.66,1314.05,1328.84,165399.941138
1664582400000,1328.84,1333.76,1302.93,1311.82,52525.360718
1664668800000,1311.82,1317.8,1268.42,1276.55,91370.529218
1664755200000,1276.7,1329.71,1262.68,1322.91,84406.895191
1664841600000,1323.06,1369.92,1318.67,1361.36,98253.342328
1664928000000,1361.37,1364.84,1316.28,1352.72,75552.708832
1665014400000,1352.52,1383.73,1345.0,1352.1,108018.512992
1665100800000,1352.11,1361.48,1317.25,1330.98,86554.478803
1665187200000,1330.99,1337.53,1303.63,1315.41,41544.296265
1665273600000,1315.45,1329.37,1307.38,1323.22,41698.548065
1665360000000,1323.22,1338.0,1287.0,1289.92,76567.026604
1665446400000,1289.92,1298.0,1266.6,1280.05,98635.105746
1665532800000,1280.12,1306.63,1275.05,1294.6,53388.475051
1665619200000,1294.49,1301.0,1184.36,1286.89,239181.961437
1665705600000,1286.92,1343.17,1283.3,1296.47,116128.333476
1665792000000,1296.29,1301.74,1263.44,1274.99,51385.662971
1665878400000,1274.99,1315.38,1274.62,1305.89,42513.901562
1665964800000,1305.89,1338.78,1295.36,1331.52,75787.067107
1666051200000,1331.52,1341.89,1286.93,1310.75,79449.648125
1666137600000,1310.68,1313.51,1280.0,1285.2,60979.843298
1666224000000,1285.2,1311.0,1270.23,1282.85,69603.372679
1666310400000,1282.84,1307.0,1252.06,1299.63,79561.187376
1666396800000,1299.64,1320.0,1294.29,1313.72,37142.965025
1666483200000,1313.72,1371.57,1299.85,1364.09,79207.788167
1666569600000,1364.1,1370.61,1323.79,1343.7,99932.73795
1666656000000,1343.67,1546.0,1334.9,1459.84,339286.608172
1666742400000,1459.84,1595.23,1457.5,1565.97,311855.461639
1666828800000,1566.11,1580.0,1502.76,1514.0,248690.662134
1666915200000,1513.99,1576.38,1478.16,1554.49,202290.089202
1667001600000,1554.48,1664.61,1547.61,1619.68,247553.836585
1667088000000,1619.75,1639.99,1576.29,1590.48,127006.251674
1667174400000,1590.49,1635.41,1545.34,1572.89,205714.265895
1667260800000,1572.89,1614.45,1563.31,1578.5,127569.892663
1667347200000,1578.5,1621.0,1502.22,1518.56,250837.561569
1667433600000,1518.55,1558.69,1515.18,1531.0,124004.010028
1667520000000,1531.01,1678.0,1528.46,1644.79,214418.913574
1667606400000,1644.8,1667.0,1621.54,1626.92,68930.685324
1667692800000,1627.05,1639.03,1562.35,1568.3,81650.804997
1667779200000,1568.3,1608.44,1546.3,1567.9,109826.921021
1667865600000,1568.06,1579.13,1206.0,1334.38,707563.856696
1667952000000,1334.35,1337.16,1071.9,1102.8,539002.673763
1668038400000,1102.79,1350.0,1085.79,1299.31,451568.454647
1668124800000,1299.31,1309.99,1201.0,1288.51,304098.711123
1668211200000,1288.68,1292.18,1238.74,1257.54,130578.11343
1668297600000,1257.54,1274.39,1200.0,1221.91,118374.869888
1668384000000,1221.78,1290.73,1171.16,1243.5,227366.542436
1668470400000,1243.49,1289.99,1234.17,1253.49,152970.384267
1668556800000,1253.44,1268.55,1186.62,1216.5,142298.888753
1668643200000,1216.56,1228.91,1181.81,1200.72,112307.600839
1668729600000,1200.73,1234.23,1199.07,1212.68,86006.804861
1668816000000,1212.69,1233.59,1198.0,1217.75,46921.473221
1668902400000,1217.75,1226.46,1132.87,1142.64,159480.411767
1668988800000,1142.55,1147.63,1080.0,1107.3,221865.308023
1669075200000,1107.91,1142.45,1073.35,1139.33,139648.321173
1669161600000,1139.68,1190.1,1127.56,1184.43,149992.067172
1669248000000,1184.44,1217.12,1180.25,1203.89,101696.006122
1669334400000,1203.89,1209.26,1170.0,1198.98,87974.848894
1669420800000,1198.98,1235.0,1196.1,1205.78,79105.900479
1669507200000,1205.73,1223.21,1188.27,1194.22,62341.778278
1669593600000,1193.87,1199.46,1151.08,1168.03,98247.241655
1669680000000,1168.04,1228.0,1158.0,1216.62,115661.509224
1669766400000,1216.63,1315.0,1212.33,1294.83,162607.775238
1669852800000,1294.85,1300.0,1263.03,1276.51,93784.82866
1669939200000,1276.47,1297.41,1265.4,1295.3,81604.766789
1670025600000,1295.3,1312.4,1236.19,1240.51,81716.07823
1670112000000,1240.78,1287.0,1240.41,1279.49,67151.135279
1670198400000,1279.52,1305.45,1246.9,1259.64,111465.372283
1670284800000,1259.68,1274.86,1241.31,1271.44,60144.261302
1670371200000,1271.41,1278.44,1217.35,1231.28,114026.807176
1670457600000,1231.21,1294.0,1222.09,1280.31,114244.278962
1670544000000,1280.31,1298.0,1255.79,1263.01,93858.805701
1670630400000,1262.95,1283.92,1259.35,1266.69,36352.104749
1670716800000,1266.7,1284.98,1255.72,1263.37,37429.439877
1670803200000,1263.28,1279.0,1240.2,1275.47,75374.627138
1670889600000,1275.47,1356.0,1254.97,1321.16,194526.594693
1670976000000,1321.17,1353.33,1301.0,1308.24,152204.375479
1671062400000,1308.12,1311.67,1259.57,1266.88,126657.59257
1671148800000,1266.91,1279.92,1155.71,1166.93,241566.88358
1671235200000,1166.83,1190.0,1162.03,1186.93,71423.164179
1671321600000,1186.93,1194.6,1175.01,1182.89,19615.271103
1671408000000,1182.9,1194.76,1150.29,1167.9,83305.370499
1671494400000,1167.88,1231.72,1163.29,1217.04,119032.445012
1671580800000,1216.93,1223.56,1203.49,1213.82,56204.139387
1671667200000,1213.8,1238.69,1183.06,1217.86,108692.807338
1671753600000,1217.86,1232.49,1212.0,1220.13,74416.788458
1671840000000,1220.14,1227.99,1214.74,1220.75,32200.479111
1671926400000,1220.75,1225.99,1190.0,1218.54,80342.119034
1672012800000,1218.55,1231.38,1211.23,1227.99,34593.246339
1672099200000,1228.13,1233.62,1201.0,1211.75,66836.192487
1672185600000,1211.75,1215.99,1180.6,1190.37,102674.581334
1672272000000,1190.32,1207.1,1187.14,1200.7,65754.888091
1672358400000,1200.61,1202.27,1181.57,1200.06,59232.521445
1672444800000,1200.02,1208.87,1191.7,1196.32,36183.982069
1672531200000,1196.39,1204.7,1191.27,1200.43,26631.663177
1672617600000,1200.27,1224.64,1192.9,1214.0,75316.112867
1672704000000,1214.0,1220.0,1204.98,1214.51,37567.055613
1672790400000,1214.51,1273.55,1212.73,1256.73,175177.683886
1672876800000,1256.74,1259.98,1243.0,1251.34,58564.62865
1672963200000,1251.41,1276.99,1235.08,1269.04,106294.068062
1673049600000,1269.05,1271.08,1261.31,1264.04,28293.020448
1673136000000,1264.08,1297.17,1257.8,1290.09,69904.098276
1673222400000,1290.0,1344.61,1284.63,1320.43,196757.728677
1673308800000,1320.4,1347.18,1317.0,1335.37,106713.474595
1673395200000,1335.38,1405.0,1321.0,1389.66,140048.876683
1673481600000,1389.52,1438.98,1356.25,1415.77,309380.132472
1673568000000,1415.76,1464.88,1400.73,1450.99,118822.956701
1673654400000,1451.0,1640.68,1449.38,1549.66,332284.811278
1673740800000,1549.43,1567.3,1516.11,1552.32,99280.310148
1673827200000,1552.52,1607.29,1521.24,1576.44,141801.182577
1673913600000,1576.64,1609.7,1538.64,1565.19,122910.052973
1674000000000,1565.35,1609.37,1497.92,1511.26,232270.152087
1674086400000,1511.28,1564.57,1509.48,1551.18,95223.62799
1674172800000,1551.19,1674.34,1541.92,1658.24,160495.197943
1674259200000,1658.24,1680.0,1612.33,1626.75,172813.739668
1674345600000,1626.99,1664.71,1602.97,1627.45,119135.816316
1674432000000,1627.5,1648.44,1583.85,1626.25,115288.650226
1674518400000,1626.41,1641.58,1525.52,1556.06,153279.228988
1674604800000,1555.96,1640.02,1512.8,1611.28,197075.385781
1674691200000,1611.7,1632.96,1576.71,1600.99,133933.838392
1674777600000,1601.03,1621.59,1552.19,1597.43,119652.690201
1674864000000,1597.39,1606.37,1555.19,1572.34,57542.622486
1674950400000,1572.33,1662.41,1566.41,1644.72,144095.33098
1675036800000,1644.69,1647.37,1530.01,1566.02,174345.944876
1675123200000,1566.1,1606.0,1561.77,1585.23,89904.098091
1675209600000,1585.24,1648.0,1555.0,1641.59,129460.737007
1675296000000,1641.75,1717.77,1626.0,1642.92,187459.80992
1675382400000,1643.34,1676.06,1625.77,1663.51,136445.17056
1675468800000,1663.51,1695.0,1645.3,1666.5,78418.756244
1675555200000,1666.49,1673.96,1608.45,1629.21,122398.259513
1675641600000,1629.21,1658.65,1604.8,1614.59,93939.049935
1675728000000,1614.37,1678.28,1613.17,1670.62,117589.995272
1675814400000,1670.61,1697.99,1630.89,1650.46,108804.230823
1675900800000,1650.44,1656.03,1520.49,1545.33,208940.712253
1675987200000,1545.34,1554.86,1486.24,1513.18,163812.080195
1676073600000,1513.19,1544.27,1504.55,1538.93,59413.47243
1676160000000,1538.67,1548.0,1493.0,1515.21,65689.569423
1676246400000,1515.2,1526.44,1461.0,1505.4,180867.246437
1676332800000,1505.56,1568.82,1478.0,1555.61,192354.489592
1676419200000,1555.61,1683.18,1542.17,1674.91,207777.855213
1676505600000,1674.91,1742.47,1633.93,1637.83,208941.445578
1676592000000,1637.95,1722.02,1630.95,1693.67,135270.977235
1676678400000,1693.68,1714.05,1679.02,1691.55,52409.133053
1676764800000,1691.55,1727.0,1666.26,1680.13,83453.83445
1676851200000,1680.28,1719.54,1650.66,1703.43,85637.773803
1676937600000,1703.39,1716.55,1635.01,1659.2,102589.389005
1677024000000,1659.52,1667.13,1593.71,1643.2,133173.170205
1677110400000,1643.06,1678.63,1628.78,1650.33,102809.078653
1677196800000,1650.29,1664.34,1573.7,1607.73,142787.72062
1677283200000,1607.73,1609.0,1557.04,1594.73,68791.420004
1677369600000,1594.6,1652.0,1587.95,1641.47,59366.577517
1677456000000,1641.26,1665.07,1607.48,1633.59,88938.353238
1677542400000,1633.47,1649.51,1596.8,1605.37,68043.415292
1677628800000,1605.5,1671.28,1593.45,1664.96,97848.794194
1677715200000,1664.96,1677.85,1618.3,1647.98,97777.122521
1677801600000,1647.99,1649.08,1520.01,1569.29,209525.939541
1677888000000,1569.3,1577.33,1549.38,1566.81,46971.063485
1677974400000,1566.82,1588.93,1553.22,1564.49,57413.97433
1678060800000,1564.67,1583.36,1554.68,1565.79,57882.03687
1678147200000,1565.78,1584.21,1532.56,1562.57,103809.802541
1678233600000,1561.97,1570.64,1520.97,1532.66,90062.377907
1678320000000,1532.56,1546.39,1406.3,1437.53,182737.146158
1678406400000,1437.41,1438.33,1368.0,1426.56,327888.890138
1678492800000,1426.56,1477.77,1407.83,1471.67,398008.975014
1678579200000,1471.67,1595.0,1448.71,1579.71,221044.776206
1678665600000,1579.71,1698.0,1565.18,1674.26,319361.926914
1678752000000,1673.94,1778.39,1655.86,1699.4,318853.873992
1678838400000,1699.38,1717.0,1610.9,1650.05,230952.612925
1678924800000,1650.06,1692.67,1632.12,1673.54,143294.192345
1679011200000,1673.55,1800.0,1662.51,1789.66,185672.64779
1679097600000,1789.65,1843.14,1746.46,1758.8,171907.933732
1679184000000,1758.81,1841.0,1758.12,1781.08,125835.530382
1679270400000,1781.12,1803.29,1723.33,1732.52,158033.011443
1679356800000,1732.5,1835.58,1717.59,1801.53,146644.739882
1679443200000,1801.28,1819.5,1710.59,1734.31,192948.473076
1679529600000,1734.4,1857.92,1729.27,1813.59,199306.877832
1679616000000,1813.63,1818.65,1720.0,1749.9,207853.392653
1679702400000,1749.93,1763.37,1713.6,1742.25,63668.801194
1679788800000,1741.99,1802.0,1739.38,1774.09,112820.718837
1679875200000,1773.83,1780.39,1686.28,1715.08,141879.011719
1679961600000,1715.41,1795.92,1701.35,1772.61,107215.394714
1680048000000,1773.01,1827.5,1772.4,1793.18,118301.42557
1680134400000,1792.96,1829.78,1762.9,1793.53,157626.216015
1680220800000,1793.49,1846.75,1780.0,1821.71,127462.760745
1680307200000,1821.68,1842.84,1808.05,1820.78,52845.065303
1680393600000,1820.77,1824.99,1772.02,1794.57,62989.785821
1680480000000,1794.57,1840.0,1763.05,1810.29,121068.123492
1680566400000,1810.14,1892.27,1802.17,1870.34,182272.019041
1680652800000,1870.42,1945.94,1864.54,1908.48,145570.148103
1680739200000,1908.48,1909.68,1854.17,1872.6,84788.324087
1680825600000,1872.6,1882.69,1840.38,1864.01,67287.896536
1680912000000,1864.02,1880.18,1847.08,1848.85,52382.415501
1680998400000,1848.85,1873.32,1822.5,1858.74,85217.375515
1681084800000,1858.77,1919.0,1846.84,1910.12,93290.720196
1681171200000,1910.13,1937.64,1881.41,1889.87,84420.569427
1681257600000,1889.91,1932.44,1851.27,1917.6,143483.96182
1681344000000,1917.61,2023.0,1899.75,2011.69,165770.2687
1681430400000,2011.81,2157.51,2008.78,2099.25,235340.189082
1681516800000,2099.39,2111.54,2069.05,2090.64,60642.657669
1681603200000,2090.65,2144.67,2072.33,2118.81,71996.821266
1681689600000,2118.72,2120.24,2056.68,2074.61,91564.566915
1681776000000,2074.62,2124.66,2050.52,2103.64,78517.551246
1681862400000,2103.85,2104.58,1917.94,1934.18,278380.509776
1681948800000,1934.14,1983.49,1913.0,1942.65,150287.199233
1682035200000,1942.66,1956.79,1823.99,1848.93,214548.257429
1682121600000,1848.94,1887.75,1841.42,1873.94,79997.478095
1682208000000,1873.95,1882.68,1836.64,1861.98,59757.061396
1682294400000,1861.98,1889.99,1805.45,1842.09,136234.214323
1682380800000,1842.23,1877.0,1800.18,1866.19,104701.930012
1682467200000,1866.19,1965.0,1783.28,1865.93,339363.307442
1682553600000,1866.22,1939.88,1860.94,1908.4,192699.969469
1682640000000,1908.41,1923.62,1875.0,1890.91,68084.578138
1682726400000,1890.91,1917.66,1883.0,1907.81,36937.551741
1682812800000,1907.8,1939.42,1865.51,1869.67,67590.983679
1682899200000,1869.93,1886.5,1806.5,1830.43,147129.639955
1682985600000,1830.79,1880.0,1822.88,1869.75,118182.931668
1683072000000,1869.76,1916.58,1842.78,1905.0,89840.433127
1683158400000,1905.0,1918.43,1866.66,1877.36,55954.733806
1683244800000,1877.36,2014.34,1875.95,1993.19,149062.087407
1683331200000,1993.18,2019.0,1852.08,1896.16,184163.996383
1683417600000,1896.18,1933.2,1866.34,1869.99,124111.296796
1683504000000,1870.0,1883.83,1810.76,1847.28,167366.645833
1683590400000,1847.28,1861.83,1830.73,1846.73,64680.425094
1683676800000,1846.77,1887.56,1786.01,1841.1,229568.804871
1683763200000,1841.1,1841.7,1770.11,1794.38,126335.480772
1683849600000,1794.45,1816.76,1737.06,1807.37,137857.026357
1683936000000,1807.37,1816.62,1785.26,1795.2,48672.561207
1684022400000,1795.22,1824.27,1790.01,1799.15,61608.105472
1684108800000,1799.08,1847.94,1784.6,1816.21,104189.244358
1684195200000,1816.09,1832.73,1796.45,1824.3,65234.525828
1684281600000,1824.31,1837.37,1783.0,1822.29,81114.408587
1684368000000,1822.31,1832.0,1771.11,1800.75,76495.49616
1684454400000,1800.75,1829.84,1796.93,1812.4,49196.06267
1684540800000,1812.44,1828.8,1807.04,1819.46,22711.899487
1684627200000,1819.32,1829.28,1797.76,1805.0,34693.356965
1684713600000,1805.01,1828.0,1792.0,1817.43,49358.65098
1684800000000,1817.45,1879.78,1815.06,1854.16,107490.408001
1684886400000,1854.16,1854.36,1775.16,1800.01,100723.868932
1684972800000,1800.0,1819.0,1758.94,1805.44,79485.512675
1685059200000,1805.44,1838.0,1796.57,1827.39,59449.105754
1685145600000,1827.38,1836.11,1812.32,1829.7,23778.693575
1685232000000,1829.7,1934.34,1823.15,1909.29,93522.332712
1685318400000,1909.16,1928.13,1873.68,1892.64,64458.421071
1685404800000,1892.64,1916.78,1881.28,1901.05,40958.496964
1685491200000,1901.06,1907.49,1845.35,1873.51,83086.209488
1685577600000,1873.52,1890.0,1838.0,1861.6,64468.814434
1685664000000,1861.55,1911.16,1847.24,1906.34,66614.53503
1685750400000,1906.35,1907.56,1881.46,1892.1,32091.943064
1685836800000,1892.02,1914.3,1883.94,1889.76,33945.666955
1685923200000,1889.65,1890.68,1773.84,1810.31,171127.37835
1686009600000,1810.41,1898.8,1797.21,1883.96,109269.521694
1686096000000,1884.01,1897.43,1821.0,1832.12,90691.87715
1686182400000,1832.12,1861.31,1828.23,1845.89,37042.952637
1686268800000,1845.79,1855.34,1826.27,1840.75,51837.067602
1686355200000,1840.76,1845.51,1713.71,1751.59,206814.83972
1686441600000,1751.59,1778.31,1738.81,1752.82,48319.314142
1686528000000,1752.82,1759.09,1720.03,1742.58,72389.035114
1686614400000,1742.75,1767.23,1724.55,1740.27,93160.050432
1686700800000,1740.27,1750.0,1621.86,1651.08,157624.058182
1686787200000,1651.07,1681.0,1626.67,1666.5,137244.776353
1686873600000,1666.49,1729.46,1650.0,1717.7,102844.125643
1686960000000,1717.7,1777.0,1714.04,1727.67,121882.629021
1687046400000,1727.67,1748.0,1712.69,1721.14,45264.357251
1687132800000,1721.2,1752.44,1700.0,1736.93,63984.473795
1687219200000,1736.93,1797.5,1714.78,1791.94,98923.247838
1687305600000,1791.94,1902.36,1787.27,1889.26,198373.798313
1687392000000,1889.07,1933.31,1866.45,1871.99,99234.297262
1687478400000,1871.99,1937.15,1861.5,1892.68,116066.739405
1687564800000,1892.68,1906.66,1864.36,1874.91,55257.761033
1687651200000,1875.04,1930.0,1868.66,1898.85,89512.601468
1687737600000,1898.87,1909.0,1836.59,1858.84,122965.875755
1687824000000,1858.82,1912.23,1855.23,1889.61,84656.674293
1687910400000,1889.61,1890.2,1816.15,1828.14,102086.227783
1687996800000,1828.14,1880.37,1828.01,1852.4,67434.928436
1688083200000,1852.4,1946.86,1823.7,1933.6,255434.59617
1688169600000,1933.69,1944.62,1910.0,1924.3,56809.194366
1688256000000,1924.31,1963.95,1884.59,1937.61,107358.233312
1688342400000,1937.61,1976.6,1933.71,1955.54,102828.792379
1688428800000,1955.55,1967.18,1931.26,1935.96,64707.028885
1688515200000,1935.97,1942.26,1893.37,1910.28,65408.445936
1688601600000,1910.44,1957.85,1846.07,1846.07,141675.225752
1688688000000,1846.31,1877.93,1825.2,1871.0,73697.609286
1688774400000,1871.0,1873.22,1842.58,1865.23,32607.163801
1688860800000,1865.23,1879.45,1856.44,1862.71,37561.762707
1688947200000,1862.71,1905.44,1846.76,1880.4,73547.713416
1689033600000,1880.4,1892.0,1862.5,1878.31,55552.073574
1689120000000,1878.31,1901.57,1864.39,1871.91,73422.366979
1689206400000,1871.91,2013.99,1863.0,2004.29,214514.351493
1689292800000,2004.29,2029.07,1897.38,1937.5,149646.802627
1689379200000,1937.58,1946.2,1926.0,1931.0,41863.425685
1689465600000,1931.0,1943.2,1913.47,1922.24,46693.605786
1689552000000,1922.24,1936.02,1873.21,1911.17,84583.361651
1689638400000,1911.18,1917.19,1875.43,1897.46,68588.892063
1689724800000,1897.47,1923.42,1882.35,1888.51,62596.898352
1689811200000,1888.51,1928.82,1878.04,1891.59,78141.792374
1689897600000,1891.62,1905.8,1884.98,1891.76,36208.709565
1689984000000,1891.75,1897.25,1846.88,1866.12,61724.652226
1690070400000,1866.12,1905.25,1858.18,1888.7,46653.653703
1690156800000,1888.61,1891.0,1831.1,1849.84,71720.652664
1690243200000,1849.84,1868.58,1845.52,1857.75,28306.942374
1690329600000,1857.75,1887.74,1848.5,1872.03,65668.870499
1690416000000,1872.03,1886.0,1855.2,1861.45,50903.206601
1690502400000,1861.45,1883.76,1856.8,1874.0,28695.164668
1690588800000,1874.0,1886.6,1869.68,1880.39,14096.214634
1690675200000,1880.4,1885.0,1849.0,1861.88,39532.724842
1690761600000,1861.9,1877.48,1851.4,1856.63,35751.682882
1690848000000,1856.64,1875.93,1810.0,1873.58,110917.878594
1690934400000,1873.57,1879.44,1820.0,1840.04,73544.974403
1691020800000,1840.03,1859.3,1826.25,1836.04,42532.776971
1691107200000,1836.05,1851.21,1815.14,1830.2,47991.531333
1691193600000,1830.21,1839.0,1827.82,1836.51,18229.447622
1691280000000,1836.51,1838.49,1826.15,1830.46,22622.255808
1691366400000,1830.47,1847.17,1802.3,1829.29,76337.182524
1691452800000,1829.29,1876.57,1826.33,1856.14,68222.78047
1691539200000,1856.14,1871.59,1846.27,1855.42,38719.3095
1691625600000,1855.42,1865.84,1846.05,1852.49,26319.427221
1691712000000,1852.49,1857.68,1838.43,1848.2,30247.446584
1691798400000,1848.2,1853.75,1846.39,1850.0,15969.71311
1691884800000,1850.0,1861.85,1835.0,1840.91,26896.47715
1691971200000,1840.9,1856.59,1835.17,1845.8,32649.790391
1692057600000,1845.8,1847.45,1813.24,1829.14,51828.766846
1692144000000,1829.2,1832.0,1797.54,1807.79,63832.891061
1692230400000,1807.79,1810.1,1470.53,1680.97,394466.347709
1692316800000,1680.97,1698.4,1638.26,1661.78,160208.116945
1692403200000,1661.8,1697.97,1655.0,1670.17,110367.919741
1692489600000,1670.17,1694.56,1662.2,1685.2,49097.202145
1692576000000,1685.2,1688.62,1648.76,1667.75,56237.484905
1692662400000,1667.75,1669.4,1576.69,1635.21,114999.524288
1692748800000,1635.21,1703.0,1629.78,1679.29,123192.589803
1692835200000,1679.29,1683.33,1635.0,1661.18,57137.702163
1692921600000,1661.18,1677.98,1635.62,1653.99,68617.255934
1693008000000,1654.0,1655.55,1644.27,1647.24,14563.749304
1693094400000,1647.24,1660.16,1646.4,1658.34,16085.054233
1693180800000,1658.34,1664.32,1618.91,1653.23,66469.067207
1693267200000,1653.24,1746.68,1640.34,1729.46,191076.028835
1693353600000,1729.04,1730.92,1694.83,1705.5,52216.921484
1693440000000,1705.5,1729.64,1628.68,1645.81,126378.844695
1693526400000,1646.0,1654.52,1602.07,1629.11,87476.571079
1693612800000,1629.12,1645.21,1628.01,1637.34,31072.699519
1693699200000,1637.35,1648.45,1625.23,1635.93,35597.253444
1693785600000,1635.99,1644.83,1616.32,1630.68,46891.296962
1693872000000,1630.67,1648.11,1609.92,1634.47,54428.742486
1693958400000,1634.48,1672.19,1608.75,1632.93,81843.893071
1694044800000,1632.92,1660.55,1623.73,1648.12,74868.03263
1694131200000,1648.11,1659.09,1616.58,1636.52,71695.485948
1694217600000,1636.53,1637.54,1630.09,1636.01,14997.16789
1694304000000,1636.02,1636.02,1592.6,1617.24,70447.847399
1694390400000,1617.24,1618.95,1531.0,1552.0,154348.254281
1694476800000,1552.0,1626.51,1549.8,1592.96,121319.448594
1694563200000,1593.18,1619.0,1581.58,1607.63,75595.684836
1694649600000,1607.64,1644.47,1607.0,1626.48,73424.570052
1694736000000,1626.48,1654.2,1611.21,1641.36,62450.06011
1694822400000,1641.37,1652.27,1631.26,1634.3,30304.970906
1694908800000,1634.3,1635.21,1611.6,1622.64,42204.347619
1694995200000,1622.64,1669.0,1601.65,1637.0,95140.034313
1695081600000,1636.91,1661.04,1626.58,1643.3,57180.141657
1695168000000,1643.3,1649.53,1604.24,1622.0,88085.974159
1695254400000,1621.98,1625.37,1567.44,1583.97,95590.733408
1695340800000,1583.98,1602.68,1576.58,1593.09,34143.924518
1695427200000,1593.09,1598.0,1587.72,1593.79,14549.141857
1695513600000,1593.79,1601.4,1569.57,1580.46,34817.730557
1695600000000,1580.65,1597.78,1562.98,1588.16,62496.051326
1695686400000,1588.17,1599.29,1580.23,1593.75,36643.190044
1695772800000,1593.75,1634.37,1583.19,1598.55,89309.123904
1695859200000,1598.56,1668.49,1598.05,1652.82,146234.136674
1695945600000,1652.83,1688.0,1648.46,1667.47,112137.55225
1696032000000,1667.47,1694.42,1663.88,1670.88,43085.324258
1696118400000,1670.88,1785.0,1668.13,1733.67,87292.707482
1696204800000,1733.68,1744.67,1632.8,1662.58,137703.599611
1696291200000,1662.59,1670.3,1643.19,1656.91,38416.802239
1696377600000,1656.91,1657.88,1618.0,1646.98,60951.421166
1696464000000,1646.72,1655.21,1605.8,1611.78,70138.658649
1696550400000,1611.82,1662.99,1611.7,1645.21,59222.292385
1696636800000,1645.21,1648.11,1630.0,1634.11,22663.190905
1696723200000,1634.11,1641.61,1616.42,1632.78,33253.567365
1696809600000,1632.79,1636.27,1544.14,1579.75,191578.103279
1696896000000,1579.75,1594.73,1549.25,1567.76,111868.633272
1696982400000,1567.76,1578.56,1543.2,1566.99,85367.052634
1697068800000,1567.0,1568.8,1518.32,1539.75,103903.569862
1697155200000,1539.76,1576.37,1537.64,1552.26,64744.047386
1697241600000,1552.23,1562.47,1544.54,1554.73,23021.70384
1697328000000,1554.74,1566.88,1548.05,1557.56,28454.903351
1697414400000,1557.56,1644.46,1555.2,1599.67,202277.995429
1697500800000,1599.68,1600.57,1550.1,1564.62,60310.956479
1697587200000,1564.63,1585.88,1555.98,1563.35,61367.008551
1697673600000,1563.35,1574.76,1541.33,1566.7,64808.19264
1697760000000,1566.7,1630.77,1561.26,1604.0,95362.159937
1697846400000,1604.0,1644.59,1592.14,1628.8,51114.131261
1697932800000,1628.81,1668.0,1621.0,1663.58,77647.602002
1698019200000,1663.58,1804.44,1657.16,1765.63,261142.989469
1698105600000,1765.66,1854.73,1756.28,1785.16,263572.410847
1698192000000,1785.16,1819.2,1759.75,1787.11,130700.256523
1698278400000,1787.12,1868.0,1761.0,1803.38,195206.056862
1698364800000,1803.38,1803.88,1741.27,1779.46,111405.160651
1698451200000,1779.46,1803.22,1769.31,1776.11,50072.376376
1698537600000,1776.26,1812.23,1762.49,1795.1,58776.356437
1698624000000,1795.17,1831.32,1778.0,1808.95,111595.259017
1698710400000,1808.95,1819.47,1781.15,1814.9,97345.922229
1698796800000,1814.48,1858.71,1783.15,1846.66,165007.796317
1698883200000,1846.73,1874.3,1784.21,1800.82,148141.433881
1698969600000,1800.83,1834.34,1776.47,1832.45,122170.110425
1699056000000,1832.61,1870.0,1823.9,1855.6,88002.304294
1699142400000,1855.61,1913.98,1846.35,1892.16,166643.108484
1699228800000,1891.71,1914.6,1869.0,1900.98,152390.602556
1699315200000,1900.98,1906.99,1850.2,1885.29,144723.452064
1699401600000,1885.29,1904.68,1872.76,1888.47,91174.274124
1699488000000,1888.39,2131.41,1882.28,2121.01,498888.967528
1699574400000,2121.1,2136.68,2065.24,2077.96,215572.476177
1699660800000,2077.96,2089.8,2026.66,2053.17,146212.834047
1699747200000,2053.18,2066.8,2011.4,2044.71,86000.816616
1699833600000,2044.71,2117.85,2028.41,2053.7,224401.960516
1699920000000,2053.7,2064.65,1912.5,1979.4,210365.367992
1700006400000,1979.45,2062.48,1967.05,2058.62,186524.146846
1700092800000,2058.63,2091.0,1938.42,1961.86,234323.716479
1700179200000,1961.86,1991.36,1904.78,1960.61,190953.521313
1700265600000,1960.62,1971.05,1916.62,1962.58,137008.857139
1700352000000,1962.59,2015.31,1943.21,2011.44,108310.489028
1700438400000,2011.46,2066.99,1986.31,2021.42,219936.711233
1700524800000,2021.41,2034.93,1930.0,1933.26,268739.982623
1700611200000,1932.83,2092.14,1928.74,2063.26,260246.391853
1700697600000,2063.26,2088.74,2038.11,2062.04,125927.46158
1700784000000,2062.26,2134.3,2058.89,2080.83,223361.187718
1700870400000,2080.86,2090.44,2065.68,2082.99,61369.644738
1700956800000,2083.0,2094.59,2036.24,2062.47,143926.321837
1701043200000,2062.48,2071.22,1985.72,2027.58,182252.017152
1701129600000,2027.59,2075.15,1995.26,2048.24,132729.531215
1701216000000,2048.25,2076.54,2018.64,2028.81,92526.814216
1701302400000,2028.8,2054.77,2020.6,2052.03,75630.657544
1701388800000,2052.04,2111.6,2045.0,2087.41,184140.557371
1701475200000,2087.41,2195.55,2086.0,2164.81,145887.758252
1701561600000,2164.85,2220.0,2150.0,2193.2,123912.42374
1701648000000,2193.2,2275.6,2191.41,2243.17,265221.428331
1701734400000,2243.18,2309.75,2187.98,2293.39,257524.182172
1701820800000,2293.52,2312.0,2219.0,2232.62,161676.83617
1701907200000,2233.04,2383.0,2222.0,2355.55,177542.355981
1701993600000,2355.55,2392.68,2335.75,2358.93,138886.387559
1702080000000,2358.94,2402.56,2329.0,2340.87,108623.272182
1702166400000,2340.87,2377.49,2322.08,2352.27,61830.945545
1702252800000,2352.4,2355.04,2121.01,2224.82,302049.51882
1702339200000,2224.9,2244.11,2165.0,2203.38,146604.271801
1702425600000,2203.39,2284.6,2145.27,2259.69,179759.669243
1702512000000,2259.7,2332.0,2226.66,2315.18,196607.649285
1702598400000,2315.19,2317.71,2192.0,2220.64,146313.860254
1702684800000,2220.79,2263.33,2210.2,2228.95,70598.844394
1702771200000,2228.94,2248.93,2190.52,2196.59,78726.142934
1702857600000,2196.41,2224.0,2115.54,2219.36,153282.962517
1702944000000,2219.36,2254.89,2136.0,2178.05,154108.182012
1703030400000,2178.06,2266.0,2156.54,2202.44,194338.187308
1703116800000,2202.44,2279.5,2183.25,2239.54,169065.483369
1703203200000,2239.72,2342.66,2230.38,2324.92,221101.93641
1703289600000,2324.92,2330.39,2264.89,2308.12,89535.933646
1703376000000,2307.82,2325.85,2241.2,2263.82,106093.622881
1703462400000,2263.83,2304.94,2252.61,2271.01,80607.069717
1703548800000,2271.01,2274.93,2178.74,2230.67,160141.863337
1703635200000,2230.68,2392.94,2212.01,2378.35,196149.907273
1703721600000,2378.36,2445.8,2335.27,2344.17,223327.621465
1703808000000,2344.18,2385.27,2255.01,2299.15,213180.875673
1703894400000,2299.14,2322.69,2267.72,2291.65,97952.848813
1703980800000,2291.73,2321.39,2256.01,2282.13,90254.807218
1704067200000,2282.2,2352.14,2265.12,2352.05,69503.712664
1704153600000,2352.06,2430.68,2338.0,2355.59,167590.575907
1704240000000,2355.59,2385.0,2051.76,2209.8,416102.814446
1704326400000,2209.8,2296.0,2201.6,2267.54,141034.845487
1704412800000,2267.48,2277.6,2206.0,2268.2,161738.358727
1704499200000,2268.28,2270.0,2216.33,2240.78,61635.697372
1704585600000,2240.66,2257.64,2204.62,2221.42,68796.794955
1704672000000,2221.42,2358.5,2166.0,2330.79,207758.234332
1704758400000,2330.8,2374.98,2220.0,2344.6,257311.076575
1704844800000,2344.6,2644.45,2340.37,2584.52,466852.996594
1704931200000,2584.52,2688.88,2564.61,2618.01,313926.861424
1705017600000,2618.0,2717.43,2458.02,2522.56,410555.773964
1705104000000,2522.57,2590.12,2497.51,2578.19,139903.429844
1705190400000,2578.19,2579.11,2469.27,2473.14,125556.483481
1705276800000,2473.14,2553.71,2470.96,2511.79,115282.023167
1705363200000,2511.78,2613.58,2500.21,2587.59,109275.770218
1705449600000,2587.58,2592.77,2506.04,2530.64,97354.9052
1705536000000,2530.6,2549.09,2427.0,2470.78,108689.132021
1705622400000,2470.79,2504.59,2415.27,2491.79,140872.127604
1705708800000,2491.79,2491.8,2454.17,2472.33,40010.94102
1705795200000,2472.34,2482.57,2450.0,2456.96,33193.354786
1705881600000,2456.96,2465.88,2302.01,2314.2,173047.916172
1705968000000,2314.21,2351.62,2168.01,2242.91,215610.625536
1706054400000,2242.8,2264.4,2196.12,2235.0,91038.3672
1706140800000,2235.32,2242.72,2171.32,2218.45,83668.116955
1706227200000,2218.45,2282.2,2196.12,2267.56,110851.358586
1706313600000,2267.67,2283.28,2251.36,2268.11,35582.090584
1706400000000,2268.11,2308.6,2238.82,2256.85,56125.261077
1706486400000,2256.86,2322.81,2233.09,2317.54,72383.42375
1706572800000,2317.54,2392.91,2296.5,2343.3,112124.916716
1706659200000,2343.3,2351.98,2263.01,2282.99,91937.467859
1706745600000,2283.0,2312.57,2239.0,2303.99,87785.813458
1706832000000,2304.03,2324.79,2282.1,2309.22,58098.823516
1706918400000,2309.22,2330.64,2292.33,2296.77,34741.107855
1707004800000,2296.77,2311.6,2263.78,2289.67,51131.811854
1707091200000,2289.67,2338.47,2269.12,2301.92,62510.563245
1707177600000,2301.93,2392.54,2298.66,2372.56,79543.043739
1707264000000,2372.57,2445.6,2354.0,2425.32,77867.830999
1707350400000,2425.32,2463.8,2411.63,2419.76,82322.657572
1707436800000,2419.77,2526.0,2419.05,2486.41,118147.758785
1707523200000,2486.41,2516.42,2471.12,2500.19,41112.132029
1707609600000,2500.19,2539.81,2492.54,2507.1,49717.094557
1707696000000,2507.11,2665.99,2472.0,2659.68,134747.409526
1707782400000,2659.83,2686.66,2589.0,2640.16,140524.178317
1707868800000,2640.17,2787.99,2618.28,2774.9,121224.882358
1707955200000,2774.88,2867.53,2759.51,2822.76,151858.992793
1708041600000,2822.75,2857.46,2737.0,2801.91,117723.68873
1708128000000,2801.92,2804.35,2718.17,2785.99,70411.460536
1708214400000,2785.99,2896.5,2762.13,2880.81,90713.089815
1708300800000,2880.81,2985.82,2856.04,2944.21,145968.814213
1708387200000,2944.21,3034.26,2871.82,3015.62,214292.453752
1708473600000,3015.63,3018.89,2868.0,2968.0,190928.416256
1708560000000,2968.01,3037.61,2906.5,2971.26,198143.580014
1708646400000,2971.27,2993.75,2906.02,2922.4,116776.127481
1708732800000,2922.4,3006.73,2906.0,2992.66,67126.729218
1708819200000,2992.66,3125.32,2983.89,3112.79,140750.776427
1708905600000,3112.8,3196.28,3036.2,3175.94,177182.652008
1708992000000,3175.94,3288.59,3164.28,3242.6,208441.541255
1709078400000,3242.6,3489.59,3168.63,3382.91,312524.748461
1709164800000,3382.91,3523.8,3300.0,3340.8,228077.940113
1709251200000,3340.85,3450.0,3339.17,3432.92,135981.78279
1709337600000,3432.88,3460.66,3386.95,3421.58,102769.480489
1709424000000,3421.58,3493.0,3359.2,3487.65,121853.850803
1709510400000,3487.9,3640.88,3420.0,3627.45,190951.809572
1709596800000,3627.45,3821.99,3179.08,3553.43,443250.865445
1709683200000,3553.42,3903.4,3499.0,3819.49,257482.570821
1709769600000,3819.68,3933.44,3734.98,3868.6,124154.628128
1709856000000,3868.61,3995.0,3811.62,3883.23,187033.770596
1709942400000,3883.23,3941.76,3870.0,3905.17,59017.261209
1710028800000,3905.2,3964.15,3791.42,3879.05,103422.25943
1710115200000,3879.05,4089.0,3721.38,4065.14,216499.867868
1710201600000,4065.14,4092.66,3828.45,3980.39,226322.933642
1710288000000,3980.39,4081.25,3931.2,4005.49,141016.408789
1710374400000,4005.54,4011.31,3722.68,3881.99,192248.276871
1710460800000,3882.0,3934.54,3566.0,3742.03,305070.794653
1710547200000,3742.09,3781.65,3467.71,3523.66,160640.148208
1710633600000,3523.67,3679.49,3412.8,3644.27,200454.88195
1710720000000,3644.37,3645.2,3452.3,3521.01,172332.531292
1710806400000,3521.0,3548.0,3150.15,3158.4,381135.46945
1710892800000,3158.4,3535.66,3055.0,3515.63,377617.79491
1710979200000,3516.18,3586.48,3411.71,3492.78,192912.707468
1711065600000,3492.77,3542.32,3248.0,3336.94,213275.702637
1711152000000,3336.95,3435.06,3270.44,3329.38,105709.503708
1711238400000,3329.8,3472.49,3299.71,3455.19,97688.055628
1711324800000,3455.24,3661.29,3420.01,3590.21,143154.721861
1711411200000,3590.07,3679.0,3541.97,3587.93,123149.217807
1711497600000,3588.1,3667.11,3460.4,3502.0,152416.826044
1711584000000,3502.13,3611.63,3465.0,3561.35,106779.453724
1711670400000,3561.38,3584.38,3473.05,3509.87,92787.957452
1711756800000,3509.86,3565.68,3485.09,3505.97,65891.520389
1711843200000,3506.19,3655.63,3504.81,3645.39,78866.553335
1711929600000,3645.4,3646.09,3413.01,3504.19,158358.34105
1712016000000,3504.39,3506.0,3210.4,3278.95,212463.216329
1712102400000,3278.91,3367.6,3201.36,3311.55,148125.837364
1712188800000,3311.08,3443.98,3251.0,3328.2,147331.650833
1712275200000,3328.34,3349.94,3207.14,3317.59,137102.710798
1712361600000,3317.48,3398.59,3306.44,3351.51,47735.056719
1712448000000,3351.78,3459.41,3343.78,3454.2,80191.292749
1712534400000,3454.21,3730.72,3407.51,3695.78,174421.316465
1712620800000,3695.79,3726.72,3451.54,3506.0,165960.004229
1712707200000,3506.0,3564.18,3410.0,3546.02,143305.04861
1712793600000,3546.48,3617.79,3473.87,3501.08,101009.050617
1712880000000,3502.36,3552.8,3060.0,3237.32,272362.76232
1712966400000,3237.01,3302.11,2791.53,3006.08,413640.014909
1713052800000,3006.12,3174.47,2903.59,3155.0,273646.320433
1713139200000,3154.8,3278.18,3022.81,3102.4,203922.281668
1713225600000,3102.41,3126.64,2986.0,3084.11,187313.090753
1713312000000,3084.12,3123.99,2914.0,2984.87,174864.745824
1713398400000,2984.87,3094.2,2952.24,3064.52,134902.031687
1713484800000,3064.52,3129.3,2864.61,3056.21,223118.266962
1713571200000,3056.06,3172.0,3017.82,3155.57,62572.89856
1713657600000,3155.21,3197.15,3116.2,3147.6,59803.19932
1713744000000,3147.41,3236.83,3128.96,3200.08,86845.181133
1713830400000,3200.24,3264.0,3151.77,3219.37,79560.122654
1713916800000,3219.36,3293.78,3103.09,3140.61,117539.818318
1714003200000,3140.58,3191.7,3072.0,3156.0,227180.70543
1714089600000,3156.03,3168.4,3102.04,3131.58,74088.876876
1714176000000,3131.58,3285.58,3067.16,3255.8,102076.53404
1714262400000,3255.71,3367.84,3250.04,3263.74,111722.570376
1714348800000,3263.75,3287.51,3115.22,3217.69,141707.09111
1714435200000,3216.99,3251.4,2920.69,3014.23,205747.268163
1714521600000,3014.23,3023.79,2816.15,2972.13,209180.777334
1714608000000,2972.0,3015.0,2892.44,2986.19,136928.243013
1714694400000,2986.19,3126.78,2958.15,3102.61,116075.507703
1714780800000,3102.2,3168.68,3092.43,3116.81,66128.544348
1714867200000,3116.86,3172.58,3071.51,3136.64,60685.809102
1714953600000,3136.65,3221.97,3046.0,3062.58,105085.967864
1715040000000,3062.66,3130.32,2998.7,3005.59,96190.626583
1715126400000,3005.59,3038.4,2936.0,2974.04,76997.124626
1715212800000,2974.04,3059.58,2950.85,3036.07,57626.649645
1715299200000,3036.08,3053.92,2876.01,2909.99,89931.06171
1715385600000,2910.0,2946.26,2886.39,2912.71,40134.304977
1715472000000,2912.71,2955.3,2901.6,2929.53,35581.240549
1715558400000,2929.53,2996.8,2863.81,2951.11,92812.540828
1715644800000,2951.1,2960.99,2861.01,2882.45,73889.301586
1715731200000,2882.44,3041.58,2864.01,3032.69,87809.773761
1715817600000,3032.18,3041.0,2922.5,2944.81,90769.24933
1715904000000,2944.81,3120.0,2933.34,3092.01,108549.84264
1715990400000,3092.01,3146.97,3083.86,3123.15,44226.239888
1716076800000,3123.14,3136.99,3053.01,3071.21,45919.222843
1716163200000,3071.13,3693.6,3048.02,3660.8,256531.675453
1716249600000,3660.8,3842.32,3626.0,3790.34,278844.068853
1716336000000,3790.33,3813.92,3653.47,3737.98,183322.126178
1716422400000,3737.97,3948.05,3523.77,3783.5,422779.84293
1716508800000,3783.5,3830.0,3627.52,3727.97,127359.125398
1716595200000,3727.97,3779.5,3708.68,3750.01,39576.004693
1716681600000,3750.01,3883.0,3731.5,3826.42,77271.133152
1716768000000,3826.42,3980.0,3823.19,3894.02,120020.984889
1716854400000,3894.03,3931.17,3774.56,3844.4,118809.888783
1716940800000,3844.91,3888.88,3744.6,3767.23,97471.253979
1717027200000,3767.14,3825.8,3703.13,3748.39,81790.14501
1717113600000,3748.07,3851.8,3722.33,3762.7,85941.906335
1717200000000,3762.69,3833.78,3752.57,3815.76,44413.853828
1717286400000,3815.93,3838.14,3752.5,3781.6,38939.975349
1717372800000,3781.48,3851.33,3758.3,3767.4,73508.377394
1717459200000,3767.41,3832.23,3729.57,3810.5,73920.977315
1717545600000,3810.51,3887.09,3778.34,3865.82,86915.822318
1717632000000,3865.46,3878.0,3758.8,3813.8,53813.054966
1717718400000,3813.8,3842.36,3568.0,3678.65,126831.149514
1717804800000,3678.66,3710.64,3661.13,3681.59,56511.007576
1717891200000,3681.6,3727.33,3666.89,3706.31,33258.533741
1717977600000,3706.32,3713.8,3644.0,3668.39,38750.218812
1718064000000,3668.34,3673.24,3429.8,3497.19,165827.479643
1718150400000,3497.1,3657.31,3460.76,3560.47,128056.464833
1718236800000,3560.47,3562.0,3427.89,3469.34,86808.399751
1718323200000,3469.35,3532.27,3362.43,3481.42,106238.047075
1718409600000,3481.42,3594.62,3472.9,3569.19,76174.196068
1718496000000,3569.19,3654.82,3540.0,3624.32,45313.335783
1718582400000,3624.08,3637.98,3465.5,3511.01,94165.090226
1718668800000,3511.01,3516.86,3350.0,3483.4,130751.04031
1718755200000,3483.4,3588.67,3464.83,3560.43,91152.439107
1718841600000,3560.41,3625.19,3485.54,3512.7,88792.792858
1718928000000,3512.58,3547.35,3446.45,3517.85,85747.286288
1719014400000,3518.4,3521.39,3476.0,3495.76,22748.243043
1719100800000,3495.75,3521.69,3401.0,3420.88,54925.426975
1719187200000,3420.52,3436.53,3212.33,3351.94,169721.508614
1719273600000,3352.11,3430.49,3336.46,3394.02,74500.398264
1719360000000,3394.25,3426.31,3326.42,3371.5,47445.212611
1719446400000,3372.1,3478.09,3361.6,3450.6,55369.030128
1719532800000,3450.41,3490.99,3365.74,3380.32,65735.792213
1719619200000,3380.42,3408.32,3372.1,3378.97,18203.647592
1719705600000,3378.97,3459.87,3353.02,3438.15,36037.552192
1719792000000,3438.15,3524.0,3422.86,3442.03,60379.195279
1719878400000,3442.03,3464.25,3401.51,3421.69,34850.825847
1719964800000,3421.69,3432.2,3250.54,3295.65,95119.341002
1720051200000,3295.62,3313.26,3050.26,3060.0,115094.288502
1720137600000,3059.81,3109.15,2806.0,2981.94,291187.180245
1720224000000,2981.61,3082.22,2955.02,3066.61,51496.109101
1720310400000,3067.01,3073.8,2922.4,2931.6,58356.64099
1720396800000,2931.4,3099.41,2822.14,3019.4,149825.838098
1720483200000,3018.96,3115.16,3004.0,3066.08,70846.973104
1720569600000,3066.35,3151.71,3024.1,3101.02,83629.615197
1720656000000,3101.13,3216.62,3054.24,3099.71,75274.740755
1720742400000,3099.41,3158.73,3045.8,3134.0,60145.947664
1720828800000,3134.0,3202.13,3113.14,3176.39,46421.824247
1720915200000,3175.61,3268.77,3163.4,3245.53,53911.779211
1721001600000,3245.1,3496.08,3232.77,3483.75,99947.794194
1721088000000,3483.73,3498.85,3346.31,3444.4,131854.089635
1721174400000,3444.4,3517.71,3375.98,3387.4,72997.454283
1721260800000,3387.39,3489.56,3367.37,3426.6,53830.55678
1721347200000,3426.6,3540.33,3376.89,3504.2,80959.220153
1721433600000,3504.2,3539.8,3480.0,3517.35,45096.64528
1721520000000,3517.4,3547.0,3411.0,3535.46,70238.911516
1721606400000,3536.2,3563.0,3422.59,3439.6,67048.440389
1721692800000,3439.6,3540.98,3389.0,3482.42,141986.20876
1721779200000,3482.52,3488.62,3286.78,3336.01,81890.428973
1721865600000,3335.81,3342.59,3087.01,3175.0,179202.045829
1721952000000,3175.0,3286.56,3170.42,3274.61,89295.398491
1722038400000,3274.61,3327.78,3190.31,3249.19,80272.377628
1722124800000,3249.19,3284.24,3197.72,3270.01,38032.515173
1722211200000,3270.01,3397.33,3257.4,3318.11,116914.829198
1722297600000,3318.11,3366.5,3233.09,3279.1,68421.886294
1722384000000,3279.02,3349.99,3212.94,3232.7,86198.082824
1722470400000,3232.8,3242.75,3078.57,3203.1,100779.46332
1722556800000,3203.01,3217.99,2967.37,2989.61,115841.876524
1722643200000,2989.61,3018.87,2860.0,2903.79,91676.703672
1722729600000,2903.8,2936.91,2615.0,2689.15,154859.057863
1722816000000,2689.15,2697.49,2084.69,2419.73,1096547.159153
1722902400000,2419.98,2555.3,2413.46,2461.21,238891.876157
1722988800000,2461.21,2552.17,2308.0,2343.18,197883.071245
1723075200000,2342.7,2725.12,2320.62,2682.41,180855.122763
1723161600000,2682.41,2709.08,2552.25,2598.82,145228.488469
1723248000000,2598.9,2645.0,2576.31,2610.0,54838.279614
1723334400000,2609.99,2720.0,2540.0,2555.7,102896.884985
1723420800000,2555.41,2750.42,2509.23,2722.79,171307.845474
1723507200000,2722.8,2738.4,2610.65,2702.04,122307.660734
1723593600000,2702.15,2784.12,2632.34,2661.19,110715.530196
1723680000000,2661.2,2675.4,2515.43,2570.09,117334.099133
1723766400000,2570.01,2631.27,2550.7,2592.89,73561.49103
1723852800000,2592.9,2627.42,2587.5,2614.51,20242.807434
1723939200000,2614.6,2687.96,2594.5,2612.19,50773.269982
1724025600000,2612.2,2648.28,2563.3,2636.14,65657.535356
1724112000000,2636.39,2695.6,2555.0,2572.81,87528.167479
1724198400000,2572.8,2664.33,2535.04,2630.66,78219.440424
1724284800000,2630.67,2644.75,2584.05,2623.02,49242.976989
1724371200000,2623.09,2799.75,2621.08,2762.59,117860.089093
1724457600000,2762.6,2820.4,2730.98,2768.2,80893.750917
1724544000000,2768.01,2792.7,2732.92,2746.21,36389.988636
1724630400000,2746.21,2762.0,2666.28,2680.68,57092.954746
1724716800000,2680.68,2699.91,2391.67,2457.38,142201.768693
1724803200000,2457.4,2555.0,2418.25,2528.4,131211.596028
1724889600000,2528.23,2595.96,2506.0,2527.8,60571.679899
1724976000000,2527.6,2555.0,2431.44,2525.89,89235.60896
1725062400000,2525.82,2533.97,2491.79,2513.2,27040.212306
1725148800000,2513.05,2516.39,2398.31,2426.0,76419.733034
1725235200000,2425.8,2565.97,2423.35,2538.0,72626.586142
1725321600000,2538.11,2553.67,2411.01,2424.94,58157.444903
1725408000000,2424.95,2490.25,2303.4,2450.34,128446.708942
1725494400000,2450.35,2465.92,2348.0,2368.62,72975.445685
1725580800000,2368.61,2409.96,2150.0,2225.1,248269.78884
1725667200000,2225.11,2311.47,2221.73,2273.8,81743.327833
1725753600000,2273.61,2334.02,2240.0,2297.25,94809.821679
1725840000000,2297.2,2382.0,2273.1,2359.19,109411.674217
1725926400000,2359.2,2400.0,2320.19,2388.3,70541.612262
1726012800000,2388.5,2389.52,2277.47,2340.5,91110.337716
1726099200000,2340.41,2392.62,2315.21,2361.86,73935.862952
1726185600000,2361.8,2466.66,2337.49,2439.59,84891.230399
1726272000000,2439.6,2441.22,2374.25,2417.99,57061.299749
1726358400000,2418.0,2431.1,2281.11,2316.21,68491.888676
1726444800000,2316.31,2336.0,2252.4,2295.46,134787.727011
1726531200000,2295.47,2394.2,2262.88,2341.7,104807.775117
1726617600000,2341.71,2376.42,2276.76,2374.79,108771.036592
1726704000000,2374.8,2495.63,2372.66,2465.28,133468.483244
1726790400000,2465.4,2571.82,2437.4,2561.41,130696.479973
1726876800000,2561.42,2624.79,2529.09,2612.89,57013.952002
1726963200000,2612.9,2633.13,2524.25,2581.17,75370.455972
1727049600000,2581.23,2703.59,2539.6,2647.61,117482.795342
1727136000000,2647.61,2671.67,2592.17,2653.39,124983.298273
1727222400000,2653.4,2674.43,2554.65,2580.27,90347.226769
1727308800000,2580.27,2666.15,2559.22,2631.99,101949.682344
1727395200000,2631.99,2728.74,2615.0,2694.64,111889.080639
1727481600000,2694.64,2704.54,2650.0,2675.18,46412.854272
1727568000000,2675.26,2684.76,2634.01,2657.61,57914.643381
1727654400000,2657.61,2663.24,2574.51,2602.16,125599.882312
1727740800000,2602.16,2659.0,2412.58,2448.07,187768.236806
1727827200000,2448.0,2499.27,2351.27,2364.0,128880.915911
1727913600000,2364.0,2403.27,2310.0,2349.83,114842.844272
1728000000000,2349.74,2441.91,2339.18,2414.51,83896.481901
1728086400000,2414.58,2428.4,2390.0,2414.67,32801.383091
1728172800000,2414.67,2458.2,2407.18,2440.01,35943.887899
1728259200000,2440.0,2521.67,2402.82,2422.63,111927.606833
1728345600000,2422.6,2466.66,2400.82,2440.72,75001.572467
1728432000000,2440.73,2473.8,2351.0,2370.74,92107.653342
1728518400000,2370.63,2421.24,2330.0,2386.22,84273.37336
1728604800000,2386.21,2471.5,2382.15,2439.58,81762.21838
1728691200000,2439.6,2491.0,2434.26,2476.4,54681.275271
1728777600000,2476.41,2484.99,2436.49,2468.96,42202.065564
1728864000000,2468.97,2654.3,2443.4,2629.77,168466.589252
1728950400000,2629.9,2689.0,2536.58,2607.3,143820.080338
1729036800000,2607.29,2647.5,2588.71,2611.19,111344.466892
1729123200000,2611.19,2648.0,2575.43,2605.67,86939.207892
1729209600000,2605.68,2675.99,2596.42,2642.48,105530.343553
1729296000000,2642.48,2663.6,2631.15,2648.55,35655.414508
1729382400000,2648.56,2759.99,2635.84,2747.15,86801.758862
1729468800000,2747.16,2769.72,2655.0,2666.57,116022.638643
1729555200000,2666.58,2671.76,2606.06,2622.47,100015.52666
1729641600000,2622.76,2628.35,2441.55,2524.7,132353.835009
1729728000000,2524.71,2562.19,2507.1,2535.96,77197.429792
1729814400000,2535.95,2566.51,2380.24,2440.8,161327.910654
1729900800000,2440.81,2508.5,2430.1,2482.7,65716.562979
1729987200000,2482.79,2528.41,2463.79,2508.0,46058.316898
1730073600000,2508.01,2590.0,2471.4,2567.4,103609.481583
1730160000000,2567.41,2682.09,2560.97,2639.01,121743.546551
1730246400000,2639.07,2723.01,2600.01,2659.07,139745.057842
1730332800000,2659.08,2668.96,2502.65,2518.72,149212.814768
1730419200000,2518.7,2587.0,2466.02,2511.76,129377.11745
1730505600000,2511.77,2523.46,2470.0,2494.3,37389.630407
1730592000000,2494.31,2496.3,2410.0,2457.52,85107.473431
1730678400000,2457.59,2491.4,2357.33,2398.15,98549.379673
1730764800000,2398.21,2480.53,2380.98,2422.4,104618.323622
1730851200000,2422.51,2745.0,2420.52,2721.85,311053.962481
1730937600000,2721.86,2916.32,2699.6,2895.42,250208.397805
1731024000000,2895.42,2982.59,2886.4,2962.15,190119.262038
1731110400000,2962.14,3158.26,2954.66,3126.35,168597.801867
1731196800000,3126.34,3248.95,3069.48,3183.15,276329.709583
1731283200000,3183.35,3388.0,3105.0,3371.46,311197.814851
1731369600000,3371.45,3444.22,3208.08,3243.8,386022.281134
1731456000000,3243.81,3331.0,3116.72,3187.18,287046.020572
1731542400000,3187.19,3239.99,3027.0,3058.97,194893.650774
1731628800000,3058.79,3131.59,3015.0,3089.66,153073.365263
1731715200000,3089.67,3220.0,3071.82,3133.05,105646.629046
1731801600000,3133.33,3162.2,3035.0,3076.26,117993.094909
1731888000000,3076.39,3224.72,3050.51,3208.01,190589.965609
1731974400000,3208.0,3221.71,3065.21,3107.69,141196.557015
1732060800000,3107.68,3159.18,3029.51,3070.0,156959.668942
1732147200000,3070.0,3386.98,3032.05,3356.15,324265.6263
1732233600000,3356.11,3426.46,3258.06,3327.68,227387.871884
1732320000000,3327.83,3500.0,3313.0,3394.16,211591.496801
1732406400000,3394.17,3449.36,3281.53,3361.2,120421.604809
1732492800000,3361.02,3546.77,3300.18,3415.0,296214.827282
1732579200000,3414.49,3462.37,3252.59,3325.13,174895.726386
1732665600000,3325.14,3685.31,3302.13,3653.43,219518.705757
1732752000000,3653.21,3662.0,3530.11,3578.42,143761.92238
1732838400000,3578.95,3645.8,3535.0,3591.99,114109.506621
1732924800000,3592.0,3739.0,3568.01,3703.63,135418.14924
1733011200000,3703.64,3746.12,3658.63,3707.45,97840.101113
1733097600000,3707.41,3760.35,3556.33,3643.79,195557.398143
1733184000000,3643.8,3670.4,3500.22,3614.65,164097.67784
1733270400000,3614.66,3888.4,3614.37,3837.55,275349.514038
1733356800000,3837.56,3956.32,3650.0,3785.63,297913.920347
1733443200000,3785.62,4087.8,3778.1,3998.81,228019.887567
1733529600000,3998.82,4024.59,3966.61,3996.59,76096.328688
1733616000000,3996.59,4016.01,3922.41,4004.53,80451.261042
1733702400000,4004.77,4006.46,3465.83,3712.05,343799.721631
1733788800000,3712.17,3780.54,3515.86,3627.81,338153.604957
1733875200000,3627.82,3848.31,3562.56,3831.53,174702.44611
1733961600000,3831.53,3987.89,3796.46,3881.75,221734.791629
1734048000000,3881.78,3968.39,3852.18,3906.79,144365.298225
1734134400000,3906.79,3945.48,3825.11,3870.27,94983.766126
1734220800000,3870.28,3975.8,3831.88,3959.77,107309.006038
1734307200000,3959.82,4108.12,3883.6,3986.37,229872.642413
1734393600000,3986.48,4041.3,3846.0,3892.62,163056.179278
1734480000000,3892.62,3907.61,3617.5,3627.03,277048.433403
1734566400000,3627.14,3719.67,3322.0,3417.21,397713.595724
1734652800000,3417.21,3497.84,3101.09,3472.3,547142.047723
1734739200000,3471.85,3555.53,3293.41,3338.88,182704.462304
1734825600000,3339.21,3403.0,3220.24,3281.8,139960.105219
1734912000000,3281.87,3466.86,3216.01,3422.2,224083.554527
1734998400000,3422.2,3540.0,3357.08,3493.2,149294.930323
1735084800000,3493.1,3548.99,3441.04,3496.99,97729.302452
1735171200000,3497.39,3515.0,3303.56,3334.56,133767.747079
1735257600000,3334.69,3445.0,3307.59,3333.41,143006.686436
1735344000000,3333.41,3428.37,3322.2,3404.2,54571.891286
1735430400000,3404.21,3413.72,3326.66,3356.41,64666.290992
1735516800000,3356.41,3437.0,3305.17,3361.85,168828.974875
1735603200000,3361.85,3451.56,3316.0,3337.41,126738.232485
1735689600000,3337.41,3374.65,3314.29,3360.38,60702.68529
1735776000000,3360.38,3510.41,3354.65,3456.25,118443.812079
1735862400000,3456.25,3630.56,3423.02,3609.19,131334.578679
1735948800000,3609.26,3671.71,3572.46,3656.88,81383.935928
1736035200000,3656.88,3676.0,3593.62,3635.99,56549.140241
1736121600000,3636.0,3745.12,3610.65,3687.55,126986.361193
1736208000000,3687.56,3701.35,3356.75,3380.81,222972.750613
1736294400000,3380.86,3415.24,3208.68,3327.08,182510.614225
1736380800000,3327.32,3357.72,3157.19,3219.3,175826.224608
1736467200000,3219.5,3323.16,3194.73,3267.1,155840.535101
1736553600000,3267.1,3320.7,3218.93,3283.2,48027.718881
1736640000000,3283.4,3300.0,3224.11,3267.49,40599.881775
1736726400000,3267.49,3338.65,2910.0,3137.61,277575.474253
1736812800000,3137.88,3256.61,3125.95,3225.68,113060.998881
1736899200000,3225.31,3473.99,3186.41,3451.29,140967.938273
1736985600000,3451.11,3460.0,3265.53,3307.96,161817.609049
1737072000000,3307.97,3525.94,3307.51,3473.77,158861.523573
1737158400000,3473.9,3494.72,3226.91,3307.91,224851.046023
1737244800000,3307.85,3449.0,3130.85,3215.35,484800.147715
1737331200000,3215.2,3455.0,3142.4,3284.4,453982.4486
1737417600000,3284.3,3368.09,3204.12,3327.5,179885.392716
1737504000000,3327.51,3365.76,3222.15,3243.15,104258.432346
1737590400000,3243.21,3348.85,3182.6,3338.98,170936.44499
1737676800000,3338.98,3428.53,3275.66,3310.21,140399.342857
1737763200000,3310.41,3351.08,3269.0,3319.4,70114.779406
1737849600000,3319.4,3362.16,3230.0,3232.81,64812.297036
1737936000000,3232.81,3254.03,3020.04,3183.0,218103.196063
1738022400000,3183.1,3223.75,3039.38,3077.28,97883.360689
1738108800000,3077.7,3182.55,3054.0,3113.81,95840.453241
1738195200000,3113.81,3283.77,3091.07,3247.47,117973.840349
1738281600000,3247.41,3437.38,3213.77,3301.1,203130.052114
1738368000000,3301.11,3332.25,3101.56,3117.31,97152.11318
1738454400000,3117.31,3162.78,2739.56,2869.91,319248.167234
1738540800000,2870.04,2920.0,2100.0,2879.38,1257331.653808
1738627200000,2879.28,2888.72,2632.85,2731.55,384510.523227
1738713600000,2731.63,2828.53,2698.85,2788.22,224081.742244
1738800000000,2788.22,2857.95,2655.18,2686.92,193791.119996
1738886400000,2686.8,2797.91,2562.12,2622.2,199874.534095
1738972800000,2622.21,2667.59,2588.69,2632.29,106468.350058
1739059200000,2632.31,2699.08,2520.12,2627.22,116206.702146
1739145600000,2627.22,2693.91,2559.86,2661.22,134464.956823
1739232000000,2661.22,2726.16,2559.0,2602.6,151458.766908
1739318400000,2602.6,2795.97,2547.02,2738.34,180317.123394
1739404800000,2738.35,2757.88,2612.88,2675.81,124360.393145
1739491200000,2675.82,2791.54,2664.45,2725.52,140312.083909
1739577600000,2726.31,2739.15,2660.0,2693.3,54350.231329
1739664000000,2693.3,2727.55,2650.98,2661.21,48254.303655
1739750400000,2661.21,2849.68,2637.12,2744.46,176828.505544
1739836800000,2744.47,2757.52,2605.67,2672.0,149474.283003
1739923200000,2672.18,2736.97,2656.0,2715.5,85441.403911
1740009600000,2715.58,2770.9,2706.65,2738.2,100481.487856
1740096000000,2738.14,2845.89,2616.89,2662.7,267036.438638
1740182400000,2662.79,2798.2,2652.73,2762.97,126669.598299
1740268800000,2762.97,2857.95,2745.05,2819.61,121002.884656
1740355200000,2819.61,2839.76,2468.53,2513.73,297018.364959
1740441600000,2513.61,2533.54,2315.32,2495.3,399449.973794
1740528000000,2495.7,2507.9,2254.0,2336.4,263662.097777
1740614400000,2336.41,2381.93,2230.66,2307.77,164423.985924
1740700800000,2307.77,2314.39,2074.99,2237.62,452889.994397
1740787200000,2237.68,2281.11,2142.06,2217.6,115895.80272
1740873600000,2217.61,2551.3,2172.0,2518.04,419352.549484
1740960000000,2518.04,2523.78,2096.0,2149.28,330842.324261
1741046400000,2149.3,2221.8,1989.0,2171.6,396735.385535
1741132800000,2171.59,2273.36,2155.04,2241.61,171834.213779
1741219200000,2241.6,2320.02,2176.13,2202.4,193747.252694
1741305600000,2202.01,2258.29,2102.09,2141.8,303193.434128
1741392000000,2141.8,2235.3,2105.0,2203.79,92357.924524
1741478400000,2203.8,2212.35,1989.63,2020.39,210088.853569
1741564800000,2020.43,2152.72,1808.94,1865.29,386177.608013
1741651200000,1865.29,1963.21,1752.82,1923.45,368097.890389
1741737600000,1923.31,1956.24,1828.42,1908.49,262726.942752
1741824000000,1908.24,1924.0,1821.42,1864.8,183155.919199
1741910400000,1864.7,1945.54,1861.6,1911.54,123303.797329
1741996800000,1911.24,1957.85,1903.19,1937.29,59409.905706
1742083200000,1937.29,1941.1,1860.35,1887.3,94979.568914
1742169600000,1887.2,1952.64,1879.87,1926.27,103279.472274
1742256000000,1926.28,1936.07,1872.17,1931.49,93585.989012
1742342400000,1931.6,2070.26,1927.82,2056.49,268943.691555
1742428800000,2056.42,2068.0,1952.1,1983.79,132937.014747
1742515200000,1983.71,1996.76,1936.61,1965.84,84533.687301
1742601600000,1965.84,2006.48,1964.5,1980.7,52032.141663
1742688000000,1980.65,2020.84,1976.73,2006.02,54288.336734
1742774400000,2006.02,2104.16,1977.69,2081.16,154257.051676
1742860800000,2081.16,2097.89,2036.96,2066.41,113774.279348
1742947200000,2066.4,2078.57,1981.21,2009.47,108793.070068
1743033600000,2009.5,2037.39,1987.0,2003.81,89726.790854
1743120000000,2003.81,2015.97,1858.47,1897.03,212471.141455
1743206400000,1897.03,1913.68,1796.59,1828.28,133830.410651
1743292800000,1828.28,1849.22,1767.06,1807.93,107512.780196
1743379200000,1807.94,1854.75,1776.7,1822.39,140052.456195
1743465600000,1822.4,1928.41,1818.0,1905.19,160306.666447
1743552000000,1905.2,1957.14,1781.71,1795.3,228889.837718
1743638400000,1795.01,1845.49,1748.12,1816.94,175540.183584
1743724800000,1817.2,1835.72,1758.98,1817.05,227896.424652
1743811200000,1817.01,1827.42,1763.82,1805.87,65571.556463
1743897600000,1806.06,1817.16,1536.0,1580.8,348018.39031
1743984000000,1580.87,1639.17,1411.13,1553.0,734699.081563
1744070400000,1553.11,1618.66,1445.26,1473.48,257352.996397
1744156800000,1473.57,1689.05,1384.28,1669.44,568144.859403
1744243200000,1669.43,1669.92,1472.28,1522.35,293153.687203
1744329600000,1522.31,1592.0,1504.45,1566.58,222326.284904
1744416000000,1566.54,1669.5,1545.45,1644.23,179717.672927
1744502400000,1644.34,1649.96,1562.0,1597.76,238757.376091
1744588800000,1597.84,1691.92,1595.83,1624.08,223646.706937
1744675200000,1623.98,1661.05,1583.13,1588.63,140804.570743
1744761600000,1588.63,1614.0,1537.0,1577.36,203346.286636
1744848000000,1577.37,1617.45,1562.87,1584.0,152201.245018
1744934400000,1584.05,1601.4,1573.57,1588.72,59124.507935
1745020800000,1588.73,1632.99,1585.14,1613.33,69888.364072
1745107200000,1613.21,1619.28,1565.87,1587.46,96736.84205
1745193600000,1587.46,1658.83,1562.97,1579.51,286624.791538
1745280000000,1579.51,1778.94,1537.43,1756.29,369950.601565
1745366400000,1756.3,1835.51,1745.08,1795.19,328942.474917
1745452800000,1795.19,1803.0,1722.93,1769.71,218393.301285
1745539200000,1769.72,1827.58,1738.78,1784.46,236757.188736
1745625600000,1784.6,1841.25,1779.21,1820.8,121053.515673
1745712000000,1820.8,1857.52,1781.1,1791.26,113186.416323
1745798400000,1791.31,1827.92,1744.74,1799.79,273553.787467
1745884800000,1799.8,1842.98,1780.27,1797.7,197865.846835
1745971200000,1797.69,1816.96,1731.41,1793.44,212332.260263
1746057600000,1793.41,1873.85,1792.41,1838.18,211622.774162
1746144000000,1838.13,1871.0,1813.0,1842.13,138997.080171
1746230400000,1842.16,1848.73,1808.8,1833.49,114548.735681
1746316800000,1833.49,1849.97,1803.05,1808.88,87033.616573
1746403200000,1808.89,1833.64,1781.42,1820.31,166234.804127
1746489600000,1820.32,1820.97,1751.45,1817.0,175380.934875
1746576000000,1817.0,1850.61,1787.16,1811.0,200521.55107
1746662400000,1811.01,2226.47,1808.35,2207.27,606511.163385
1746748800000,2207.2,2490.84,2184.58,2345.18,600529.33029
1746835200000,2345.19,2600.83,2317.29,2582.8,411685.885675
1746921600000,2582.6,2609.49,2435.0,2514.67,352014.865271
1747008000000,2514.61,2623.76,2407.09,2495.34,414300.134783
1747094400000,2495.6,2738.83,2415.07,2679.56,403226.075442
1747180800000,2679.41,2725.22,2547.02,2609.7,294178.215308
1747267200000,2609.77,2647.18,2477.77,2548.8,287206.199615
1747353600000,2548.92,2648.5,2530.0,2537.29,223611.128613
1747440000000,2537.28,2538.61,2446.0,2475.51,199692.669685
1747526400000,2475.52,2587.82,2315.89,2497.99,346984.222142
1747612800000,2498.0,2547.77,2347.74,2527.8,344343.768207
1747699200000,2528.0,2587.99,2442.0,2524.3,283467.024418
1747785600000,2524.3,2616.0,2452.03,2550.9,401769.552332
1747872000000,2551.0,2692.67,2544.53,2665.1,297429.980069
1747958400000,2665.2,2734.36,2497.27,2526.6,391115.182124
1748044800000,2526.59,2575.99,2515.46,2530.42,95056.528556
1748131200000,2530.5,2554.88,2461.14,2551.2,136353.68012
1748217600000,2551.39,2600.0,2525.24,2563.81,129704.395915
1748304000000,2563.81,2712.0,2509.3,2661.03,298683.885856
1748390400000,2660.91,2689.81,2608.52,2681.51,203798.816856
1748476800000,2681.51,2788.88,2618.0,2631.41,353545.592647
1748563200000,2631.37,2649.99,2507.09,2531.16,249220.623259
1748649600000,2531.17,2550.92,2475.63,2528.31,132464.616135
1748736000000,2528.32,2547.83,2467.75,2539.27,136285.589712
1748822400000,2539.27,2615.35,2475.0,2607.58,175241.208642
1748908800000,2607.59,2656.29,2575.19,2593.24,175699.835578
1748995200000,2593.43,2679.73,2583.69,2608.18,186772.966438
1749081600000,2608.0,2641.05,2391.59,2414.16,324756.844329
1749168000000,2414.39,2530.41,2382.0,2476.43,209475.372121
1749254400000,2476.43,2545.0,2457.15,2524.73,94135.603527
1749340800000,2524.73,2549.48,2488.79,2509.67,98706.703034
1749427200000,2509.67,2694.57,2477.83,2680.24,247106.336507
1749513600000,2680.24,2827.0,2654.15,2816.11,346769.090582
1749600000000,2816.13,2879.99,2743.31,2771.66,302109.270703
1749686400000,2771.7,2785.0,2616.33,2642.7,287612.79645
1749772800000,2642.69,2645.55,2436.0,2579.15,452378.029873
1749859200000,2579.29,2579.46,2488.17,2530.8,124381.161368
1749945600000,2530.8,2559.65,2491.82,2547.53,114941.761811
1750032000000,2547.49,2680.26,2514.28,2544.22,317198.703796
1750118400000,2544.49,2619.0,2453.56,2509.85,290880.264113
1750204800000,2510.0,2548.72,2465.63,2524.71,187953.799191
1750291200000,2524.68,2548.0,2485.13,2520.71,105286.781768
1750377600000,2520.72,2569.06,2365.0,2406.74,247804.802608
1750464000000,2406.78,2448.22,2215.3,2295.55,226973.805594
1750550400000,2296.0,2314.39,2111.0,2227.58,367548.786521
1750636800000,2227.58,2439.0,2188.41,2411.52,342035.999026
1750723200000,2411.52,2483.0,2376.0,2448.7,245992.842117
1750809600000,2448.77,2469.0,2389.8,2418.54,172948.926104
1750896000000,2418.55,2520.48,2394.11,2416.35,207104.686154
1750982400000,2416.08,2464.23,2382.27,2423.27,141744.556507
1751068800000,2423.35,2448.0,2405.5,2435.77,64633.574557
1751155200000,2435.77,2525.34,2411.05,2500.57,112910.941625
1751241600000,2500.57,2524.6,2433.47,2485.1,192747.27872
1751328000000,2485.3,2500.71,2385.69,2405.13,177539.774654
1751414400000,2405.13,2619.94,2372.67,2570.59,271897.694154
1751500800000,2570.43,2636.36,2556.37,2590.92,196579.511336
1751587200000,2591.07,2603.04,2474.4,2508.07,165379.665733
1751673600000,2508.07,2529.8,2487.9,2516.21,53531.077206
1751760000000,2516.21,2605.47,2503.19,2570.62,113087.138816
1751846400000,2570.4,2590.73,2511.22,2542.37,117806.640717
1751932800000,2542.38,2628.42,2523.57,2615.18,132600.625048
1752019200000,2615.18,2796.0,2590.0,2768.49,237843.615747
1752105600000,2768.5,3002.99,2755.44,2951.1,324881.691576
1752192000000,2951.11,3039.95,2914.1,2958.49,332550.850776
1752278400000,2958.04,2980.77,2904.39,2943.28,129694.370189
1752364800000,2943.5,3020.38,2936.26,2972.01,152355.511027
1752451200000,2972.22,3083.33,2963.28,3013.79,284688.26735
1752537600000,3013.79,3144.36,2932.73,3137.65,329748.415812
1752624000000,3137.6,3423.99,3101.31,3371.4,393004.135375
1752710400000,3371.4,3524.12,3310.91,3476.89,375770.100567
1752796800000,3476.88,3674.19,3459.06,3547.16,428774.461486
1752883200000,3546.91,3608.58,3507.18,3592.11,133728.978262
1752969600000,3592.11,3824.15,3579.49,3756.92,320192.276299
1753056000000,3757.0,3858.88,3701.17,3762.77,282564.798031
1753142400000,3762.77,3798.94,3617.1,3746.39,347136.043843
1753228800000,3746.59,3764.12,3527.0,3628.82,314570.890233
1753315200000,3628.83,3770.74,3507.02,3707.19,309224.358582
1753401600000,3707.37,3746.69,3573.72,3724.71,283533.500351
1753488000000,3724.94,3795.0,3697.04,3741.67,144207.569145
1753574400000,3741.83,3880.18,3730.72,3872.99,153666.740669
1753660800000,3872.9,3941.79,3753.27,3798.32,241503.582692
1753747200000,3798.32,3886.19,3716.51,3794.0,269515.613285
1753833600000,3794.0,3834.26,3675.98,3810.43,224989.620898
1753920000000,3810.43,3883.06,3685.0,3698.64,197176.408343
1754006400000,3698.24,3724.67,3430.02,3487.88,349371.332851
1754092800000,3487.88,3537.76,3368.0,3394.3,194397.467441
1754179200000,3394.31,3522.0,3355.27,3496.98,125255.184999
1754265600000,3497.0,3737.11,3491.25,3721.2,217909.648002
1754352000000,3721.2,3723.16,3545.0,3612.16,208233.889278
1754438400000,3612.16,3698.79,3564.41,3683.11,136665.412517
1754524800000,3683.11,3927.5,3647.84,3910.1,226234.947788
1754611200000,3910.08,4071.38,3879.34,4009.95,273375.117268
1754697600000,4009.99,4326.69,4006.52,4260.97,265189.115526
1754784000000,4260.98,4332.52,4160.07,4251.13,182535.557903
1754870400000,4250.91,4367.05,4166.07,4223.69,272871.325808
1754956800000,4223.68,4640.42,4218.24,4590.2,338017.295587
1755043200000,4590.2,4784.69,4564.66,4749.94,318054.459988
1755129600000,4750.0,4790.66,4451.16,4546.7,422164.970448
1755216000000,4546.7,4670.68,4367.66,4439.4,260905.640018
1755302400000,4439.4,4490.0,4373.61,4422.4,113543.219877
1755388800000,4422.48,4575.82,4394.56,4472.9,139496.720627
1755475200000,4472.89,4482.96,4226.03,4313.9,310417.622375
1755561600000,4313.83,4356.23,4067.41,4075.71,275173.610539
1755648000000,4075.61,4377.6,4062.66,4336.25,266313.927134
1755734400000,4336.24,4340.12,4204.02,4225.93,144196.092444
1755820800000,4225.7,4887.5,4207.74,4831.6,417484.271513
1755907200000,4831.7,4831.7,4662.85,4778.76,169564.760957
1755993600000,4778.76,4957.98,4708.43,4780.31,293847.532882
1756080000000,4780.35,4797.92,4333.34,4376.72,319872.900756
1756166400000,4376.78,4634.0,4311.48,4600.41,230720.972108
1756252800000,4600.4,4664.0,4481.94,4507.13,179748.721554
1756339200000,4507.14,4634.58,4429.88,4511.68,164902.670573
1756425600000,4511.69,4517.68,4263.85,4360.71,231691.145887
1756512000000,4360.6,4415.88,4257.36,4374.56,98026.889465
1756598400000,4374.56,4498.8,4372.55,4391.91,108257.856287
1756684800000,4391.92,4491.56,4211.11,4314.59,155657.365619
1756771200000,4314.6,4416.94,4258.0,4326.7,179977.590102
1756857600000,4326.71,4490.49,4283.33,4450.28,129027.837176
1756944000000,4450.29,4483.0,4265.44,4297.61,157913.087101
1757030400000,4297.62,4494.43,4256.14,4307.36,225419.232253
1757116800000,4307.5,4329.0,4234.07,4273.68,64821.154736
1757203200000,4273.68,4336.62,4270.34,4306.14,50963.284724
1757289600000,4306.14,4384.36,4279.3,4305.99,122893.607016
1757376000000,4306.0,4381.69,4277.01,4310.31,136936.789766
1757462400000,4310.32,4453.33,4285.06,4349.98,159255.09991
1757548800000,4349.99,4482.0,4338.67,4458.66,151311.674958
1757635200000,4458.66,4754.44,4450.55,4712.51,179102.558071
1757721600000,4712.5,4766.77,4605.85,4667.2,131477.166816
1757808000000,4667.21,4693.25,4576.49,4604.52,113474.540018
1757894400000,4604.51,4670.14,4465.1,4523.2,153338.014823
1757980800000,4523.2,4537.76,4423.32,4501.28,169489.245751
1758067200000,4501.28,4616.99,4407.0,4589.95,214871.292208
1758153600000,4590.21,4644.85,4553.59,4587.6,113217.614641
1758240000000,4587.61,4621.0,4435.12,4469.09,114653.559637
1758326400000,4469.1,4508.7,4454.56,4480.6,44422.635573
1758412800000,4480.61,4498.38,4443.45,4445.4,70634.760256
1758499200000,4445.24,4455.99,4045.01,4198.87,329311.776291
1758585600000,4198.87,4229.0,4114.28,4164.28,115254.656143
1758672000000,4164.29,4206.99,4073.91,4152.25,125544.16798
1758758400000,4152.22,4160.85,3823.43,3874.19,333334.387794
1758844800000,3874.43,4069.01,3866.58,4032.28,213160.443115
1758931200000,4032.28,4039.23,3972.81,4019.0,65761.173406
1759017600000,4019.0,4144.81,3965.83,4141.48,84384.327592
1759104000000,4141.55,4236.28,4082.0,4214.75,123246.692415
1759190400000,4214.76,4246.57,4092.45,4145.3,129502.119399
1759276800000,4145.3,4356.4,4123.51,4348.31,162375.287028
1759363200000,4348.33,4517.12,4332.8,4484.64,156773.914882
1759449600000,4484.64,4592.87,4428.38,4512.79,183470.498023
1759536000000,4512.8,4518.14,4440.61,4487.62,62184.123794
1759622400000,4487.49,4619.0,4467.19,4514.63,151380.969071
1759708800000,4514.64,4736.25,4487.5,4684.25,151988.367294
1759795200000,4684.25,4755.77,4428.8,4447.3,247667.217231
1759881600000,4447.26,4557.59,4411.23,4525.98,156263.863894
1759968000000,4525.67,4531.52,4264.68,4368.2,190012.016271
1760054400000,4368.2,4393.68,3373.67,3822.49,658288.474122
1760140800000,3822.48,3878.0,3642.1,3747.38,363695.023481
1760227200000,3747.44,4198.0,3694.8,4152.11,358028.247878
1760313600000,4152.11,4292.85,4041.36,4241.8,251817.61716
1760400000000,4241.8,4263.83,3888.41,4124.95,445067.931862
1760486400000,4124.93,4216.66,3925.0,3986.15,274557.01831
1760572800000,3986.14,4087.51,3825.83,3894.62,268946.621365
1760659200000,3894.83,3950.64,3674.0,3831.88,314619.359252
1760745600000,3831.69,3928.27,3819.24,3888.96,94142.995294
1760832000000,3888.95,4031.96,3822.8,3982.74,183062.656938
1760918400000,3982.8,4085.83,3908.99,3979.43,183200.969595
1761004800000,3979.43,4110.14,3840.19,3873.09,247841.111967
1761091200000,3873.1,3889.8,3707.56,3805.43,221778.194001
1761177600000,3805.79,3936.0,3796.72,3857.38,154748.542147
1761264000000,3857.39,4030.53,3845.91,3935.2,152529.371022
1761350400000,3934.74,3969.06,3912.12,3953.94,41624.935731
1761436800000,3953.94,4180.82,3918.6,4159.27,118807.670539
1761523200000,4159.41,4254.04,4094.0,4120.39,178487.404908
1761609600000,4120.39,4175.78,3931.03,3979.72,177772.630244
1761696000000,3979.71,4036.98,3838.83,3903.27,196263.968547
1761782400000,3903.4,3949.0,3679.0,3804.63,232720.129944
1761868800000,3804.81,3906.51,3796.15,3847.89,165512.512667
1761955200000,3847.89,3910.0,3830.64,3873.9,54742.007376
1762041600000,3873.9,3918.45,3839.0,3906.52,71603.293081
1762128000000,3906.48,3914.42,3557.24,3603.75,273500.282012
1762214400000,3603.66,3654.38,3056.01,3286.91,520522.311318
1762300800000,3286.91,3480.66,3166.45,3424.34,299012.10581
1762387200000,3424.35,3456.25,3245.64,3315.43,213605.404692
1762473600000,3315.44,3473.0,3194.0,3435.66,239847.678898
1762560000000,3435.6,3487.84,3356.04,3401.79,118434.09534
1762646400000,3401.8,3623.98,3358.85,3583.51,159305.712144
1762732800000,3583.5,3658.66,3506.05,3567.91,162769.225638
1762819200000,3568.11,3647.97,3405.14,3418.25,179689.160568
1762905600000,3418.26,3588.0,3372.09,3414.91,179700.919375
1762992000000,3414.82,3565.64,3154.31,3231.66,338080.772436
1763078400000,3231.61,3257.4,3070.32,3112.4,301104.104052
1763164800000,3112.56,3231.11,3110.87,3167.99,84664.402606
1763251200000,3168.0,3249.1,3003.01,3095.44,184152.642691
1763337600000,3095.36,3223.33,2959.76,3031.53,232306.614623
1763424000000,3031.54,3170.09,2945.78,3123.67,235971.808373
1763510400000,3123.68,3126.72,2872.78,3025.71,228486.147357
1763596800000,3025.63,3063.69,2788.2,2834.15,258471.116572
1763683200000,2834.04,2886.66,2622.87,2765.94,367748.952825
1763769600000,2765.94,2799.61,2704.23,2770.18,81120.032726
1763856000000,2770.18,2858.82,2768.19,2802.19,120938.223131
1763942400000,2802.09,2986.2,2763.18,2953.32,203456.095833
1764028800000,2953.33,2980.0,2856.65,2959.38,143018.095043
1764115200000,2959.38,3044.99,2888.02,3026.5,127934.79097
1764201600000,3026.5,3071.2,2986.19,3015.39,108605.686571
1764288000000,3015.39,3099.0,2993.9,3031.18,133981.918161
1764374400000,3031.19,3052.54,2962.0,2989.26,71768.552304
1764460800000,2989.3,3052.94,2975.22,2991.59,53546.910445
1764547200000,2991.41,2999.75,2719.43,2798.75,237851.489852
1764633600000,2798.75,3034.65,2782.15,2996.12,176747.641316
1764720000000,2996.14,3218.05,2985.55,3188.22,216101.650932
1764806400000,3188.49,3240.74,3066.73,3133.2,184272.597947
1764892800000,3133.21,3192.98,2982.62,3021.67,171665.511746
1764979200000,3021.84,3069.13,3012.0,3038.09,57458.750806
1765065600000,3038.09,3150.0,2908.0,3060.01,152554.314013
1765152000000,3060.01,3180.0,3040.98,3124.4,141613.884018
1765238400000,3124.58,3398.66,3090.67,3318.3,197283.563114
1765324800000,3318.0,3448.0,3288.3,3323.97,188119.72071
1765411200000,3323.98,3327.41,3145.01,3237.44,206744.752762
1765497600000,3237.45,3265.66,3037.58,3084.59,179257.083979
1765584000000,3084.59,3135.36,3078.19,3114.27,68168.703614
1765670400000,3114.27,3129.51,3025.0,3063.26,93865.033508
1765756800000,3063.25,3177.78,2895.0,2965.15,214867.212029
1765843200000,2965.14,2983.11,2878.18,2962.5,200364.668719
1765929600000,2962.5,3031.03,2790.64,2834.19,237623.256373
1766016000000,2834.19,2997.65,2775.01,2828.45,235135.783245
1766102400000,2828.46,3018.79,2808.79,2979.85,212892.688597
1766188800000,2979.85,2994.4,2967.2,2978.1,49743.485187
1766275200000,2978.15,3013.7,2944.03,3002.07,77863.426536
1766361600000,3002.07,3077.98,2963.2,3009.98,139622.53741
1766448000000,3009.97,3036.1,2897.6,2964.57,177021.959843
1766534400000,2964.9,2978.0,2888.88,2947.48,95722.459155
1766620800000,2947.48,2971.34,2891.2,2904.01,67664.932312
1766707200000,2904.01,2994.44,2894.75,2928.09,127068.471538
1766793600000,2928.1,2961.15,2917.6,2948.65,35260.560474
1766880000000,2948.79,2960.68,2925.0,2950.95,43861.877385
1766966400000,2951.05,3057.16,2910.74,2938.31,202483.207118
1767052800000,2938.31,3009.92,2919.39,2973.74,111000.366926
1767139200000,2973.74,3028.57,2957.91,2971.6,78219.123458
1767225600000,2971.63,3009.73,2971.36,3004.21,39912.428349
1767312000000,3004.22,3150.0,2992.4,3125.44,146012.546284
1767398400000,3125.44,3136.56,3075.82,3126.89,54821.958977
1767484800000,3126.9,3170.52,3118.2,3144.78,61965.904828
1767571200000,3144.71,3265.88,3135.23,3225.0,147080.364732
1767657600000,3225.01,3309.05,3181.96,3296.81,132632.094863
1767744000000,3296.85,3297.02,3125.27,3168.97,111301.492077
1767830400000,3168.97,3184.3,3055.0,3106.6,108774.432911
1767916800000,3106.7,3148.2,3058.8,3088.49,85075.727267
1768003200000,3088.49,3103.99,3078.79,3086.84,21097.515674
1768089600000,3086.85,3147.21,3084.7,3123.62,40979.323656
1768176000000,3123.51,3171.62,3066.0,3095.65,124917.09677
1768262400000,3095.66,3380.0,3092.02,3325.3,157686.67702
1768348800000,3325.29,3403.36,3280.27,3354.75,199650.610269
1768435200000,3354.75,3384.76,3274.21,3318.75,154130.438472
1768521600000,3318.75,3327.72,3253.44,3296.27,93213.472036
1768608000000,3296.26,3330.0,3284.0,3310.59,47562.382695
1768694400000,3310.59,3369.0,3279.18,3284.35,62308.318045
1768780800000,3284.16,3284.8,3166.0,3189.23,175528.198985
1768867200000,3189.2,3200.39,2907.4,2939.91,210741.037593
1768953600000,2939.91,3069.5,2866.36,2982.18,232954.451018
1769040000000,2982.18,3038.45,2905.4,2952.89,118614.7085
1769126400000,2952.89,3019.53,2892.12,2956.25,137151.186462
1769212800000,2956.26,2970.13,2943.64,2953.5,36625.726044
1769299200000,2953.5,2960.58,2786.34,2817.36,159754.938953
1769385600000,2817.37,2951.42,2812.58,2930.0,155456.9669
1769472000000,2930.0,3035.0,2900.0,3025.84,113288.477737
1769558400000,3025.84,3046.0,2983.06,3010.79,112695.201799
1769644800000,3010.69,3013.52,2754.32,2822.58,180565.091107
1769731200000,2822.58,2828.93,2636.8,2707.22,268523.490117
1769817600000,2707.25,2714.81,2240.2,2452.2,474858.800031
1769904000000,2451.95,2476.3,2220.0,2270.47,343146.367042
1769990400000,2270.48,2396.78,2156.97,2347.0,451480.472711
1770076800000,2346.99,2359.78,2108.0,2233.81,376373.605156
1770163200000,2233.81,2295.8,2076.88,2148.11,385748.662612
1770249600000,2148.1,2174.62,1816.15,1826.71,712395.605055
1770336000000,1826.7,2094.57,1744.0,2063.3,609630.718781
1770422400000,2063.41,2125.0,1993.61,2087.31,488458.915204
1770508800000,2087.34,2152.46,2066.23,2090.01,160919.791759
1770595200000,2090.0,2148.23,2009.0,2104.79,208661.921708
1770681600000,2104.9,2124.85,1987.9,2022.84,220727.670098
1770768000000,2022.85,2032.55,1902.23,1941.03,252291.725548
1770854400000,1941.2,2001.67,1896.4,1947.94,158442.061101
1770940800000,1947.99,2072.8,1924.72,2048.91,220483.864802
1771027200000,2048.82,2107.95,2042.23,2086.69,89075.833952
1771113600000,2086.7,2103.83,1929.39,1966.59,209240.27477
1771200000000,1966.59,2023.78,1937.36,1998.32,118509.546022
1771286400000,1998.32,2015.89,1941.67,1991.69,132218.832991
1771372800000,1991.8,2039.0,1923.44,1956.02,151427.104009
1771459200000,1956.06,1987.4,1906.2,1948.75,120696.90423
1771545600000,1948.83,1981.57,1923.23,1968.84,138564.743123
1771632000000,1968.85,1996.26,1955.62,1973.6,61069.815909
1771718400000,1973.56,1983.29,1935.03,1957.97,56087.272151
1771804800000,1957.98,1958.4,1837.43,1856.51,283085.676757
1771891200000,1856.51,1869.69,1798.16,1851.8,186049.30071
1771977600000,1851.88,2150.0,1846.46,2057.5,358461.009482
1772064000000,2057.5,2083.62,1975.3,2027.62,179248.903547
1772150400000,2027.56,2063.65,1886.48,1929.81,168772.610896
1772236800000,1929.81,1985.0,1835.47,1964.3,213910.274957
1772323200000,1964.31,2055.0,1907.4,1939.68,216437.241383
1772409600000,1939.7,2090.9,1919.71,2027.5,218311.359714
1772496000000,2027.5,2041.71,1929.0,1982.82,178470.512958
1772582400000,1982.82,2200.0,1945.01,2127.41,314049.513711
1772668800000,2127.3,2163.68,2054.35,2072.66,193022.357186
1772755200000,2072.66,2093.3,1955.96,1978.89,164615.669007
1772841600000,1978.79,1996.0,1947.38,1969.75,75559.859565
1772928000000,1969.75,1979.89,1910.0,1936.87,162554.728881
1773014400000,1936.87,2054.06,1928.86,1993.32,210337.09884
1773100800000,1993.25,2088.69,1991.11,2036.71,206815.964529
1773187200000,2036.71,2085.9,2007.36,2052.09,156848.370269
1773273600000,2052.08,2095.55,2017.95,2073.62,147076.189893
1773360000000,2073.62,2209.96,2070.14,2092.28,241683.190881
1773446400000,2092.26,2106.09,2061.62,2096.29,66699.240554
1773532800000,2096.3,2202.8,2083.4,2178.17,106738.380505
1773619200000,2178.16,2387.23,2164.36,2352.68,325707.245189
1773705600000,2352.68,2377.0,2296.32,2317.54,192597.605955
1773792000000,2317.55,2350.0,2152.58,2203.42,188450.820327
1773878400000,2203.43,2234.08,2099.27,2137.87,165707.851381
1773964800000,2137.82,2176.57,2116.89,2146.28,95560.592194
1774051200000,2146.05,2168.5,2070.09,2084.7,50443.930362
1774137600000,2084.69,2126.88,2025.75,2053.9,132920.532241
1774224000000,2053.91,2198.34,2022.21,2152.04,233438.576405
1774310400000,2152.05,2176.04,2102.86,2156.33,129848.547779
1774396800000,2156.33,2199.62,2145.8,2169.26,131578.995421
1774483200000,2169.28,2172.3,2034.2,2060.16,153676.057935
1774569600000,2060.16,2077.39,1966.88,1992.95,157014.92574
1774656000000,1992.81,2046.51,1982.6,1994.66,73343.928465
1774742400000,1994.66,2019.71,1938.36,1984.75,73289.966935
1774828800000,1984.86,2085.57,1980.12,2026.73,141591.661967
1774915200000,2026.78,2124.78,2012.55,2105.79,184228.362174
1775001600000,2105.61,2168.0,2081.57,2140.22,166728.696867
1775088000000,2140.11,2159.07,2017.09,2057.09,151719.591516
1775174400000,2057.1,2082.38,2040.61,2054.02,49901.066594
1775260800000,2054.02,2084.05,2044.02,2065.57,32260.518149
1775347200000,2065.57,2123.47,2021.66,2110.0,74441.518083
1775433600000,2110.0,2174.38,2088.0,2107.25,150634.84756
1775520000000,2107.29,2273.44,2060.11,2240.01,188218.88621
1775606400000,2240.0,2270.29,2179.68,2190.1,167126.981319
1775692800000,2190.19,2246.15,2157.49,2190.14,114084.981583
1775779200000,2190.15,2257.99,2176.08,2245.25,108752.447341
1775865600000,2245.26,2330.34,2228.53,2285.05,78402.636482
1775952000000,2285.09,2290.0,2175.0,2191.21,126672.324864
1776038400000,2191.39,2394.5,2175.3,2369.44,229439.912693
1776124800000,2369.44,2415.5,2303.47,2322.21,200449.468292
1776211200000,2322.3,2385.92,2309.0,2360.0,103229.517755
1776297600000,2360.06,2369.49,2284.5,2348.15,121622.076042
1776384000000,2348.15,2466.0,2317.01,2419.01,191926.468227
1776470400000,2418.88,2427.51,2338.77,2350.53,100749.69446
1776556800000,2350.54,2355.52,2252.05,2263.6,140131.141473
1776643200000,2263.62,2346.67,2259.79,2313.62,110657.316092
1776729600000,2313.58,2338.88,2283.46,2327.58,98039.413975
1776816000000,2327.58,2424.09,2313.22,2374.06,146467.160345
1776902400000,2374.07,2382.46,2285.01,2330.46,131121.937482
1776988800000,2330.46,2337.5,2299.99,2315.09,88535.987798
1777075200000,2315.08,2323.14,2300.69,2319.71,28945.986292
1777161600000,2319.72,2380.0,2306.77,2369.35,69427.069276
1777248000000,2369.36,2404.42,2265.68,2303.74,150297.297463
1777334400000,2303.72,2310.76,2258.48,2289.24,67930.86973
1777420800000,2289.24,2347.08,2220.33,2253.09,153188.087541
1777507200000,2253.08,2279.34,2232.01,2257.95,75442.279015
1777593600000,2258.0,2325.56,2257.41,2295.57,108515.432025
1777680000000,2295.57,2343.12,2292.88,2317.05,33889.446123
1777766400000,2317.17,2356.71,2297.7,2323.1,69421.127039
1777852800000,2323.12,2399.0,2309.23,2347.24,177981.835672
1777939200000,2347.25,2399.56,2344.94,2361.01,96801.038615
1778025600000,2361.0,2423.69,2337.78,2351.29,152303.126036
1778112000000,2351.29,2352.91,2280.0,2291.55,134876.378668
1778198400000,2291.55,2321.51,2265.0,2307.54,90590.242256
1778284800000,2307.55,2338.45,2299.87,2326.43,45516.051264
1778371200000,2326.43,2382.99,2311.46,2371.4,96472.874428
1778457600000,2371.4,2375.0,2304.0,2339.85,130101.328507
1778544000000,2339.89,2340.8,2256.24,2275.02,206024.074366
1778630400000,2275.03,2323.7,2234.45,2258.78,114641.612043
1778716800000,2258.78,2319.26,2238.59,2283.59,130673.033214
1778803200000,2283.6,2300.29,2205.34,2224.51,117813.227821
1778889600000,2224.64,2231.38,2161.75,2180.74,85192.058339
1778976000000,2180.75,2198.57,2084.46,2130.75,114055.682907
1779062400000,2130.63,2157.46,2077.83,2130.09,151928.068191
1779148800000,2130.08,2147.02,2093.98,2112.04,152009.943092
1779235200000,2112.03,2149.0,2103.3,2129.58,129504.736301
1779321600000,2129.58,2157.59,2105.14,2133.93,215578.684506
1779408000000,2133.93,2141.5,2057.27,2066.08,101484.782264
1779494400000,2066.09,2149.99,2008.34,2117.86,145603.231096
1779580800000,2117.94,2131.91,2062.13,2100.0,70355.443889
1779667200000,2099.97,2141.99,2092.41,2112.92,72921.957456
1779753600000,2112.92,2140.35,2055.23,2073.85,109092.785341
1779840000000,2074.05,2097.39,2016.0,2025.11,105522.060367
1779926400000,2025.1,2030.4,1967.71,2009.77,157414.970785
1780012800000,2009.78,2046.25,1975.9,2014.47,96264.269717
1780099200000,2014.47,2032.29,2002.0,2022.49,33230.280207
1780185600000,2022.49,2037.91,1994.02,2007.35,49969.259605
1780272000000,2007.36,2021.46,1956.42,2006.56,117586.265821
1780358400000,2006.55,2006.89,1838.88,1859.91,267382.777718
1780444800000,1859.91,1892.97,1768.11,1813.23,213468.105684
1780531200000,1813.25,1820.61,1717.0,1770.68,248918.338821
1780617600000,1770.72,1774.93,1539.28,1583.59,673411.326892
1780704000000,1583.59,1601.21,1504.4,1569.65,214866.980009
1780790400000,1569.65,1723.03,1564.03,1690.6,201694.336416
1780876800000,1690.56,1714.39,1645.0,1690.24,175984.365623
1780963200000,1690.22,1696.82,1614.19,1639.53,178474.347092
1781049600000,1639.53,1668.07,1603.66,1621.38,129733.259849
1781136000000,1621.56,1693.73,1621.56,1673.56,163565.774008
1781222400000,1673.56,1691.0,1652.12,1666.59,93541.525038
1781308800000,1666.6,1697.51,1662.26,1681.47,57831.274591
1781395200000,1681.48,1732.47,1654.75,1725.66,89272.200619
1781481600000,1725.66,1849.4,1709.81,1796.02,179830.674319
1781568000000,1796.02,1839.5,1758.49,1793.12,153044.98557
1781654400000,1793.13,1810.23,1725.29,1750.47,140802.397652
1781740800000,1750.43,1763.18,1671.63,1711.12,118765.061544
1781827200000,1711.13,1719.51,1677.07,1710.95,83416.245749
1781913600000,1711.0,1749.84,1704.01,1740.77,141190.174338
1782000000000,1740.78,1741.92,1701.68,1707.14,479221.493775
1782086400000,1707.15,1780.0,1707.14,1728.36,656595.472942
1782172800000,1728.36,1736.24,1635.0,1667.18,139183.394225
1782259200000,1667.2,1693.69,1552.53,1622.4,192247.193046
1782345600000,1622.4,1660.51,1532.0,1567.82,199711.657073
1782432000000,1567.83,1595.0,1512.04,1578.73,209391.80277
1782518400000,1578.71,1611.11,1562.78,1574.01,76752.163702
1782604800000,1573.99,1589.14,1548.05,1571.93,74792.750144
1782691200000,1571.97,1637.92,1550.06,1613.03,127381.856865
1782777600000,1613.18,1614.5,1550.47,1572.04,97259.669317
1782864000000,1572.14,1646.26,1552.8,1609.65,163185.385999
1782950400000,1609.74,1724.88,1597.25,1700.7,188440.607936
1783036800000,1700.6,1775.86,1694.66,1758.18,120170.688993
1783123200000,1758.13,1808.2,1744.39,1780.64,94761.458009
1783209600000,1780.66,1808.18,1748.11,1785.77,77831.540965
1783296000000,1785.97,1834.0,1728.86,1799.63,1186305.068437
1783382400000,1799.57,1813.2,1757.62,1771.44,126746.005219
1783468800000,1771.47,1785.58,1713.46,1743.5,273359.309057
1783555200000,1743.49,1762.66,1721.67,1745.2,79223.157312
1783641600000,1745.24,1813.0,1737.38,1796.9,114760.582489
1783728000000,1796.93,1829.99,1786.66,1787.77,75893.25859
1783814400000,1787.77,1826.7,1779.6,1806.8,65714.176174
1783900800000,1806.8,1846.04,1750.0,1776.61,143298.451575
1783987200000,1776.64,1897.54,1773.34,1892.02,166413.441316
1784073600000,1892.02,1946.4,1864.41,1917.73,108354.138463
1784160000000,1917.72,1929.98,1857.73,1864.55,95020.994868
1784246400000,1864.64,1871.17,1803.2,1841.79,97107.728929
1784332800000,1841.89,1867.5,1837.5,1862.63,32198.308585
1784419200000,1862.64,1879.99,1852.01,1872.19,44074.170117
1784505600000,1872.19,1918.0,1842.48,1904.66,107183.707755
1784592000000,1904.61,1953.26,1900.62,1930.2,93687.865641
1784678400000,1930.19,1957.1,1910.6,1934.3,92114.237777
1784764800000,1934.3,1941.56,1867.04,1878.27,87342.139185
1784851200000,1878.35,1909.68,1847.77,1861.67,90346.164863
1784937600000,1861.64,1877.34,1851.46,1874.79,27985.865449
1785024000000,1874.8,1967.38,1873.9,1954.92,61597.382301
1785110400000,1954.93,1981.26,1882.27,1892.6,129890.964164
1785196800000,1892.57,1930.0,1856.94,1922.14,112986.905383
1785283200000,1922.01,1935.96,1874.0,1910.62,112966.070778
1785369600000,1910.61,1937.05,1894.0,1918.65,74115.996821
1785456000000,1918.66,1936.24,1848.73,1862.59,83900.558609
1785542400000,1862.74,1875.7,1821.91,1845.01,44101.837898
1785628800000,1845.01,1898.84,1843.9,1885.24,53715.384952
1785715200000,1885.25,1885.9,1828.81,1860.64,64237.391572
1785801600000,1860.65,1882.24,1848.63,1869.83,49951.112726
1785888000000,1869.83,1928.1,1855.4,1909.18,70081.10097
1785974400000,1909.23,1920.0,1892.42,1904.13,52782.269772
1786060800000,1904.13,1943.6,1894.54,1914.08,68937.807003
1786147200000,1914.08,1926.58,1912.44,1917.07,15710.402371
1786233600000,1917.08,1938.0,1907.64,1910.78,30776.996305
1786320000000,1910.77,1931.27,1868.14,1873.19,77800.176463
1786406400000,1873.19,1897.99,1853.76,1882.73,53400.578596
1786492800000,1882.71,1925.01,1873.67,1879.88,60897.053537
1786579200000,1879.88,1900.0,1863.69,1886.38,47578.94301
1786665600000,1886.39,1891.42,1864.32,1882.15,46463.040812
1786752000000,1882.15,1886.6,1875.81,1882.89,14528.788838
1786838400000,1882.9,1892.3,1869.41,1876.17,18056.509797
1786924800000,1876.26,1918.67,1872.61,1913.66,59068.714172
1787011200000,1913.66,1923.23,1885.84,1917.88,54322.754033
1787097600000,1917.88,2335.0,1906.09,2252.67,340349.904142
1787184000000,2252.67,2359.45,2222.83,2326.96,206654.844397
1787270400000,2326.82,2547.28,2325.0,2515.91,311423.492115
1787356800000,2516.07,2529.9,2384.0,2422.86,181460.204918
1787443200000,2422.57,2484.93,2356.19,2463.43,143727.769814
1787529600000,2463.42,2533.33,2424.23,2482.2,163347.643288
1787616000000,2482.03,2533.0,2414.92,2442.6,129150.722457
1787702400000,2442.67,2515.0,2432.41,2507.01,94588.321936
1787788800000,2507.02,2566.46,2481.87,2511.07,120225.677008
1787875200000,2511.1,2535.57,2405.83,2443.09,126519.342345
1787961600000,2443.1,2459.64,2430.51,2457.51,29742.702941
1788048000000,2457.51,2535.0,2388.0,2416.81,91901.019755
1788134400000,2416.94,2490.0,2401.52,2467.82,99106.832787
1788220800000,2467.64,2485.29,2383.45,2418.71,100725.810543
1788307200000,2418.72,2429.0,2356.72,2391.94,119693.58467
1788393600000,2391.91,2530.0,2370.0,2507.51,128241.182599
1788480000000,2507.41,2547.1,2431.0,2456.03,153249.108197
1788566400000,2456.03,2493.3,2445.0,2480.19,52183.575504
1788652800000,2480.11,2526.57,2460.0,2514.77,75170.648186
1788739200000,2514.61,2536.54,2466.0,2490.15,78540.357896
1788825600000,2490.15,2508.0,2441.67,2485.06,102684.931289
1788912000000,2485.06,2523.51,2443.13,2468.26,104287.770958
1788998400000,2468.42,2484.73,2405.91,2438.2,114411.664277
1789084800000,2438.28,2667.0,2434.2,2516.5,251140.817782
1789171200000,2516.51,2547.0,2509.06,2525.95,53969.632508
1789257600000,2525.89,2527.63,2461.54,2476.89,91071.36637
1789344000000,2476.93,2615.0,2464.52,2515.75,150699.08948
1789430400000,2515.4,2519.82,2358.1,2398.07,254700.643941
1789516800000,2398.24,2430.07,2368.72,2418.48,214812.393038
1789603200000,2418.48,2483.83,2413.86,2447.65,139035.479876
1789689600000,2447.12,2646.38,2436.91,2611.96,259760.655643
1789776000000,2611.9,2668.99,2603.31,2632.76,88498.523181
1789862400000,2632.77,2649.94,2564.14,2644.88,109176.810714
1789948800000,2645.08,2807.67,2643.98,2776.13,262194.601448
1790035200000,2776.14,2778.11,2716.0,2753.82,128561.5686
1790121600000,2754.06,2788.7,2635.23,2684.83,164012.276138
1790208000000,2684.84,2706.0,2628.18,2687.96,134248.433013
